2025-09-03 17:30:04,472 - root - INFO - Configuration de logging chargée avec succès.
2025-09-03 17:30:04,473 - main - INFO - Application démarrée
2025-09-03 17:30:04,657 - agents.agent_manager - INFO - Démarrage de la collecte et du traitement en parallèle...
2025-09-03 17:30:04,658 - workers.server_agents_worker - INFO - Démarrage de la collecte et du traitement pour la source : CHECKMK - VIC-T1
2025-09-03 17:30:04,658 - workers.server_agents_worker - INFO - Démarrage de la collecte et du traitement pour la source : CHECKMK - VIC-T0
2025-09-03 17:30:04,659 - workers.server_agents_worker - INFO - Démarrage de la collecte et du traitement pour la source : CHECKMK - OXYA-T0
2025-09-03 17:30:04,659 - workers.server_agents_worker - INFO - Démarrage de la collecte et du traitement pour la source : GLPI - GLPI-VCSI
2025-09-03 17:30:05,126 - CHECKMK - VIC-T0 - INFO - Normalisation terminée. 92 serveurs normalisés.
2025-09-03 17:30:05,126 - workers.server_agents_worker - INFO - Collecte terminée : 92 serveurs trouvés pour la source : CHECKMK - VIC-T0
2025-09-03 17:30:05,129 - workers.server_agents_worker - INFO - Données normalisées pour 'CHECKMK - VIC-T0' exportées avec succès vers exports\CHECKMK - VIC-T0.json
2025-09-03 17:30:05,140 - CHECKMK - OXYA-T0 - INFO - Normalisation terminée. 31 serveurs normalisés.
2025-09-03 17:30:05,140 - workers.server_agents_worker - INFO - Collecte terminée : 31 serveurs trouvés pour la source : CHECKMK - OXYA-T0
2025-09-03 17:30:05,142 - workers.server_agents_worker - INFO - Données normalisées pour 'CHECKMK - OXYA-T0' exportées avec succès vers exports\CHECKMK - OXYA-T0.json
2025-09-03 17:30:05,309 - GLPI - GLPI-VCSI - INFO - Normalisation terminée. 1041 serveurs normalisés.
2025-09-03 17:30:05,310 - workers.server_agents_worker - INFO - Collecte terminée : 1041 serveurs trouvés pour la source : GLPI - GLPI-VCSI
2025-09-03 17:30:05,326 - workers.server_agents_worker - INFO - Données normalisées pour 'GLPI - GLPI-VCSI' exportées avec succès vers exports\GLPI - GLPI-VCSI.json
2025-09-03 17:30:05,535 - CHECKMK - VIC-T1 - INFO - Normalisation terminée. 958 serveurs normalisés.
2025-09-03 17:30:05,536 - workers.server_agents_worker - INFO - Collecte terminée : 958 serveurs trouvés pour la source : CHECKMK - VIC-T1
2025-09-03 17:30:05,546 - workers.server_agents_worker - INFO - Données normalisées pour 'CHECKMK - VIC-T1' exportées avec succès vers exports\CHECKMK - VIC-T1.json
2025-09-03 17:30:05,548 - workers.server_agents_worker - INFO - Démarrage de la collecte et du traitement pour la source : GLPI - GLPI-VCSI
2025-09-03 17:30:05,549 - agents.rapid7_collector - GLPI-VCSI - ERROR - Erreur de requête HTTP pour le serveur vcf-vm-rover-mgmt-devops-agent: Invalid URL 'None': No scheme supplied. Perhaps you meant https://None?
2025-09-03 17:30:05,550 - agents.rapid7_collector - GLPI-VCSI - ERROR - Erreur de requête HTTP pour le serveur SRVTERWEILER: Invalid URL 'None': No scheme supplied. Perhaps you meant https://None?
2025-09-03 17:30:05,551 - agents.rapid7_collector - GLPI-VCSI - ERROR - Erreur de requête HTTP pour le serveur D01PRDADDSWDC01: Invalid URL 'None': No scheme supplied. Perhaps you meant https://None?
2025-09-03 17:30:05,551 - agents.rapid7_collector - GLPI-VCSI - ERROR - Erreur de requête HTTP pour le serveur FRHQSV994: Invalid URL 'None': No scheme supplied. Perhaps you meant https://None?
2025-09-03 17:30:05,553 - agents.rapid7_collector - GLPI-VCSI - ERROR - Erreur de requête HTTP pour le serveur FRHQSV956: Invalid URL 'None': No scheme supplied. Perhaps you meant https://None?
2025-09-03 17:30:05,553 - agents.rapid7_collector - GLPI-VCSI - ERROR - Erreur de requête HTTP pour le serveur D01PRDADDSWDC02: Invalid URL 'None': No scheme supplied. Perhaps you meant https://None?
2025-09-03 17:30:05,553 - agents.rapid7_collector - GLPI-VCSI - ERROR - Erreur de requête HTTP pour le serveur SRVTERIDFN01: Invalid URL 'None': No scheme supplied. Perhaps you meant https://None?
2025-09-03 17:30:05,554 - agents.rapid7_collector - GLPI-VCSI - ERROR - Erreur de requête HTTP pour le serveur SRVTERIDFN02: Invalid URL 'None': No scheme supplied. Perhaps you meant https://None?
2025-09-03 17:30:05,554 - agents.rapid7_collector - GLPI-VCSI - ERROR - Erreur de requête HTTP pour le serveur ENCPRDADDSWDC01: Invalid URL 'None': No scheme supplied. Perhaps you meant https://None?
2025-09-03 17:30:05,554 - agents.rapid7_collector - GLPI-VCSI - ERROR - Erreur de requête HTTP pour le serveur FRHQSV993: Invalid URL 'None': No scheme supplied. Perhaps you meant https://None?
2025-09-03 17:30:05,556 - agents.rapid7_collector - GLPI-VCSI - ERROR - Erreur de requête HTTP pour le serveur SRVTERVCTSW: Invalid URL 'None': No scheme supplied. Perhaps you meant https://None?
2025-09-03 17:30:05,557 - agents.rapid7_collector - GLPI-VCSI - ERROR - Erreur de requête HTTP pour le serveur vcf-vm-vcfmgtansi01: Invalid URL 'None': No scheme supplied. Perhaps you meant https://None?
2025-09-03 17:30:05,557 - agents.rapid7_collector - GLPI-VCSI - ERROR - Erreur de requête HTTP pour le serveur ENCPRDADDSWDC02: Invalid URL 'None': No scheme supplied. Perhaps you meant https://None?
2025-09-03 17:30:05,557 - agents.rapid7_collector - GLPI-VCSI - ERROR - Erreur de requête HTTP pour le serveur FRHQSV145: Invalid URL 'None': No scheme supplied. Perhaps you meant https://None?
2025-09-03 17:30:05,557 - agents.rapid7_collector - GLPI-VCSI - ERROR - Erreur de requête HTTP pour le serveur SRVTERATSO01: Invalid URL 'None': No scheme supplied. Perhaps you meant https://None?
2025-09-03 17:30:05,558 - agents.rapid7_collector - GLPI-VCSI - ERROR - Erreur de requête HTTP pour le serveur FRHQSV955: Invalid URL 'None': No scheme supplied. Perhaps you meant https://None?
2025-09-03 17:30:05,559 - agents.rapid7_collector - GLPI-VCSI - ERROR - Erreur de requête HTTP pour le serveur FRHQSV987: Invalid URL 'None': No scheme supplied. Perhaps you meant https://None?
2025-09-03 17:30:05,559 - agents.rapid7_collector - GLPI-VCSI - ERROR - Erreur de requête HTTP pour le serveur export-T1-2019: Invalid URL 'None': No scheme supplied. Perhaps you meant https://None?
2025-09-03 17:30:05,560 - agents.rapid7_collector - GLPI-VCSI - ERROR - Erreur de requête HTTP pour le serveur EXTPRDADDSWDC01: Invalid URL 'None': No scheme supplied. Perhaps you meant https://None?
2025-09-03 17:30:05,561 - agents.rapid7_collector - GLPI-VCSI - ERROR - Erreur de requête HTTP pour le serveur SRVTERPORTCOT: Invalid URL 'None': No scheme supplied. Perhaps you meant https://None?
2025-09-03 17:30:05,561 - agents.rapid7_collector - GLPI-VCSI - ERROR - Erreur de requête HTTP pour le serveur SRVTERGPL15: Invalid URL 'None': No scheme supplied. Perhaps you meant https://None?
2025-09-03 17:30:05,561 - agents.rapid7_collector - GLPI-VCSI - ERROR - Erreur de requête HTTP pour le serveur FRHQSV984: Invalid URL 'None': No scheme supplied. Perhaps you meant https://None?
2025-09-03 17:30:05,562 - agents.rapid7_collector - GLPI-VCSI - ERROR - Erreur de requête HTTP pour le serveur GRPPRDADDSWDC01: Invalid URL 'None': No scheme supplied. Perhaps you meant https://None?
2025-09-03 17:30:05,563 - agents.rapid7_collector - GLPI-VCSI - ERROR - Erreur de requête HTTP pour le serveur FRHQSV986: Invalid URL 'None': No scheme supplied. Perhaps you meant https://None?
2025-09-03 17:30:05,563 - agents.rapid7_collector - GLPI-VCSI - ERROR - Erreur de requête HTTP pour le serveur EXTPRDADDSWDC02: Invalid URL 'None': No scheme supplied. Perhaps you meant https://None?
2025-09-03 17:30:05,564 - agents.rapid7_collector - GLPI-VCSI - ERROR - Erreur de requête HTTP pour le serveur FRHQSV202: Invalid URL 'None': No scheme supplied. Perhaps you meant https://None?
2025-09-03 17:30:05,564 - agents.rapid7_collector - GLPI-VCSI - ERROR - Erreur de requête HTTP pour le serveur SRVTERATRA01: Invalid URL 'None': No scheme supplied. Perhaps you meant https://None?
2025-09-03 17:30:05,565 - agents.rapid7_collector - GLPI-VCSI - ERROR - Erreur de requête HTTP pour le serveur vm-chl-ppd-usc-gcom-002: Invalid URL 'None': No scheme supplied. Perhaps you meant https://None?
2025-09-03 17:30:05,565 - agents.rapid7_collector - GLPI-VCSI - ERROR - Erreur de requête HTTP pour le serveur SRVTERSOT01: Invalid URL 'None': No scheme supplied. Perhaps you meant https://None?
2025-09-03 17:30:05,566 - agents.rapid7_collector - GLPI-VCSI - ERROR - Erreur de requête HTTP pour le serveur FRHQSV985: Invalid URL 'None': No scheme supplied. Perhaps you meant https://None?
2025-09-03 17:30:05,566 - agents.rapid7_collector - GLPI-VCSI - ERROR - Erreur de requête HTTP pour le serveur VCT-0021: Invalid URL 'None': No scheme supplied. Perhaps you meant https://None?
2025-09-03 17:30:05,567 - agents.rapid7_collector - GLPI-VCSI - ERROR - Erreur de requête HTTP pour le serveur GRPPRDADDSWDC02: Invalid URL 'None': No scheme supplied. Perhaps you meant https://None?
2025-09-03 17:30:05,567 - agents.rapid7_collector - GLPI-VCSI - ERROR - Erreur de requête HTTP pour le serveur FRHQSV957: Invalid URL 'None': No scheme supplied. Perhaps you meant https://None?
2025-09-03 17:30:05,567 - agents.rapid7_collector - GLPI-VCSI - ERROR - Erreur de requête HTTP pour le serveur GRPPRDDST0ADM01: Invalid URL 'None': No scheme supplied. Perhaps you meant https://None?
2025-09-03 17:30:05,568 - agents.rapid7_collector - GLPI-VCSI - ERROR - Erreur de requête HTTP pour le serveur BGUPRDSQLAPP01: Invalid URL 'None': No scheme supplied. Perhaps you meant https://None?
2025-09-03 17:30:05,568 - agents.rapid7_collector - GLPI-VCSI - ERROR - Erreur de requête HTTP pour le serveur FRHQSV951: Invalid URL 'None': No scheme supplied. Perhaps you meant https://None?
2025-09-03 17:30:05,569 - agents.rapid7_collector - GLPI-VCSI - ERROR - Erreur de requête HTTP pour le serveur BGUPRDLVNAPP01: Invalid URL 'None': No scheme supplied. Perhaps you meant https://None?
2025-09-03 17:30:05,570 - agents.rapid7_collector - GLPI-VCSI - ERROR - Erreur de requête HTTP pour le serveur GRPPRDOOADFBE01: Invalid URL 'None': No scheme supplied. Perhaps you meant https://None?
2025-09-03 17:30:05,570 - agents.rapid7_collector - GLPI-VCSI - ERROR - Erreur de requête HTTP pour le serveur FRHQSV950: Invalid URL 'None': No scheme supplied. Perhaps you meant https://None?
2025-09-03 17:30:05,571 - agents.rapid7_collector - GLPI-VCSI - ERROR - Erreur de requête HTTP pour le serveur FRHQSV989: Invalid URL 'None': No scheme supplied. Perhaps you meant https://None?
2025-09-03 17:30:05,572 - agents.rapid7_collector - GLPI-VCSI - ERROR - Erreur de requête HTTP pour le serveur SRVTERCNM: Invalid URL 'None': No scheme supplied. Perhaps you meant https://None?
2025-09-03 17:30:05,572 - agents.rapid7_collector - GLPI-VCSI - ERROR - Erreur de requête HTTP pour le serveur HLDPRDADDSWDC01: Invalid URL 'None': No scheme supplied. Perhaps you meant https://None?
2025-09-03 17:30:05,572 - agents.rapid7_collector - GLPI-VCSI - ERROR - Erreur de requête HTTP pour le serveur vcf-vm-vcfmgtdast01: Invalid URL 'None': No scheme supplied. Perhaps you meant https://None?
2025-09-03 17:30:05,586 - agents.rapid7_collector - GLPI-VCSI - ERROR - Erreur de requête HTTP pour le serveur dbihomweuirsh: Invalid URL 'None': No scheme supplied. Perhaps you meant https://None?
2025-09-03 17:30:05,587 - agents.rapid7_collector - GLPI-VCSI - ERROR - Erreur de requête HTTP pour le serveur FRHQSV912: Invalid URL 'None': No scheme supplied. Perhaps you meant https://None?
2025-09-03 17:30:05,592 - agents.rapid7_collector - GLPI-VCSI - ERROR - Erreur de requête HTTP pour le serveur HLDPRDADDSWDC02: Invalid URL 'None': No scheme supplied. Perhaps you meant https://None?
2025-09-03 17:30:05,593 - agents.rapid7_collector - GLPI-VCSI - ERROR - Erreur de requête HTTP pour le serveur SRVTERCH9: Invalid URL 'None': No scheme supplied. Perhaps you meant https://None?
2025-09-03 17:30:05,595 - agents.rapid7_collector - GLPI-VCSI - ERROR - Erreur de requête HTTP pour le serveur SRVTERVPLAN: Invalid URL 'None': No scheme supplied. Perhaps you meant https://None?
2025-09-03 17:30:05,595 - agents.rapid7_collector - GLPI-VCSI - ERROR - Erreur de requête HTTP pour le serveur FRHQSV911: Invalid URL 'None': No scheme supplied. Perhaps you meant https://None?
2025-09-03 17:30:05,596 - agents.rapid7_collector - GLPI-VCSI - ERROR - Erreur de requête HTTP pour le serveur PLCPRDADDSWDC01: Invalid URL 'None': No scheme supplied. Perhaps you meant https://None?
2025-09-03 17:30:05,597 - agents.rapid7_collector - GLPI-VCSI - ERROR - Erreur de requête HTTP pour le serveur vcf-vm-sidev-release-agent-1: Invalid URL 'None': No scheme supplied. Perhaps you meant https://None?
2025-09-03 17:30:05,597 - agents.rapid7_collector - GLPI-VCSI - ERROR - Erreur de requête HTTP pour le serveur SRVTERDEMFAC: Invalid URL 'None': No scheme supplied. Perhaps you meant https://None?
2025-09-03 17:30:05,598 - agents.rapid7_collector - GLPI-VCSI - ERROR - Erreur de requête HTTP pour le serveur FRHQSV909: Invalid URL 'None': No scheme supplied. Perhaps you meant https://None?
2025-09-03 17:30:05,598 - agents.rapid7_collector - GLPI-VCSI - ERROR - Erreur de requête HTTP pour le serveur vm-chl-ppd-use-rdpbtxaus-005: Invalid URL 'None': No scheme supplied. Perhaps you meant https://None?
2025-09-03 17:30:05,599 - agents.rapid7_collector - GLPI-VCSI - ERROR - Erreur de requête HTTP pour le serveur SRVTERTPR01: Invalid URL 'None': No scheme supplied. Perhaps you meant https://None?
2025-09-03 17:30:05,599 - agents.rapid7_collector - GLPI-VCSI - ERROR - Erreur de requête HTTP pour le serveur EUR1035: Invalid URL 'None': No scheme supplied. Perhaps you meant https://None?
2025-09-03 17:30:05,599 - agents.rapid7_collector - GLPI-VCSI - ERROR - Erreur de requête HTTP pour le serveur PLCPRDADDSWDC02: Invalid URL 'None': No scheme supplied. Perhaps you meant https://None?
2025-09-03 17:30:05,600 - agents.rapid7_collector - GLPI-VCSI - ERROR - Erreur de requête HTTP pour le serveur VCFHOMVIKTAPP01: Invalid URL 'None': No scheme supplied. Perhaps you meant https://None?
2025-09-03 17:30:05,601 - agents.rapid7_collector - GLPI-VCSI - ERROR - Erreur de requête HTTP pour le serveur SOFPRDADDSWDC01: Invalid URL 'None': No scheme supplied. Perhaps you meant https://None?
2025-09-03 17:30:05,601 - agents.rapid7_collector - GLPI-VCSI - ERROR - Erreur de requête HTTP pour le serveur EUR1020: Invalid URL 'None': No scheme supplied. Perhaps you meant https://None?
2025-09-03 17:30:05,602 - agents.rapid7_collector - GLPI-VCSI - ERROR - Erreur de requête HTTP pour le serveur SRVTERPRINT: Invalid URL 'None': No scheme supplied. Perhaps you meant https://None?
2025-09-03 17:30:05,603 - agents.rapid7_collector - GLPI-VCSI - ERROR - Erreur de requête HTTP pour le serveur SOFPRDADDSWDC02: Invalid URL 'None': No scheme supplied. Perhaps you meant https://None?
2025-09-03 17:30:05,603 - agents.rapid7_collector - GLPI-VCSI - ERROR - Erreur de requête HTTP pour le serveur FRHQSV995: Invalid URL 'None': No scheme supplied. Perhaps you meant https://None?
2025-09-03 17:30:05,603 - agents.rapid7_collector - GLPI-VCSI - ERROR - Erreur de requête HTTP pour le serveur vcf-vm-sihom-release-agent-1: Invalid URL 'None': No scheme supplied. Perhaps you meant https://None?
2025-09-03 17:30:05,604 - agents.rapid7_collector - GLPI-VCSI - ERROR - Erreur de requête HTTP pour le serveur vcfprdavdgb-1: Invalid URL 'None': No scheme supplied. Perhaps you meant https://None?
2025-09-03 17:30:05,604 - agents.rapid7_collector - GLPI-VCSI - ERROR - Erreur de requête HTTP pour le serveur SRVTERURBALIA: Invalid URL 'None': No scheme supplied. Perhaps you meant https://None?
2025-09-03 17:30:05,604 - agents.rapid7_collector - GLPI-VCSI - ERROR - Erreur de requête HTTP pour le serveur SOFPRDMEPPPRX01: Invalid URL 'None': No scheme supplied. Perhaps you meant https://None?
2025-09-03 17:30:05,605 - agents.rapid7_collector - GLPI-VCSI - ERROR - Erreur de requête HTTP pour le serveur FRHQSV952: Invalid URL 'None': No scheme supplied. Perhaps you meant https://None?
2025-09-03 17:30:05,606 - agents.rapid7_collector - GLPI-VCSI - ERROR - Erreur de requête HTTP pour le serveur SRVTERVPLAPP01: Invalid URL 'None': No scheme supplied. Perhaps you meant https://None?
2025-09-03 17:30:05,606 - agents.rapid7_collector - GLPI-VCSI - ERROR - Erreur de requête HTTP pour le serveur vcfprdavdgb-2: Invalid URL 'None': No scheme supplied. Perhaps you meant https://None?
2025-09-03 17:30:05,607 - agents.rapid7_collector - GLPI-VCSI - ERROR - Erreur de requête HTTP pour le serveur SOFPRDMEPPPRX02: Invalid URL 'None': No scheme supplied. Perhaps you meant https://None?
2025-09-03 17:30:05,608 - agents.rapid7_collector - GLPI-VCSI - ERROR - Erreur de requête HTTP pour le serveur VICPRD3PARWIT01: Invalid URL 'None': No scheme supplied. Perhaps you meant https://None?
2025-09-03 17:30:05,609 - agents.rapid7_collector - GLPI-VCSI - ERROR - Erreur de requête HTTP pour le serveur vcf-vm-databidev-windows-agent-1: Invalid URL 'None': No scheme supplied. Perhaps you meant https://None?
2025-09-03 17:30:05,609 - agents.rapid7_collector - GLPI-VCSI - ERROR - Erreur de requête HTTP pour le serveur BGUPRDCRBAPP01: Invalid URL 'None': No scheme supplied. Perhaps you meant https://None?
2025-09-03 17:30:05,610 - agents.rapid7_collector - GLPI-VCSI - ERROR - Erreur de requête HTTP pour le serveur FRHQSV007: Invalid URL 'None': No scheme supplied. Perhaps you meant https://None?
2025-09-03 17:30:05,610 - agents.rapid7_collector - GLPI-VCSI - ERROR - Erreur de requête HTTP pour le serveur SRVTERCARL-ACC: Invalid URL 'None': No scheme supplied. Perhaps you meant https://None?
2025-09-03 17:30:05,611 - agents.rapid7_collector - GLPI-VCSI - ERROR - Erreur de requête HTTP pour le serveur SOSPRDADDSWDC01: Invalid URL 'None': No scheme supplied. Perhaps you meant https://None?
2025-09-03 17:30:05,611 - agents.rapid7_collector - GLPI-VCSI - ERROR - Erreur de requête HTTP pour le serveur vcf-vm-dbidevweuirsh: Invalid URL 'None': No scheme supplied. Perhaps you meant https://None?
2025-09-03 17:30:05,612 - agents.rapid7_collector - GLPI-VCSI - ERROR - Erreur de requête HTTP pour le serveur FRHQSV078: Invalid URL 'None': No scheme supplied. Perhaps you meant https://None?
2025-09-03 17:30:05,613 - agents.rapid7_collector - GLPI-VCSI - ERROR - Erreur de requête HTTP pour le serveur SOSPRDADDSWDC02: Invalid URL 'None': No scheme supplied. Perhaps you meant https://None?
2025-09-03 17:30:05,613 - agents.rapid7_collector - GLPI-VCSI - ERROR - Erreur de requête HTTP pour le serveur SRVTERCARL-PRD: Invalid URL 'None': No scheme supplied. Perhaps you meant https://None?
2025-09-03 17:30:05,614 - agents.rapid7_collector - GLPI-VCSI - ERROR - Erreur de requête HTTP pour le serveur CADCAZFW1: Invalid URL 'None': No scheme supplied. Perhaps you meant https://None?
2025-09-03 17:30:05,615 - agents.rapid7_collector - GLPI-VCSI - ERROR - Erreur de requête HTTP pour le serveur FRHQSV017: Invalid URL 'None': No scheme supplied. Perhaps you meant https://None?
2025-09-03 17:30:05,615 - agents.rapid7_collector - GLPI-VCSI - ERROR - Erreur de requête HTTP pour le serveur SRVTERPRN: Invalid URL 'None': No scheme supplied. Perhaps you meant https://None?
2025-09-03 17:30:05,616 - agents.rapid7_collector - GLPI-VCSI - ERROR - Erreur de requête HTTP pour le serveur CAAZ-DNS-01: Invalid URL 'None': No scheme supplied. Perhaps you meant https://None?
2025-09-03 17:30:05,617 - agents.rapid7_collector - GLPI-VCSI - ERROR - Erreur de requête HTTP pour le serveur Surebackup-VirtualLab-PA3: Invalid URL 'None': No scheme supplied. Perhaps you meant https://None?
2025-09-03 17:30:05,617 - agents.rapid7_collector - GLPI-VCSI - ERROR - Erreur de requête HTTP pour le serveur FRHQSV996: Invalid URL 'None': No scheme supplied. Perhaps you meant https://None?
2025-09-03 17:30:05,618 - agents.rapid7_collector - GLPI-VCSI - ERROR - Erreur de requête HTTP pour le serveur BGUPRDIMPAPP01: Invalid URL 'None': No scheme supplied. Perhaps you meant https://None?
2025-09-03 17:30:05,619 - agents.rapid7_collector - GLPI-VCSI - ERROR - Erreur de requête HTTP pour le serveur CADCAZ-JUMP-01: Invalid URL 'None': No scheme supplied. Perhaps you meant https://None?
2025-09-03 17:30:05,619 - agents.rapid7_collector - GLPI-VCSI - ERROR - Erreur de requête HTTP pour le serveur Surebackup-VirtualLab-PA4: Invalid URL 'None': No scheme supplied. Perhaps you meant https://None?
2025-09-03 17:30:05,619 - agents.rapid7_collector - GLPI-VCSI - ERROR - Erreur de requête HTTP pour le serveur FRHQSV777: Invalid URL 'None': No scheme supplied. Perhaps you meant https://None?
2025-09-03 17:30:05,620 - agents.rapid7_collector - GLPI-VCSI - ERROR - Erreur de requête HTTP pour le serveur vcf-vm-bi-ops-1: Invalid URL 'None': No scheme supplied. Perhaps you meant https://None?
2025-09-03 17:30:05,620 - agents.rapid7_collector - GLPI-VCSI - ERROR - Erreur de requête HTTP pour le serveur TEMPLATE-DC: Invalid URL 'None': No scheme supplied. Perhaps you meant https://None?
2025-09-03 17:30:05,621 - agents.rapid7_collector - GLPI-VCSI - ERROR - Erreur de requête HTTP pour le serveur EUROPKI: Invalid URL 'None': No scheme supplied. Perhaps you meant https://None?
2025-09-03 17:30:05,621 - agents.rapid7_collector - GLPI-VCSI - ERROR - Erreur de requête HTTP pour le serveur VGPPRDPRINT01: Invalid URL 'None': No scheme supplied. Perhaps you meant https://None?
2025-09-03 17:30:05,622 - agents.rapid7_collector - GLPI-VCSI - ERROR - Erreur de requête HTTP pour le serveur ENGSV000007: Invalid URL 'None': No scheme supplied. Perhaps you meant https://None?
2025-09-03 17:30:05,622 - agents.rapid7_collector - GLPI-VCSI - ERROR - Erreur de requête HTTP pour le serveur vcfhomadv-0: Invalid URL 'None': No scheme supplied. Perhaps you meant https://None?
2025-09-03 17:30:05,623 - agents.rapid7_collector - GLPI-VCSI - ERROR - Erreur de requête HTTP pour le serveur TEMPLATE-NONDC: Invalid URL 'None': No scheme supplied. Perhaps you meant https://None?
2025-09-03 17:30:05,623 - agents.rapid7_collector - GLPI-VCSI - ERROR - Erreur de requête HTTP pour le serveur FRHQSV201: Invalid URL 'None': No scheme supplied. Perhaps you meant https://None?
2025-09-03 17:30:05,624 - agents.rapid7_collector - GLPI-VCSI - ERROR - Erreur de requête HTTP pour le serveur vcfhomavd-2: Invalid URL 'None': No scheme supplied. Perhaps you meant https://None?
2025-09-03 17:30:05,624 - agents.rapid7_collector - GLPI-VCSI - ERROR - Erreur de requête HTTP pour le serveur ENCPRDVPNAPP01: Invalid URL 'None': No scheme supplied. Perhaps you meant https://None?
2025-09-03 17:30:05,625 - agents.rapid7_collector - GLPI-VCSI - ERROR - Erreur de requête HTTP pour le serveur vcfdevadfsapp51: Invalid URL 'None': No scheme supplied. Perhaps you meant https://None?
2025-09-03 17:30:05,625 - agents.rapid7_collector - GLPI-VCSI - ERROR - Erreur de requête HTTP pour le serveur WifiGuest: Invalid URL 'None': No scheme supplied. Perhaps you meant https://None?
2025-09-03 17:30:05,626 - agents.rapid7_collector - GLPI-VCSI - ERROR - Erreur de requête HTTP pour le serveur vcfhomavd-3: Invalid URL 'None': No scheme supplied. Perhaps you meant https://None?
2025-09-03 17:30:05,626 - agents.rapid7_collector - GLPI-VCSI - ERROR - Erreur de requête HTTP pour le serveur vcfdevadfsapp52: Invalid URL 'None': No scheme supplied. Perhaps you meant https://None?
2025-09-03 17:30:05,627 - agents.rapid7_collector - GLPI-VCSI - ERROR - Erreur de requête HTTP pour le serveur SRVTERLIC01: Invalid URL 'None': No scheme supplied. Perhaps you meant https://None?
2025-09-03 17:30:05,627 - agents.rapid7_collector - GLPI-VCSI - ERROR - Erreur de requête HTTP pour le serveur FRHQSV997: Invalid URL 'None': No scheme supplied. Perhaps you meant https://None?
2025-09-03 17:30:05,628 - agents.rapid7_collector - GLPI-VCSI - ERROR - Erreur de requête HTTP pour le serveur vcfhomadfsapp51: Invalid URL 'None': No scheme supplied. Perhaps you meant https://None?
2025-09-03 17:30:05,628 - agents.rapid7_collector - GLPI-VCSI - ERROR - Erreur de requête HTTP pour le serveur vcfhomavd-4: Invalid URL 'None': No scheme supplied. Perhaps you meant https://None?
2025-09-03 17:30:05,629 - agents.rapid7_collector - GLPI-VCSI - ERROR - Erreur de requête HTTP pour le serveur VGP-0010: Invalid URL 'None': No scheme supplied. Perhaps you meant https://None?
2025-09-03 17:30:05,630 - agents.rapid7_collector - GLPI-VCSI - ERROR - Erreur de requête HTTP pour le serveur GLRESITSV911: Invalid URL 'None': No scheme supplied. Perhaps you meant https://None?
2025-09-03 17:30:05,630 - agents.rapid7_collector - GLPI-VCSI - ERROR - Erreur de requête HTTP pour le serveur vcfhomadfsapp52: Invalid URL 'None': No scheme supplied. Perhaps you meant https://None?
2025-09-03 17:30:05,630 - agents.rapid7_collector - GLPI-VCSI - ERROR - Erreur de requête HTTP pour le serveur FRHQSV034: Invalid URL 'None': No scheme supplied. Perhaps you meant https://None?
2025-09-03 17:30:05,632 - agents.rapid7_collector - GLPI-VCSI - ERROR - Erreur de requête HTTP pour le serveur DCBPRDLIC01: Invalid URL 'None': No scheme supplied. Perhaps you meant https://None?
2025-09-03 17:30:05,632 - agents.rapid7_collector - GLPI-VCSI - ERROR - Erreur de requête HTTP pour le serveur vcfhomwin11-2: Invalid URL 'None': No scheme supplied. Perhaps you meant https://None?
2025-09-03 17:30:05,642 - agents.rapid7_collector - GLPI-VCSI - ERROR - Erreur de requête HTTP pour le serveur AZ-INFORMATICA-UAT: Invalid URL 'None': No scheme supplied. Perhaps you meant https://None?
2025-09-03 17:30:05,633 - agents.rapid7_collector - GLPI-VCSI - ERROR - Erreur de requête HTTP pour le serveur FRHQSVXXX: Invalid URL 'None': No scheme supplied. Perhaps you meant https://None?
2025-09-03 17:30:05,634 - agents.rapid7_collector - GLPI-VCSI - ERROR - Erreur de requête HTTP pour le serveur ENCPRDTKLLIC01: Invalid URL 'None': No scheme supplied. Perhaps you meant https://None?
2025-09-03 17:30:05,634 - agents.rapid7_collector - GLPI-VCSI - ERROR - Erreur de requête HTTP pour le serveur VCFPRDADDSWDC50: Invalid URL 'None': No scheme supplied. Perhaps you meant https://None?
2025-09-03 17:30:05,635 - agents.rapid7_collector - GLPI-VCSI - ERROR - Erreur de requête HTTP pour le serveur VCFPRDADDSWDC51: Invalid URL 'None': No scheme supplied. Perhaps you meant https://None?
2025-09-03 17:30:05,635 - agents.rapid7_collector - GLPI-VCSI - ERROR - Erreur de requête HTTP pour le serveur vcfhomwin11-4: Invalid URL 'None': No scheme supplied. Perhaps you meant https://None?
2025-09-03 17:30:05,639 - agents.rapid7_collector - GLPI-VCSI - ERROR - Erreur de requête HTTP pour le serveur SRVTERDT2I: Invalid URL 'None': No scheme supplied. Perhaps you meant https://None?
2025-09-03 17:30:05,641 - agents.rapid7_collector - GLPI-VCSI - ERROR - Erreur de requête HTTP pour le serveur ENCPRDAPPWEB01: Invalid URL 'None': No scheme supplied. Perhaps you meant https://None?
2025-09-03 17:30:05,632 - agents.rapid7_collector - GLPI-VCSI - ERROR - Erreur de requête HTTP pour le serveur vcfhomwin11-3: Invalid URL 'None': No scheme supplied. Perhaps you meant https://None?
2025-09-03 17:30:05,642 - agents.rapid7_collector - GLPI-VCSI - ERROR - Erreur de requête HTTP pour le serveur EUR1003: Invalid URL 'None': No scheme supplied. Perhaps you meant https://None?
2025-09-03 17:30:05,642 - agents.rapid7_collector - GLPI-VCSI - ERROR - Erreur de requête HTTP pour le serveur FRHQDC901: Invalid URL 'None': No scheme supplied. Perhaps you meant https://None?
2025-09-03 17:30:05,643 - agents.rapid7_collector - GLPI-VCSI - ERROR - Erreur de requête HTTP pour le serveur VCFPRDADDSWDC52: Invalid URL 'None': No scheme supplied. Perhaps you meant https://None?
2025-09-03 17:30:05,656 - agents.rapid7_collector - GLPI-VCSI - ERROR - Erreur de requête HTTP pour le serveur VDTPRDADDSWDC01: Invalid URL 'None': No scheme supplied. Perhaps you meant https://None?
2025-09-03 17:30:05,656 - agents.rapid7_collector - GLPI-VCSI - ERROR - Erreur de requête HTTP pour le serveur VGPPRDMSTR01: Invalid URL 'None': No scheme supplied. Perhaps you meant https://None?
2025-09-03 17:30:05,644 - agents.rapid7_collector - GLPI-VCSI - ERROR - Erreur de requête HTTP pour le serveur EUR1015: Invalid URL 'None': No scheme supplied. Perhaps you meant https://None?
2025-09-03 17:30:05,665 - agents.rapid7_collector - GLPI-VCSI - ERROR - Erreur de requête HTTP pour le serveur ENCPRDCANEAPP01: Invalid URL 'None': No scheme supplied. Perhaps you meant https://None?
2025-09-03 17:30:05,645 - agents.rapid7_collector - GLPI-VCSI - ERROR - Erreur de requête HTTP pour le serveur VCFPRDADFSAPP51: Invalid URL 'None': No scheme supplied. Perhaps you meant https://None?
2025-09-03 17:30:05,668 - agents.rapid7_collector - GLPI-VCSI - ERROR - Erreur de requête HTTP pour le serveur AZ-MWD-01: Invalid URL 'None': No scheme supplied. Perhaps you meant https://None?
2025-09-03 17:30:05,647 - agents.rapid7_collector - GLPI-VCSI - ERROR - Erreur de requête HTTP pour le serveur ENCPRDSAMAPP01: Invalid URL 'None': No scheme supplied. Perhaps you meant https://None?
2025-09-03 17:30:05,647 - agents.rapid7_collector - GLPI-VCSI - ERROR - Erreur de requête HTTP pour le serveur vcf-vm-ibimprd-release-agent-1: Invalid URL 'None': No scheme supplied. Perhaps you meant https://None?
2025-09-03 17:30:05,647 - agents.rapid7_collector - GLPI-VCSI - ERROR - Erreur de requête HTTP pour le serveur vcf-vm: Invalid URL 'None': No scheme supplied. Perhaps you meant https://None?
2025-09-03 17:30:05,648 - agents.rapid7_collector - GLPI-VCSI - ERROR - Erreur de requête HTTP pour le serveur VCFPRDADFSAPP52: Invalid URL 'None': No scheme supplied. Perhaps you meant https://None?
2025-09-03 17:30:05,649 - agents.rapid7_collector - GLPI-VCSI - ERROR - Erreur de requête HTTP pour le serveur INTE71: Invalid URL 'None': No scheme supplied. Perhaps you meant https://None?
2025-09-03 17:30:05,649 - agents.rapid7_collector - GLPI-VCSI - ERROR - Erreur de requête HTTP pour le serveur DCBPRDNPS02: Invalid URL 'None': No scheme supplied. Perhaps you meant https://None?
2025-09-03 17:30:05,650 - agents.rapid7_collector - GLPI-VCSI - ERROR - Erreur de requête HTTP pour le serveur vcf-vm-siprd-release-agent-1: Invalid URL 'None': No scheme supplied. Perhaps you meant https://None?
2025-09-03 17:30:05,651 - agents.rapid7_collector - GLPI-VCSI - ERROR - Erreur de requête HTTP pour le serveur VCFPRDMEPPPRX01: Invalid URL 'None': No scheme supplied. Perhaps you meant https://None?
2025-09-03 17:30:05,651 - agents.rapid7_collector - GLPI-VCSI - ERROR - Erreur de requête HTTP pour le serveur EUR1004: Invalid URL 'None': No scheme supplied. Perhaps you meant https://None?
2025-09-03 17:30:05,652 - agents.rapid7_collector - GLPI-VCSI - ERROR - Erreur de requête HTTP pour le serveur ENCPRDFILMAPP01: Invalid URL 'None': No scheme supplied. Perhaps you meant https://None?
2025-09-03 17:30:05,652 - agents.rapid7_collector - GLPI-VCSI - ERROR - Erreur de requête HTTP pour le serveur HEBVMFWPRDAE001: Invalid URL 'None': No scheme supplied. Perhaps you meant https://None?
2025-09-03 17:30:05,653 - agents.rapid7_collector - GLPI-VCSI - ERROR - Erreur de requête HTTP pour le serveur FRHQSV205: Invalid URL 'None': No scheme supplied. Perhaps you meant https://None?
2025-09-03 17:30:05,654 - agents.rapid7_collector - GLPI-VCSI - ERROR - Erreur de requête HTTP pour le serveur ENCPRDRISKAPP01: Invalid URL 'None': No scheme supplied. Perhaps you meant https://None?
2025-09-03 17:30:05,654 - agents.rapid7_collector - GLPI-VCSI - ERROR - Erreur de requête HTTP pour le serveur VCFPRDMEPPPRX02: Invalid URL 'None': No scheme supplied. Perhaps you meant https://None?
2025-09-03 17:30:05,655 - agents.rapid7_collector - GLPI-VCSI - ERROR - Erreur de requête HTTP pour le serveur AZ-CC-01: Invalid URL 'None': No scheme supplied. Perhaps you meant https://None?
2025-09-03 17:30:05,644 - agents.rapid7_collector - GLPI-VCSI - ERROR - Erreur de requête HTTP pour le serveur DCBPRDSEQ01: Invalid URL 'None': No scheme supplied. Perhaps you meant https://None?
2025-09-03 17:30:05,657 - agents.rapid7_collector - GLPI-VCSI - ERROR - Erreur de requête HTTP pour le serveur FRHQSV650: Invalid URL 'None': No scheme supplied. Perhaps you meant https://None?
2025-09-03 17:30:05,644 - agents.rapid7_collector - GLPI-VCSI - ERROR - Erreur de requête HTTP pour le serveur VCFPRDADDSWDC53: Invalid URL 'None': No scheme supplied. Perhaps you meant https://None?
2025-09-03 17:30:05,658 - agents.rapid7_collector - GLPI-VCSI - ERROR - Erreur de requête HTTP pour le serveur AZ-FORTIGATE-01: Invalid URL 'None': No scheme supplied. Perhaps you meant https://None?
2025-09-03 17:30:05,659 - agents.rapid7_collector - GLPI-VCSI - ERROR - Erreur de requête HTTP pour le serveur GLRESITSV026: Invalid URL 'None': No scheme supplied. Perhaps you meant https://None?
2025-09-03 17:30:05,645 - agents.rapid7_collector - GLPI-VCSI - ERROR - Erreur de requête HTTP pour le serveur HEBVMFWPRDFRC01: Invalid URL 'None': No scheme supplied. Perhaps you meant https://None?
2025-09-03 17:30:05,667 - agents.rapid7_collector - GLPI-VCSI - ERROR - Erreur de requête HTTP pour le serveur VDTPRDADDSWDC02: Invalid URL 'None': No scheme supplied. Perhaps you meant https://None?
2025-09-03 17:30:05,646 - agents.rapid7_collector - GLPI-VCSI - ERROR - Erreur de requête HTTP pour le serveur FRHQSV800: Invalid URL 'None': No scheme supplied. Perhaps you meant https://None?
2025-09-03 17:30:05,669 - agents.rapid7_collector - GLPI-VCSI - ERROR - Erreur de requête HTTP pour le serveur CLFRA000DC003: Invalid URL 'None': No scheme supplied. Perhaps you meant https://None?
2025-09-03 17:30:05,670 - agents.rapid7_collector - GLPI-VCSI - ERROR - Erreur de requête HTTP pour le serveur VGPPRDADDSWDC01: Invalid URL 'None': No scheme supplied. Perhaps you meant https://None?
2025-09-03 17:30:05,671 - agents.rapid7_collector - GLPI-VCSI - ERROR - Erreur de requête HTTP pour le serveur ENCPRDAPPTSE01: Invalid URL 'None': No scheme supplied. Perhaps you meant https://None?
2025-09-03 17:30:05,671 - agents.rapid7_collector - GLPI-VCSI - ERROR - Erreur de requête HTTP pour le serveur AZ-NCENTRAL-01: Invalid URL 'None': No scheme supplied. Perhaps you meant https://None?
2025-09-03 17:30:05,672 - agents.rapid7_collector - GLPI-VCSI - ERROR - Erreur de requête HTTP pour le serveur FRHQDC902: Invalid URL 'None': No scheme supplied. Perhaps you meant https://None?
2025-09-03 17:30:05,675 - agents.rapid7_collector - GLPI-VCSI - ERROR - Erreur de requête HTTP pour le serveur VGPPRDADDSWDC02: Invalid URL 'None': No scheme supplied. Perhaps you meant https://None?
2025-09-03 17:30:05,676 - agents.rapid7_collector - GLPI-VCSI - ERROR - Erreur de requête HTTP pour le serveur SRVTERIURETUD: Invalid URL 'None': No scheme supplied. Perhaps you meant https://None?
2025-09-03 17:30:05,676 - agents.rapid7_collector - GLPI-VCSI - ERROR - Erreur de requête HTTP pour le serveur FRHQSV930: Invalid URL 'None': No scheme supplied. Perhaps you meant https://None?
2025-09-03 17:30:05,677 - agents.rapid7_collector - GLPI-VCSI - ERROR - Erreur de requête HTTP pour le serveur AZ-RAPID7ORCH-01: Invalid URL 'None': No scheme supplied. Perhaps you meant https://None?
2025-09-03 17:30:05,677 - agents.rapid7_collector - GLPI-VCSI - ERROR - Erreur de requête HTTP pour le serveur vicdevadfsfbe02: Invalid URL 'None': No scheme supplied. Perhaps you meant https://None?
2025-09-03 17:30:05,678 - agents.rapid7_collector - GLPI-VCSI - ERROR - Erreur de requête HTTP pour le serveur VGPPRDSYS01: Invalid URL 'None': No scheme supplied. Perhaps you meant https://None?
2025-09-03 17:30:05,678 - agents.rapid7_collector - GLPI-VCSI - ERROR - Erreur de requête HTTP pour le serveur AZ-RAPID7SCAN-01: Invalid URL 'None': No scheme supplied. Perhaps you meant https://None?
2025-09-03 17:30:05,679 - agents.rapid7_collector - GLPI-VCSI - ERROR - Erreur de requête HTTP pour le serveur eurvnsxc01l-NSX-controller-1: Invalid URL 'None': No scheme supplied. Perhaps you meant https://None?
2025-09-03 17:30:05,679 - agents.rapid7_collector - GLPI-VCSI - ERROR - Erreur de requête HTTP pour le serveur vicppdadfsfbe05: Invalid URL 'None': No scheme supplied. Perhaps you meant https://None?
2025-09-03 17:30:05,680 - agents.rapid7_collector - GLPI-VCSI - ERROR - Erreur de requête HTTP pour le serveur ENCPRDAPPGED01: Invalid URL 'None': No scheme supplied. Perhaps you meant https://None?
2025-09-03 17:30:05,680 - agents.rapid7_collector - GLPI-VCSI - ERROR - Erreur de requête HTTP pour le serveur vcf-vm-rtcheck: Invalid URL 'None': No scheme supplied. Perhaps you meant https://None?
2025-09-03 17:30:05,680 - agents.rapid7_collector - GLPI-VCSI - ERROR - Erreur de requête HTTP pour le serveur EUR1038: Invalid URL 'None': No scheme supplied. Perhaps you meant https://None?
2025-09-03 17:30:05,681 - agents.rapid7_collector - GLPI-VCSI - ERROR - Erreur de requête HTTP pour le serveur VGPPRDSRV01: Invalid URL 'None': No scheme supplied. Perhaps you meant https://None?
2025-09-03 17:30:05,682 - agents.rapid7_collector - GLPI-VCSI - ERROR - Erreur de requête HTTP pour le serveur vicppdadfsfbe06: Invalid URL 'None': No scheme supplied. Perhaps you meant https://None?
2025-09-03 17:30:05,682 - agents.rapid7_collector - GLPI-VCSI - ERROR - Erreur de requête HTTP pour le serveur DCBPRDNPS01: Invalid URL 'None': No scheme supplied. Perhaps you meant https://None?
2025-09-03 17:30:05,682 - agents.rapid7_collector - GLPI-VCSI - ERROR - Erreur de requête HTTP pour le serveur vm-chl-prd-usc-bitumixcl-003: Invalid URL 'None': No scheme supplied. Perhaps you meant https://None?
2025-09-03 17:30:05,683 - agents.rapid7_collector - GLPI-VCSI - ERROR - Erreur de requête HTTP pour le serveur FRHQSV750: Invalid URL 'None': No scheme supplied. Perhaps you meant https://None?
2025-09-03 17:30:05,684 - agents.rapid7_collector - GLPI-VCSI - ERROR - Erreur de requête HTTP pour le serveur VICPRDADDSWDC01: Invalid URL 'None': No scheme supplied. Perhaps you meant https://None?
2025-09-03 17:30:05,684 - agents.rapid7_collector - GLPI-VCSI - ERROR - Erreur de requête HTTP pour le serveur vm-chl-prd-usc-inventarioTI-006: Invalid URL 'None': No scheme supplied. Perhaps you meant https://None?
2025-09-03 17:30:05,685 - agents.rapid7_collector - GLPI-VCSI - ERROR - Erreur de requête HTTP pour le serveur FRHQSV1000: Invalid URL 'None': No scheme supplied. Perhaps you meant https://None?
2025-09-03 17:30:05,685 - agents.rapid7_collector - GLPI-VCSI - ERROR - Erreur de requête HTTP pour le serveur VICPRDADDSWDC02: Invalid URL 'None': No scheme supplied. Perhaps you meant https://None?
2025-09-03 17:30:05,686 - agents.rapid7_collector - GLPI-VCSI - ERROR - Erreur de requête HTTP pour le serveur ENCPRDQHSEAPP01: Invalid URL 'None': No scheme supplied. Perhaps you meant https://None?
2025-09-03 17:30:05,686 - agents.rapid7_collector - GLPI-VCSI - ERROR - Erreur de requête HTTP pour le serveur vm-chl-prd-use-rdpbtxaus-005: Invalid URL 'None': No scheme supplied. Perhaps you meant https://None?
2025-09-03 17:30:05,687 - agents.rapid7_collector - GLPI-VCSI - ERROR - Erreur de requête HTTP pour le serveur VICPRDADFSAPP51: Invalid URL 'None': No scheme supplied. Perhaps you meant https://None?
2025-09-03 17:30:05,687 - agents.rapid7_collector - GLPI-VCSI - ERROR - Erreur de requête HTTP pour le serveur eurvnsxc02l-NSX-controller-2: Invalid URL 'None': No scheme supplied. Perhaps you meant https://None?
2025-09-03 17:30:05,688 - agents.rapid7_collector - GLPI-VCSI - ERROR - Erreur de requête HTTP pour le serveur ENCPRDAVEVAPP01: Invalid URL 'None': No scheme supplied. Perhaps you meant https://None?
2025-09-03 17:30:05,688 - agents.rapid7_collector - GLPI-VCSI - ERROR - Erreur de requête HTTP pour le serveur EAD3-FR2: Invalid URL 'None': No scheme supplied. Perhaps you meant https://None?
2025-09-03 17:30:05,689 - agents.rapid7_collector - GLPI-VCSI - ERROR - Erreur de requête HTTP pour le serveur VICPRDADFSAPP52: Invalid URL 'None': No scheme supplied. Perhaps you meant https://None?
2025-09-03 17:30:05,697 - agents.rapid7_collector - GLPI-VCSI - ERROR - Erreur de requête HTTP pour le serveur coweudnsfwd01: Invalid URL 'None': No scheme supplied. Perhaps you meant https://None?
2025-09-03 17:30:05,690 - agents.rapid7_collector - GLPI-VCSI - ERROR - Erreur de requête HTTP pour le serveur SRVTERLIC02: Invalid URL 'None': No scheme supplied. Perhaps you meant https://None?
2025-09-03 17:30:05,690 - agents.rapid7_collector - GLPI-VCSI - ERROR - Erreur de requête HTTP pour le serveur vcfdevsonar01: Invalid URL 'None': No scheme supplied. Perhaps you meant https://None?
2025-09-03 17:30:05,691 - agents.rapid7_collector - GLPI-VCSI - ERROR - Erreur de requête HTTP pour le serveur vicprdadfsfbe05: Invalid URL 'None': No scheme supplied. Perhaps you meant https://None?
2025-09-03 17:30:05,691 - agents.rapid7_collector - GLPI-VCSI - ERROR - Erreur de requête HTTP pour le serveur FREF92-001SV111: Invalid URL 'None': No scheme supplied. Perhaps you meant https://None?
2025-09-03 17:30:05,692 - agents.rapid7_collector - GLPI-VCSI - ERROR - Erreur de requête HTTP pour le serveur ENCPRDCGEDAPP01: Invalid URL 'None': No scheme supplied. Perhaps you meant https://None?
2025-09-03 17:30:05,692 - agents.rapid7_collector - GLPI-VCSI - ERROR - Erreur de requête HTTP pour le serveur eurvnsxc03l-NSX-controller-3: Invalid URL 'None': No scheme supplied. Perhaps you meant https://None?
2025-09-03 17:30:05,693 - agents.rapid7_collector - GLPI-VCSI - ERROR - Erreur de requête HTTP pour le serveur vcfprdsonar01: Invalid URL 'None': No scheme supplied. Perhaps you meant https://None?
2025-09-03 17:30:05,694 - agents.rapid7_collector - GLPI-VCSI - ERROR - Erreur de requête HTTP pour le serveur vicprdadfsfbe06: Invalid URL 'None': No scheme supplied. Perhaps you meant https://None?
2025-09-03 17:30:05,694 - agents.rapid7_collector - GLPI-VCSI - ERROR - Erreur de requête HTTP pour le serveur ENCPRDAVEVAPP02: Invalid URL 'None': No scheme supplied. Perhaps you meant https://None?
2025-09-03 17:30:05,694 - agents.rapid7_collector - GLPI-VCSI - ERROR - Erreur de requête HTTP pour le serveur GLRESITDC901: Invalid URL 'None': No scheme supplied. Perhaps you meant https://None?
2025-09-03 17:30:05,695 - agents.rapid7_collector - GLPI-VCSI - ERROR - Erreur de requête HTTP pour le serveur vicprdazacapp01: Invalid URL 'None': No scheme supplied. Perhaps you meant https://None?
2025-09-03 17:30:05,695 - agents.rapid7_collector - GLPI-VCSI - ERROR - Erreur de requête HTTP pour le serveur vmprdvktorwrk01: Invalid URL 'None': No scheme supplied. Perhaps you meant https://None?
2025-09-03 17:30:05,703 - agents.rapid7_collector - GLPI-VCSI - ERROR - Erreur de requête HTTP pour le serveur HEBVMBGSDEV01: Invalid URL 'None': No scheme supplied. Perhaps you meant https://None?
2025-09-03 17:30:05,696 - agents.rapid7_collector - GLPI-VCSI - ERROR - Erreur de requête HTTP pour le serveur ENCPRDAPPPDM01: Invalid URL 'None': No scheme supplied. Perhaps you meant https://None?
2025-09-03 17:30:05,704 - agents.rapid7_collector - GLPI-VCSI - ERROR - Erreur de requête HTTP pour le serveur vicprdazacapp04: Invalid URL 'None': No scheme supplied. Perhaps you meant https://None?
2025-09-03 17:30:05,705 - agents.rapid7_collector - GLPI-VCSI - ERROR - Erreur de requête HTTP pour le serveur GLRESITDC902: Invalid URL 'None': No scheme supplied. Perhaps you meant https://None?
2025-09-03 17:30:05,698 - agents.rapid7_collector - GLPI-VCSI - ERROR - Erreur de requête HTTP pour le serveur ENCPRDDEVILIC01: Invalid URL 'None': No scheme supplied. Perhaps you meant https://None?
2025-09-03 17:30:05,699 - agents.rapid7_collector - GLPI-VCSI - ERROR - Erreur de requête HTTP pour le serveur coweudnsfwd02: Invalid URL 'None': No scheme supplied. Perhaps you meant https://None?
2025-09-03 17:30:05,705 - agents.rapid7_collector - GLPI-VCSI - ERROR - Erreur de requête HTTP pour le serveur HEBVMMOLDEV01: Invalid URL 'None': No scheme supplied. Perhaps you meant https://None?
2025-09-03 17:30:05,700 - agents.rapid7_collector - GLPI-VCSI - ERROR - Erreur de requête HTTP pour le serveur VBADGES-ETF: Invalid URL 'None': No scheme supplied. Perhaps you meant https://None?
2025-09-03 17:30:05,700 - agents.rapid7_collector - GLPI-VCSI - ERROR - Erreur de requête HTTP pour le serveur TGPPRDITWO01: Invalid URL 'None': No scheme supplied. Perhaps you meant https://None?
2025-09-03 17:30:05,689 - agents.rapid7_collector - GLPI-VCSI - ERROR - Erreur de requête HTTP pour le serveur vm-chl-prd-usc-gcom-back-002: Invalid URL 'None': No scheme supplied. Perhaps you meant https://None?
2025-09-03 17:30:05,698 - agents.rapid7_collector - GLPI-VCSI - ERROR - Erreur de requête HTTP pour le serveur VICPRDAZACAPP02: Invalid URL 'None': No scheme supplied. Perhaps you meant https://None?
2025-09-03 17:30:05,699 - agents.rapid7_collector - GLPI-VCSI - ERROR - Erreur de requête HTTP pour le serveur vicprdazacapp03: Invalid URL 'None': No scheme supplied. Perhaps you meant https://None?
2025-09-03 17:30:05,697 - agents.rapid7_collector - GLPI-VCSI - ERROR - Erreur de requête HTTP pour le serveur EUR1002: Invalid URL 'None': No scheme supplied. Perhaps you meant https://None?
2025-09-03 17:30:05,708 - agents.rapid7_collector - GLPI-VCSI - ERROR - Erreur de requête HTTP pour le serveur SRVTERIURARCH: Invalid URL 'None': No scheme supplied. Perhaps you meant https://None?
2025-09-03 17:30:05,708 - agents.rapid7_collector - GLPI-VCSI - ERROR - Erreur de requête HTTP pour le serveur vicprdbrokfbe00: Invalid URL 'None': No scheme supplied. Perhaps you meant https://None?
2025-09-03 17:30:05,709 - agents.rapid7_collector - GLPI-VCSI - ERROR - Erreur de requête HTTP pour le serveur FRHQSV1006: Invalid URL 'None': No scheme supplied. Perhaps you meant https://None?
2025-09-03 17:30:05,710 - agents.rapid7_collector - GLPI-VCSI - ERROR - Erreur de requête HTTP pour le serveur HEBVMMOLDEV02: Invalid URL 'None': No scheme supplied. Perhaps you meant https://None?
2025-09-03 17:30:05,710 - agents.rapid7_collector - GLPI-VCSI - ERROR - Erreur de requête HTTP pour le serveur ENCPRDECCOAPP01: Invalid URL 'None': No scheme supplied. Perhaps you meant https://None?
2025-09-03 17:30:05,712 - agents.rapid7_collector - GLPI-VCSI - ERROR - Erreur de requête HTTP pour le serveur vicprdbrokfbe02: Invalid URL 'None': No scheme supplied. Perhaps you meant https://None?
2025-09-03 17:30:05,712 - agents.rapid7_collector - GLPI-VCSI - ERROR - Erreur de requête HTTP pour le serveur FRHQMLTSV003: Invalid URL 'None': No scheme supplied. Perhaps you meant https://None?
2025-09-03 17:30:05,725 - agents.rapid7_collector - GLPI-VCSI - ERROR - Erreur de requête HTTP pour le serveur EUR1037: Invalid URL 'None': No scheme supplied. Perhaps you meant https://None?
2025-09-03 17:30:05,714 - agents.rapid7_collector - GLPI-VCSI - ERROR - Erreur de requête HTTP pour le serveur FRHQDC906: Invalid URL 'None': No scheme supplied. Perhaps you meant https://None?
2025-09-03 17:30:05,715 - agents.rapid7_collector - GLPI-VCSI - ERROR - Erreur de requête HTTP pour le serveur dbiprdweuirsh: Invalid URL 'None': No scheme supplied. Perhaps you meant https://None?
2025-09-03 17:30:05,729 - agents.rapid7_collector - GLPI-VCSI - ERROR - Erreur de requête HTTP pour le serveur HEBVMZPAPRD03: Invalid URL 'None': No scheme supplied. Perhaps you meant https://None?
2025-09-03 17:30:05,715 - agents.rapid7_collector - GLPI-VCSI - ERROR - Erreur de requête HTTP pour le serveur ENCPRDLNMKAPP01: Invalid URL 'None': No scheme supplied. Perhaps you meant https://None?
2025-09-03 17:30:05,731 - agents.rapid7_collector - GLPI-VCSI - ERROR - Erreur de requête HTTP pour le serveur VICPRDCERTWKG01: Invalid URL 'None': No scheme supplied. Perhaps you meant https://None?
2025-09-03 17:30:05,717 - agents.rapid7_collector - GLPI-VCSI - ERROR - Erreur de requête HTTP pour le serveur HEBVMMGMPRD00: Invalid URL 'None': No scheme supplied. Perhaps you meant https://None?
2025-09-03 17:30:05,718 - agents.rapid7_collector - GLPI-VCSI - ERROR - Erreur de requête HTTP pour le serveur HEBVMRDLPRD01: Invalid URL 'None': No scheme supplied. Perhaps you meant https://None?
2025-09-03 17:30:05,733 - agents.rapid7_collector - GLPI-VCSI - ERROR - Erreur de requête HTTP pour le serveur VICPRDCERTWKG02: Invalid URL 'None': No scheme supplied. Perhaps you meant https://None?
2025-09-03 17:30:05,719 - agents.rapid7_collector - GLPI-VCSI - ERROR - Erreur de requête HTTP pour le serveur VGPPRDSYS02: Invalid URL 'None': No scheme supplied. Perhaps you meant https://None?
2025-09-03 17:30:05,719 - agents.rapid7_collector - GLPI-VCSI - ERROR - Erreur de requête HTTP pour le serveur VICPRDCERTFBE02: Invalid URL 'None': No scheme supplied. Perhaps you meant https://None?
2025-09-03 17:30:05,719 - agents.rapid7_collector - GLPI-VCSI - ERROR - Erreur de requête HTTP pour le serveur FRHQSV1007: Invalid URL 'None': No scheme supplied. Perhaps you meant https://None?
2025-09-03 17:30:05,720 - agents.rapid7_collector - GLPI-VCSI - ERROR - Erreur de requête HTTP pour le serveur VICPRDCERTFBE03: Invalid URL 'None': No scheme supplied. Perhaps you meant https://None?
2025-09-03 17:30:05,720 - agents.rapid7_collector - GLPI-VCSI - ERROR - Erreur de requête HTTP pour le serveur HEBVMRDLPRD02: Invalid URL 'None': No scheme supplied. Perhaps you meant https://None?
2025-09-03 17:30:05,721 - agents.rapid7_collector - GLPI-VCSI - ERROR - Erreur de requête HTTP pour le serveur VICPRDCERTFBE04: Invalid URL 'None': No scheme supplied. Perhaps you meant https://None?
2025-09-03 17:30:05,721 - agents.rapid7_collector - GLPI-VCSI - ERROR - Erreur de requête HTTP pour le serveur FRHQSV1008: Invalid URL 'None': No scheme supplied. Perhaps you meant https://None?
2025-09-03 17:30:05,722 - agents.rapid7_collector - GLPI-VCSI - ERROR - Erreur de requête HTTP pour le serveur DCBPRDSQL01: Invalid URL 'None': No scheme supplied. Perhaps you meant https://None?
2025-09-03 17:30:05,722 - agents.rapid7_collector - GLPI-VCSI - ERROR - Erreur de requête HTTP pour le serveur HEBVMRPDPRD01: Invalid URL 'None': No scheme supplied. Perhaps you meant https://None?
2025-09-03 17:30:05,723 - agents.rapid7_collector - GLPI-VCSI - ERROR - Erreur de requête HTTP pour le serveur VICPRDCERTFBE05: Invalid URL 'None': No scheme supplied. Perhaps you meant https://None?
2025-09-03 17:30:05,723 - agents.rapid7_collector - GLPI-VCSI - ERROR - Erreur de requête HTTP pour le serveur EUR1039: Invalid URL 'None': No scheme supplied. Perhaps you meant https://None?
2025-09-03 17:30:05,724 - agents.rapid7_collector - GLPI-VCSI - ERROR - Erreur de requête HTTP pour le serveur SRVTERDIRETU: Invalid URL 'None': No scheme supplied. Perhaps you meant https://None?
2025-09-03 17:30:05,724 - agents.rapid7_collector - GLPI-VCSI - ERROR - Erreur de requête HTTP pour le serveur VICPRDCERTFBE06: Invalid URL 'None': No scheme supplied. Perhaps you meant https://None?
2025-09-03 17:30:05,713 - agents.rapid7_collector - GLPI-VCSI - ERROR - Erreur de requête HTTP pour le serveur DGPPRDL1501: Invalid URL 'None': No scheme supplied. Perhaps you meant https://None?
2025-09-03 17:30:05,726 - agents.rapid7_collector - GLPI-VCSI - ERROR - Erreur de requête HTTP pour le serveur HEBVMZPAPRD00: Invalid URL 'None': No scheme supplied. Perhaps you meant https://None?
2025-09-03 17:30:05,728 - agents.rapid7_collector - GLPI-VCSI - ERROR - Erreur de requête HTTP pour le serveur FRHQSV1018: Invalid URL 'None': No scheme supplied. Perhaps you meant https://None?
2025-09-03 17:30:05,729 - agents.rapid7_collector - GLPI-VCSI - ERROR - Erreur de requête HTTP pour le serveur SRVTERUPD: Invalid URL 'None': No scheme supplied. Perhaps you meant https://None?
2025-09-03 17:30:05,730 - agents.rapid7_collector - GLPI-VCSI - ERROR - Erreur de requête HTTP pour le serveur ENCPRDPRIMSQL01: Invalid URL 'None': No scheme supplied. Perhaps you meant https://None?
2025-09-03 17:30:05,715 - agents.rapid7_collector - GLPI-VCSI - ERROR - Erreur de requête HTTP pour le serveur VICPRDCERTFBE01: Invalid URL 'None': No scheme supplied. Perhaps you meant https://None?
2025-09-03 17:30:05,716 - agents.rapid7_collector - GLPI-VCSI - ERROR - Erreur de requête HTTP pour le serveur SRVTERVCT01: Invalid URL 'None': No scheme supplied. Perhaps you meant https://None?
2025-09-03 17:30:05,732 - agents.rapid7_collector - GLPI-VCSI - ERROR - Erreur de requête HTTP pour le serveur pbs-azure: Invalid URL 'None': No scheme supplied. Perhaps you meant https://None?
2025-09-03 17:30:05,732 - agents.rapid7_collector - GLPI-VCSI - ERROR - Erreur de requête HTTP pour le serveur FRHQSV1015: Invalid URL 'None': No scheme supplied. Perhaps you meant https://None?
2025-09-03 17:30:05,719 - agents.rapid7_collector - GLPI-VCSI - ERROR - Erreur de requête HTTP pour le serveur EUR1044: Invalid URL 'None': No scheme supplied. Perhaps you meant https://None?
2025-09-03 17:30:05,734 - agents.rapid7_collector - GLPI-VCSI - ERROR - Erreur de requête HTTP pour le serveur VCFPRDRP7CSE01: Invalid URL 'None': No scheme supplied. Perhaps you meant https://None?
2025-09-03 17:30:05,734 - agents.rapid7_collector - GLPI-VCSI - ERROR - Erreur de requête HTTP pour le serveur DCB-Cisco-Meraki-vMX: Invalid URL 'None': No scheme supplied. Perhaps you meant https://None?
2025-09-03 17:30:05,735 - agents.rapid7_collector - GLPI-VCSI - ERROR - Erreur de requête HTTP pour le serveur VICPRDCHMKFBE04: Invalid URL 'None': No scheme supplied. Perhaps you meant https://None?
2025-09-03 17:30:05,735 - agents.rapid7_collector - GLPI-VCSI - ERROR - Erreur de requête HTTP pour le serveur FRHQSV1009: Invalid URL 'None': No scheme supplied. Perhaps you meant https://None?
2025-09-03 17:30:05,735 - agents.rapid7_collector - GLPI-VCSI - ERROR - Erreur de requête HTTP pour le serveur SRVSUDCA: Invalid URL 'None': No scheme supplied. Perhaps you meant https://None?
2025-09-03 17:30:05,736 - agents.rapid7_collector - GLPI-VCSI - ERROR - Erreur de requête HTTP pour le serveur DCBPRDCAP01: Invalid URL 'None': No scheme supplied. Perhaps you meant https://None?
2025-09-03 17:30:05,738 - agents.rapid7_collector - GLPI-VCSI - ERROR - Erreur de requête HTTP pour le serveur VICPRDDST0ADM02: Invalid URL 'None': No scheme supplied. Perhaps you meant https://None?
2025-09-03 17:30:05,738 - agents.rapid7_collector - GLPI-VCSI - ERROR - Erreur de requête HTTP pour le serveur FRHQSV1014: Invalid URL 'None': No scheme supplied. Perhaps you meant https://None?
2025-09-03 17:30:05,739 - agents.rapid7_collector - GLPI-VCSI - ERROR - Erreur de requête HTTP pour le serveur VGPPRDHYDR01: Invalid URL 'None': No scheme supplied. Perhaps you meant https://None?
2025-09-03 17:30:05,739 - agents.rapid7_collector - GLPI-VCSI - ERROR - Erreur de requête HTTP pour le serveur HEBVMBGSPRD03: Invalid URL 'None': No scheme supplied. Perhaps you meant https://None?
2025-09-03 17:30:05,740 - agents.rapid7_collector - GLPI-VCSI - ERROR - Erreur de requête HTTP pour le serveur EUR1045: Invalid URL 'None': No scheme supplied. Perhaps you meant https://None?
2025-09-03 17:30:05,740 - agents.rapid7_collector - GLPI-VCSI - ERROR - Erreur de requête HTTP pour le serveur VICPRDDSTOADM01: Invalid URL 'None': No scheme supplied. Perhaps you meant https://None?
2025-09-03 17:30:05,741 - agents.rapid7_collector - GLPI-VCSI - ERROR - Erreur de requête HTTP pour le serveur ENCPRDGEDSQL01: Invalid URL 'None': No scheme supplied. Perhaps you meant https://None?
2025-09-03 17:30:05,741 - agents.rapid7_collector - GLPI-VCSI - ERROR - Erreur de requête HTTP pour le serveur HEBVMBGSPRD04: Invalid URL 'None': No scheme supplied. Perhaps you meant https://None?
2025-09-03 17:30:05,741 - agents.rapid7_collector - GLPI-VCSI - ERROR - Erreur de requête HTTP pour le serveur FRHQSV186: Invalid URL 'None': No scheme supplied. Perhaps you meant https://None?
2025-09-03 17:30:05,742 - agents.rapid7_collector - GLPI-VCSI - ERROR - Erreur de requête HTTP pour le serveur VICPRDFILEAPP01: Invalid URL 'None': No scheme supplied. Perhaps you meant https://None?
2025-09-03 17:30:05,750 - agents.rapid7_collector - GLPI-VCSI - ERROR - Erreur de requête HTTP pour le serveur SOFDMZNUVAPP002: Invalid URL 'None': No scheme supplied. Perhaps you meant https://None?
2025-09-03 17:30:05,743 - agents.rapid7_collector - GLPI-VCSI - ERROR - Erreur de requête HTTP pour le serveur HEBVMEXPPRD01: Invalid URL 'None': No scheme supplied. Perhaps you meant https://None?
2025-09-03 17:30:05,744 - agents.rapid7_collector - GLPI-VCSI - ERROR - Erreur de requête HTTP pour le serveur FRHQSV1012: Invalid URL 'None': No scheme supplied. Perhaps you meant https://None?
2025-09-03 17:30:05,745 - agents.rapid7_collector - GLPI-VCSI - ERROR - Erreur de requête HTTP pour le serveur VICPRDINFRADM01: Invalid URL 'None': No scheme supplied. Perhaps you meant https://None?
2025-09-03 17:30:05,745 - agents.rapid7_collector - GLPI-VCSI - ERROR - Erreur de requête HTTP pour le serveur HEBVMMOLPRD01: Invalid URL 'None': No scheme supplied. Perhaps you meant https://None?
2025-09-03 17:30:05,745 - agents.rapid7_collector - GLPI-VCSI - ERROR - Erreur de requête HTTP pour le serveur VCFPRDCLUSFSW02: Invalid URL 'None': No scheme supplied. Perhaps you meant https://None?
2025-09-03 17:30:05,746 - agents.rapid7_collector - GLPI-VCSI - ERROR - Erreur de requête HTTP pour le serveur FRHQSV1017: Invalid URL 'None': No scheme supplied. Perhaps you meant https://None?
2025-09-03 17:30:05,747 - agents.rapid7_collector - GLPI-VCSI - ERROR - Erreur de requête HTTP pour le serveur VICPRDINFRAPP11: Invalid URL 'None': No scheme supplied. Perhaps you meant https://None?
2025-09-03 17:30:05,747 - agents.rapid7_collector - GLPI-VCSI - ERROR - Erreur de requête HTTP pour le serveur HEBVMMOLPRD02: Invalid URL 'None': No scheme supplied. Perhaps you meant https://None?
2025-09-03 17:30:05,748 - agents.rapid7_collector - GLPI-VCSI - ERROR - Erreur de requête HTTP pour le serveur SOFDMZNUVAPP001: Invalid URL 'None': No scheme supplied. Perhaps you meant https://None?
2025-09-03 17:30:05,748 - agents.rapid7_collector - GLPI-VCSI - ERROR - Erreur de requête HTTP pour le serveur VICPRDINFRAPP12: Invalid URL 'None': No scheme supplied. Perhaps you meant https://None?
2025-09-03 17:30:05,749 - agents.rapid7_collector - GLPI-VCSI - ERROR - Erreur de requête HTTP pour le serveur FRHQMLTSV910: Invalid URL 'None': No scheme supplied. Perhaps you meant https://None?
2025-09-03 17:30:05,749 - agents.rapid7_collector - GLPI-VCSI - ERROR - Erreur de requête HTTP pour le serveur HEBVMMOLPRD03: Invalid URL 'None': No scheme supplied. Perhaps you meant https://None?
2025-09-03 17:30:05,743 - agents.rapid7_collector - GLPI-VCSI - ERROR - Erreur de requête HTTP pour le serveur ENCPRDVTPSAPP01: Invalid URL 'None': No scheme supplied. Perhaps you meant https://None?
2025-09-03 17:30:05,750 - agents.rapid7_collector - GLPI-VCSI - ERROR - Erreur de requête HTTP pour le serveur vm-eur-uat-frc-chmd-bastion001: Invalid URL 'None': No scheme supplied. Perhaps you meant https://None?
2025-09-03 17:30:05,751 - agents.rapid7_collector - GLPI-VCSI - ERROR - Erreur de requête HTTP pour le serveur VICPRDINFRLIC02: Invalid URL 'None': No scheme supplied. Perhaps you meant https://None?
2025-09-03 17:30:05,751 - agents.rapid7_collector - GLPI-VCSI - ERROR - Erreur de requête HTTP pour le serveur ESFRA000DC002: Invalid URL 'None': No scheme supplied. Perhaps you meant https://None?
2025-09-03 17:30:05,752 - agents.rapid7_collector - GLPI-VCSI - ERROR - Erreur de requête HTTP pour le serveur SOFDMZHTEINT01: Invalid URL 'None': No scheme supplied. Perhaps you meant https://None?
2025-09-03 17:30:05,752 - agents.rapid7_collector - GLPI-VCSI - ERROR - Erreur de requête HTTP pour le serveur HEBVMFSWPRD01: Invalid URL 'None': No scheme supplied. Perhaps you meant https://None?
2025-09-03 17:30:05,755 - agents.rapid7_collector - GLPI-VCSI - ERROR - Erreur de requête HTTP pour le serveur FRHQSV1010: Invalid URL 'None': No scheme supplied. Perhaps you meant https://None?
2025-09-03 17:30:05,753 - agents.rapid7_collector - GLPI-VCSI - ERROR - Erreur de requête HTTP pour le serveur FRHQSV1019: Invalid URL 'None': No scheme supplied. Perhaps you meant https://None?
2025-09-03 17:30:05,754 - agents.rapid7_collector - GLPI-VCSI - ERROR - Erreur de requête HTTP pour le serveur SOFPRDSOFAPP001: Invalid URL 'None': No scheme supplied. Perhaps you meant https://None?
2025-09-03 17:30:05,754 - agents.rapid7_collector - GLPI-VCSI - ERROR - Erreur de requête HTTP pour le serveur HEBVMGPLPRD01: Invalid URL 'None': No scheme supplied. Perhaps you meant https://None?
2025-09-03 17:30:05,755 - agents.rapid7_collector - GLPI-VCSI - ERROR - Erreur de requête HTTP pour le serveur VICPRDMEPPPRX01: Invalid URL 'None': No scheme supplied. Perhaps you meant https://None?
2025-09-03 17:30:05,774 - agents.rapid7_collector - GLPI-VCSI - ERROR - Erreur de requête HTTP pour le serveur VICPRDVEEABCK04: Invalid URL 'None': No scheme supplied. Perhaps you meant https://None?
2025-09-03 17:30:05,753 - agents.rapid7_collector - GLPI-VCSI - ERROR - Erreur de requête HTTP pour le serveur VICPRDINFRLIC03: Invalid URL 'None': No scheme supplied. Perhaps you meant https://None?
2025-09-03 17:30:05,756 - agents.rapid7_collector - GLPI-VCSI - ERROR - Erreur de requête HTTP pour le serveur HEBVMINTPRD01: Invalid URL 'None': No scheme supplied. Perhaps you meant https://None?
2025-09-03 17:30:05,755 - agents.rapid7_collector - GLPI-VCSI - ERROR - Erreur de requête HTTP pour le serveur SOFDMZNUVAPP003: Invalid URL 'None': No scheme supplied. Perhaps you meant https://None?
2025-09-03 17:30:05,757 - agents.rapid7_collector - GLPI-VCSI - ERROR - Erreur de requête HTTP pour le serveur FRHQSV1020: Invalid URL 'None': No scheme supplied. Perhaps you meant https://None?
2025-09-03 17:30:05,757 - agents.rapid7_collector - GLPI-VCSI - ERROR - Erreur de requête HTTP pour le serveur HEBVMRCBPRD01: Invalid URL 'None': No scheme supplied. Perhaps you meant https://None?
2025-09-03 17:30:05,760 - agents.rapid7_collector - GLPI-VCSI - ERROR - Erreur de requête HTTP pour le serveur DGC-0039: Invalid URL 'None': No scheme supplied. Perhaps you meant https://None?
2025-09-03 17:30:05,768 - agents.rapid7_collector - GLPI-VCSI - ERROR - Erreur de requête HTTP pour le serveur VICPRDMMDTFBE01: Invalid URL 'None': No scheme supplied. Perhaps you meant https://None?
2025-09-03 17:30:05,769 - agents.rapid7_collector - GLPI-VCSI - ERROR - Erreur de requête HTTP pour le serveur FRHQVMXXX: Invalid URL 'None': No scheme supplied. Perhaps you meant https://None?
2025-09-03 17:30:05,769 - agents.rapid7_collector - GLPI-VCSI - ERROR - Erreur de requête HTTP pour le serveur HEBVMRFSPRD01: Invalid URL 'None': No scheme supplied. Perhaps you meant https://None?
2025-09-03 17:30:05,770 - agents.rapid7_collector - GLPI-VCSI - ERROR - Erreur de requête HTTP pour le serveur VGPPOCFIL01: Invalid URL 'None': No scheme supplied. Perhaps you meant https://None?
2025-09-03 17:30:05,770 - agents.rapid7_collector - GLPI-VCSI - ERROR - Erreur de requête HTTP pour le serveur VICPRDSCANFBE01: Invalid URL 'None': No scheme supplied. Perhaps you meant https://None?
2025-09-03 17:30:05,771 - agents.rapid7_collector - GLPI-VCSI - ERROR - Erreur de requête HTTP pour le serveur FRHQMLTSV911: Invalid URL 'None': No scheme supplied. Perhaps you meant https://None?
2025-09-03 17:30:05,771 - agents.rapid7_collector - GLPI-VCSI - ERROR - Erreur de requête HTTP pour le serveur HEBVMRSHPRD01: Invalid URL 'None': No scheme supplied. Perhaps you meant https://None?
2025-09-03 17:30:05,772 - agents.rapid7_collector - GLPI-VCSI - ERROR - Erreur de requête HTTP pour le serveur FRHQSV1024: Invalid URL 'None': No scheme supplied. Perhaps you meant https://None?
2025-09-03 17:30:05,788 - agents.rapid7_collector - GLPI-VCSI - ERROR - Erreur de requête HTTP pour le serveur VICPRDVPAMACM03: Invalid URL 'None': No scheme supplied. Perhaps you meant https://None?
2025-09-03 17:30:05,773 - agents.rapid7_collector - GLPI-VCSI - ERROR - Erreur de requête HTTP pour le serveur VCFPRDFILORES01: Invalid URL 'None': No scheme supplied. Perhaps you meant https://None?
2025-09-03 17:30:05,790 - agents.rapid7_collector - GLPI-VCSI - ERROR - Erreur de requête HTTP pour le serveur DCBPRDRAD01: Invalid URL 'None': No scheme supplied. Perhaps you meant https://None?
2025-09-03 17:30:05,774 - agents.rapid7_collector - GLPI-VCSI - ERROR - Erreur de requête HTTP pour le serveur F000C002: Invalid URL 'None': No scheme supplied. Perhaps you meant https://None?
2025-09-03 17:30:05,775 - agents.rapid7_collector - GLPI-VCSI - ERROR - Erreur de requête HTTP pour le serveur DED-0016: Invalid URL 'None': No scheme supplied. Perhaps you meant https://None?
2025-09-03 17:30:05,757 - agents.rapid7_collector - GLPI-VCSI - ERROR - Erreur de requête HTTP pour le serveur VICPRDMEPPPRX02: Invalid URL 'None': No scheme supplied. Perhaps you meant https://None?
2025-09-03 17:30:05,775 - agents.rapid7_collector - GLPI-VCSI - ERROR - Erreur de requête HTTP pour le serveur vm-eur-sse-frc-eprp-001: Invalid URL 'None': No scheme supplied. Perhaps you meant https://None?
2025-09-03 17:30:05,776 - agents.rapid7_collector - GLPI-VCSI - ERROR - Erreur de requête HTTP pour le serveur VICPRDVEEAPRX07: Invalid URL 'None': No scheme supplied. Perhaps you meant https://None?
2025-09-03 17:30:05,777 - agents.rapid7_collector - GLPI-VCSI - ERROR - Erreur de requête HTTP pour le serveur VCOp-SXWEBw01: Invalid URL 'None': No scheme supplied. Perhaps you meant https://None?
2025-09-03 17:30:05,777 - agents.rapid7_collector - GLPI-VCSI - ERROR - Erreur de requête HTTP pour le serveur GLRESITSV030: Invalid URL 'None': No scheme supplied. Perhaps you meant https://None?
2025-09-03 17:30:05,778 - agents.rapid7_collector - GLPI-VCSI - ERROR - Erreur de requête HTTP pour le serveur vm-swc-prd-aus-soc-001: Invalid URL 'None': No scheme supplied. Perhaps you meant https://None?
2025-09-03 17:30:05,778 - agents.rapid7_collector - GLPI-VCSI - ERROR - Erreur de requête HTTP pour le serveur VICPRDVEEAPRX08: Invalid URL 'None': No scheme supplied. Perhaps you meant https://None?
2025-09-03 17:30:05,778 - agents.rapid7_collector - GLPI-VCSI - ERROR - Erreur de requête HTTP pour le serveur VCFPRDADFSWAP52: Invalid URL 'None': No scheme supplied. Perhaps you meant https://None?
2025-09-03 17:30:05,780 - agents.rapid7_collector - GLPI-VCSI - ERROR - Erreur de requête HTTP pour le serveur VICPRDVMWAVCE00: Invalid URL 'None': No scheme supplied. Perhaps you meant https://None?
2025-09-03 17:30:05,781 - agents.rapid7_collector - GLPI-VCSI - ERROR - Erreur de requête HTTP pour le serveur RESPKI: Invalid URL 'None': No scheme supplied. Perhaps you meant https://None?
2025-09-03 17:30:05,781 - agents.rapid7_collector - GLPI-VCSI - ERROR - Erreur de requête HTTP pour le serveur weu-bi-prod-mysql-vm: Invalid URL 'None': No scheme supplied. Perhaps you meant https://None?
2025-09-03 17:30:05,782 - agents.rapid7_collector - GLPI-VCSI - ERROR - Erreur de requête HTTP pour le serveur VCFHOMADFSWAP51: Invalid URL 'None': No scheme supplied. Perhaps you meant https://None?
2025-09-03 17:30:05,782 - agents.rapid7_collector - GLPI-VCSI - ERROR - Erreur de requête HTTP pour le serveur FRHQSV1021: Invalid URL 'None': No scheme supplied. Perhaps you meant https://None?
2025-09-03 17:30:05,783 - agents.rapid7_collector - GLPI-VCSI - ERROR - Erreur de requête HTTP pour le serveur VICPRDVPAMACM02: Invalid URL 'None': No scheme supplied. Perhaps you meant https://None?
2025-09-03 17:30:05,784 - agents.rapid7_collector - GLPI-VCSI - ERROR - Erreur de requête HTTP pour le serveur weu-bi-stg-mysql-vm: Invalid URL 'None': No scheme supplied. Perhaps you meant https://None?
2025-09-03 17:30:05,785 - agents.rapid7_collector - GLPI-VCSI - ERROR - Erreur de requête HTTP pour le serveur FRHQSV1022: Invalid URL 'None': No scheme supplied. Perhaps you meant https://None?
2025-09-03 17:30:05,785 - agents.rapid7_collector - GLPI-VCSI - ERROR - Erreur de requête HTTP pour le serveur DGC-0044: Invalid URL 'None': No scheme supplied. Perhaps you meant https://None?
2025-09-03 17:30:05,786 - agents.rapid7_collector - GLPI-VCSI - ERROR - Erreur de requête HTTP pour le serveur DCBPRDPAP01: Invalid URL 'None': No scheme supplied. Perhaps you meant https://None?
2025-09-03 17:30:05,773 - agents.rapid7_collector - GLPI-VCSI - ERROR - Erreur de requête HTTP pour le serveur VICPRDSFTPAPP01: Invalid URL 'None': No scheme supplied. Perhaps you meant https://None?
2025-09-03 17:30:05,789 - agents.rapid7_collector - GLPI-VCSI - ERROR - Erreur de requête HTTP pour le serveur DED-0018: Invalid URL 'None': No scheme supplied. Perhaps you meant https://None?
2025-09-03 17:30:05,774 - agents.rapid7_collector - GLPI-VCSI - ERROR - Erreur de requête HTTP pour le serveur HEBVMSQLPRD01: Invalid URL 'None': No scheme supplied. Perhaps you meant https://None?
2025-09-03 17:30:05,791 - agents.rapid7_collector - GLPI-VCSI - ERROR - Erreur de requête HTTP pour le serveur FRHQSV1023: Invalid URL 'None': No scheme supplied. Perhaps you meant https://None?
2025-09-03 17:30:05,792 - agents.rapid7_collector - GLPI-VCSI - ERROR - Erreur de requête HTTP pour le serveur VICPRDVPAMRDS01: Invalid URL 'None': No scheme supplied. Perhaps you meant https://None?
2025-09-03 17:30:05,793 - agents.rapid7_collector - GLPI-VCSI - ERROR - Erreur de requête HTTP pour le serveur DCBPRDSQL03: Invalid URL 'None': No scheme supplied. Perhaps you meant https://None?
2025-09-03 17:30:05,793 - agents.rapid7_collector - GLPI-VCSI - ERROR - Erreur de requête HTTP pour le serveur DGC-0004: Invalid URL 'None': No scheme supplied. Perhaps you meant https://None?
2025-09-03 17:30:05,794 - agents.rapid7_collector - GLPI-VCSI - ERROR - Erreur de requête HTTP pour le serveur VICPRDVPAMRDS02: Invalid URL 'None': No scheme supplied. Perhaps you meant https://None?
2025-09-03 17:30:05,795 - agents.rapid7_collector - GLPI-VCSI - ERROR - Erreur de requête HTTP pour le serveur GLRESITSV910: Invalid URL 'None': No scheme supplied. Perhaps you meant https://None?
2025-09-03 17:30:05,796 - agents.rapid7_collector - GLPI-VCSI - ERROR - Erreur de requête HTTP pour le serveur DCBPRDWDV01: Invalid URL 'None': No scheme supplied. Perhaps you meant https://None?
2025-09-03 17:30:05,796 - agents.rapid7_collector - GLPI-VCSI - ERROR - Erreur de requête HTTP pour le serveur VICPRDVULNAPP02: Invalid URL 'None': No scheme supplied. Perhaps you meant https://None?
2025-09-03 17:30:05,797 - agents.rapid7_collector - GLPI-VCSI - ERROR - Erreur de requête HTTP pour le serveur DED-0012: Invalid URL 'None': No scheme supplied. Perhaps you meant https://None?
2025-09-03 17:30:05,797 - agents.rapid7_collector - GLPI-VCSI - ERROR - Erreur de requête HTTP pour le serveur FRHQSV1025: Invalid URL 'None': No scheme supplied. Perhaps you meant https://None?
2025-09-03 17:30:05,798 - agents.rapid7_collector - GLPI-VCSI - ERROR - Erreur de requête HTTP pour le serveur FRHQSV1026: Invalid URL 'None': No scheme supplied. Perhaps you meant https://None?
2025-09-03 17:30:05,798 - agents.rapid7_collector - GLPI-VCSI - ERROR - Erreur de requête HTTP pour le serveur DGPPRDSQL01: Invalid URL 'None': No scheme supplied. Perhaps you meant https://None?
2025-09-03 17:30:05,799 - agents.rapid7_collector - GLPI-VCSI - ERROR - Erreur de requête HTTP pour le serveur DGC-0023: Invalid URL 'None': No scheme supplied. Perhaps you meant https://None?
2025-09-03 17:30:05,800 - agents.rapid7_collector - GLPI-VCSI - ERROR - Erreur de requête HTTP pour le serveur VICPRDWECSFBE01: Invalid URL 'None': No scheme supplied. Perhaps you meant https://None?
2025-09-03 17:30:05,801 - agents.rapid7_collector - GLPI-VCSI - ERROR - Erreur de requête HTTP pour le serveur VICPRDWSUSFBE02: Invalid URL 'None': No scheme supplied. Perhaps you meant https://None?
2025-09-03 17:30:05,802 - agents.rapid7_collector - GLPI-VCSI - ERROR - Erreur de requête HTTP pour le serveur GLRESITSV035: Invalid URL 'None': No scheme supplied. Perhaps you meant https://None?
2025-09-03 17:30:05,802 - agents.rapid7_collector - GLPI-VCSI - ERROR - Erreur de requête HTTP pour le serveur WEUP-SPWEB01: Invalid URL 'None': No scheme supplied. Perhaps you meant https://None?
2025-09-03 17:30:05,803 - agents.rapid7_collector - GLPI-VCSI - ERROR - Erreur de requête HTTP pour le serveur VCFHOMADFSWAP52: Invalid URL 'None': No scheme supplied. Perhaps you meant https://None?
2025-09-03 17:30:05,803 - agents.rapid7_collector - GLPI-VCSI - ERROR - Erreur de requête HTTP pour le serveur FRHQSV023: Invalid URL 'None': No scheme supplied. Perhaps you meant https://None?
2025-09-03 17:30:05,804 - agents.rapid7_collector - GLPI-VCSI - ERROR - Erreur de requête HTTP pour le serveur windows2019_div-ootb-2024-03-28: Invalid URL 'None': No scheme supplied. Perhaps you meant https://None?
2025-09-03 17:30:05,804 - agents.rapid7_collector - GLPI-VCSI - ERROR - Erreur de requête HTTP pour le serveur VCFPRDADFSWAP51: Invalid URL 'None': No scheme supplied. Perhaps you meant https://None?
2025-09-03 17:30:05,804 - agents.rapid7_collector - GLPI-VCSI - ERROR - Erreur de requête HTTP pour le serveur weup-wp-vm: Invalid URL 'None': No scheme supplied. Perhaps you meant https://None?
2025-09-03 17:30:05,805 - agents.rapid7_collector - GLPI-VCSI - ERROR - Erreur de requête HTTP pour le serveur windows2022_div-ootb-2024-03-28: Invalid URL 'None': No scheme supplied. Perhaps you meant https://None?
2025-09-03 17:30:05,806 - agents.rapid7_collector - GLPI-VCSI - ERROR - Erreur de requête HTTP pour le serveur VCFPRDGOUAPP01: Invalid URL 'None': No scheme supplied. Perhaps you meant https://None?
2025-09-03 17:30:05,806 - agents.rapid7_collector - GLPI-VCSI - ERROR - Erreur de requête HTTP pour le serveur WEUU-SPWEB01: Invalid URL 'None': No scheme supplied. Perhaps you meant https://None?
2025-09-03 17:30:05,807 - agents.rapid7_collector - GLPI-VCSI - ERROR - Erreur de requête HTTP pour le serveur GLRESITSV031: Invalid URL 'None': No scheme supplied. Perhaps you meant https://None?
2025-09-03 17:30:05,807 - agents.rapid7_collector - GLPI-VCSI - ERROR - Erreur de requête HTTP pour le serveur windows2022_vcic-ootb-2024-03-28: Invalid URL 'None': No scheme supplied. Perhaps you meant https://None?
2025-09-03 17:30:05,808 - agents.rapid7_collector - GLPI-VCSI - ERROR - Erreur de requête HTTP pour le serveur WEUp-SXGUACu001: Invalid URL 'None': No scheme supplied. Perhaps you meant https://None?
2025-09-03 17:30:05,808 - agents.rapid7_collector - GLPI-VCSI - ERROR - Erreur de requête HTTP pour le serveur DGC-0046: Invalid URL 'None': No scheme supplied. Perhaps you meant https://None?
2025-09-03 17:30:05,809 - agents.rapid7_collector - GLPI-VCSI - ERROR - Erreur de requête HTTP pour le serveur ZSCALER-PREPROD: Invalid URL 'None': No scheme supplied. Perhaps you meant https://None?
2025-09-03 17:30:05,809 - agents.rapid7_collector - GLPI-VCSI - ERROR - Erreur de requête HTTP pour le serveur WEUp-SXNAGIOSd01: Invalid URL 'None': No scheme supplied. Perhaps you meant https://None?
2025-09-03 17:30:05,810 - agents.rapid7_collector - GLPI-VCSI - ERROR - Erreur de requête HTTP pour le serveur vicprdsiemgtw05: Invalid URL 'None': No scheme supplied. Perhaps you meant https://None?
2025-09-03 17:30:05,818 - agents.rapid7_collector - GLPI-VCSI - ERROR - Erreur de requête HTTP pour le serveur CAQCHQDC003: Invalid URL 'None': No scheme supplied. Perhaps you meant https://None?
2025-09-03 17:30:05,811 - agents.rapid7_collector - GLPI-VCSI - ERROR - Erreur de requête HTTP pour le serveur SOFPRDNAFS02: Invalid URL 'None': No scheme supplied. Perhaps you meant https://None?
2025-09-03 17:30:05,819 - agents.rapid7_collector - GLPI-VCSI - ERROR - Erreur de requête HTTP pour le serveur SOFPRDGIT01: Invalid URL 'None': No scheme supplied. Perhaps you meant https://None?
2025-09-03 17:30:05,823 - agents.rapid7_collector - GLPI-VCSI - ERROR - Erreur de requête HTTP pour le serveur EAD3-FR3: Invalid URL 'None': No scheme supplied. Perhaps you meant https://None?
2025-09-03 17:30:05,824 - agents.rapid7_collector - GLPI-VCSI - ERROR - Erreur de requête HTTP pour le serveur DED-0017: Invalid URL 'None': No scheme supplied. Perhaps you meant https://None?
2025-09-03 17:30:05,825 - agents.rapid7_collector - GLPI-VCSI - ERROR - Erreur de requête HTTP pour le serveur AZFRSFGPI01: Invalid URL 'None': No scheme supplied. Perhaps you meant https://None?
2025-09-03 17:30:05,813 - agents.rapid7_collector - GLPI-VCSI - ERROR - Erreur de requête HTTP pour le serveur VGPPRDSQL02: Invalid URL 'None': No scheme supplied. Perhaps you meant https://None?
2025-09-03 17:30:05,814 - agents.rapid7_collector - GLPI-VCSI - ERROR - Erreur de requête HTTP pour le serveur SOFFRPRDAIDA01: Invalid URL 'None': No scheme supplied. Perhaps you meant https://None?
2025-09-03 17:30:05,825 - agents.rapid7_collector - GLPI-VCSI - ERROR - Erreur de requête HTTP pour le serveur INTE72: Invalid URL 'None': No scheme supplied. Perhaps you meant https://None?
2025-09-03 17:30:05,827 - agents.rapid7_collector - GLPI-VCSI - ERROR - Erreur de requête HTTP pour le serveur FRHQDC904: Invalid URL 'None': No scheme supplied. Perhaps you meant https://None?
2025-09-03 17:30:05,827 - agents.rapid7_collector - GLPI-VCSI - ERROR - Erreur de requête HTTP pour le serveur DED-0019: Invalid URL 'None': No scheme supplied. Perhaps you meant https://None?
2025-09-03 17:30:05,816 - agents.rapid7_collector - GLPI-VCSI - ERROR - Erreur de requête HTTP pour le serveur DGC-0030: Invalid URL 'None': No scheme supplied. Perhaps you meant https://None?
2025-09-03 17:30:05,816 - agents.rapid7_collector - GLPI-VCSI - ERROR - Erreur de requête HTTP pour le serveur GLRESITSV904: Invalid URL 'None': No scheme supplied. Perhaps you meant https://None?
2025-09-03 17:30:05,823 - agents.rapid7_collector - GLPI-VCSI - ERROR - Erreur de requête HTTP pour le serveur SOFPRDAZOMNIB01: Invalid URL 'None': No scheme supplied. Perhaps you meant https://None?
2025-09-03 17:30:05,821 - agents.rapid7_collector - GLPI-VCSI - ERROR - Erreur de requête HTTP pour le serveur SOFBEPRDLIC01: Invalid URL 'None': No scheme supplied. Perhaps you meant https://None?
2025-09-03 17:30:05,818 - agents.rapid7_collector - GLPI-VCSI - ERROR - Erreur de requête HTTP pour le serveur DED-0011: Invalid URL 'None': No scheme supplied. Perhaps you meant https://None?
2025-09-03 17:30:05,819 - agents.rapid7_collector - GLPI-VCSI - ERROR - Erreur de requête HTTP pour le serveur DED-0004: Invalid URL 'None': No scheme supplied. Perhaps you meant https://None?
2025-09-03 17:30:05,820 - agents.rapid7_collector - GLPI-VCSI - ERROR - Erreur de requête HTTP pour le serveur export: Invalid URL 'None': No scheme supplied. Perhaps you meant https://None?
2025-09-03 17:30:05,826 - agents.rapid7_collector - GLPI-VCSI - ERROR - Erreur de requête HTTP pour le serveur DED-0005: Invalid URL 'None': No scheme supplied. Perhaps you meant https://None?
2025-09-03 17:30:05,826 - agents.rapid7_collector - GLPI-VCSI - ERROR - Erreur de requête HTTP pour le serveur azsfrsfref01: Invalid URL 'None': No scheme supplied. Perhaps you meant https://None?
2025-09-03 17:30:05,832 - agents.rapid7_collector - GLPI-VCSI - ERROR - Erreur de requête HTTP pour le serveur FRHQSV1031: Invalid URL 'None': No scheme supplied. Perhaps you meant https://None?
2025-09-03 17:30:05,832 - agents.rapid7_collector - GLPI-VCSI - ERROR - Erreur de requête HTTP pour le serveur DED-0003: Invalid URL 'None': No scheme supplied. Perhaps you meant https://None?
2025-09-03 17:30:05,829 - agents.rapid7_collector - GLPI-VCSI - ERROR - Erreur de requête HTTP pour le serveur FRHQDC905: Invalid URL 'None': No scheme supplied. Perhaps you meant https://None?
2025-09-03 17:30:05,812 - agents.rapid7_collector - GLPI-VCSI - ERROR - Erreur de requête HTTP pour le serveur vmvukprduks001: Invalid URL 'None': No scheme supplied. Perhaps you meant https://None?
2025-09-03 17:30:05,828 - agents.rapid7_collector - GLPI-VCSI - ERROR - Erreur de requête HTTP pour le serveur SOFPRDDISCOURSE01: Invalid URL 'None': No scheme supplied. Perhaps you meant https://None?
2025-09-03 17:30:05,812 - agents.rapid7_collector - GLPI-VCSI - ERROR - Erreur de requête HTTP pour le serveur SOFPRDSOFSQL001: Invalid URL 'None': No scheme supplied. Perhaps you meant https://None?
2025-09-03 17:30:05,829 - agents.rapid7_collector - GLPI-VCSI - ERROR - Erreur de requête HTTP pour le serveur DGC-0057: Invalid URL 'None': No scheme supplied. Perhaps you meant https://None?
2025-09-03 17:30:05,813 - agents.rapid7_collector - GLPI-VCSI - ERROR - Erreur de requête HTTP pour le serveur zenith-platform-21-1-12-nondev-9545: Invalid URL 'None': No scheme supplied. Perhaps you meant https://None?
2025-09-03 17:30:05,814 - agents.rapid7_collector - GLPI-VCSI - ERROR - Erreur de requête HTTP pour le serveur vicpocdprgfbe02: Invalid URL 'None': No scheme supplied. Perhaps you meant https://None?
2025-09-03 17:30:05,833 - agents.rapid7_collector - GLPI-VCSI - ERROR - Erreur de requête HTTP pour le serveur FRHQSV972: Invalid URL 'None': No scheme supplied. Perhaps you meant https://None?
2025-09-03 17:30:05,830 - agents.rapid7_collector - GLPI-VCSI - ERROR - Erreur de requête HTTP pour le serveur SOFPRDGITRUNNER01: Invalid URL 'None': No scheme supplied. Perhaps you meant https://None?
2025-09-03 17:30:05,815 - agents.rapid7_collector - GLPI-VCSI - ERROR - Erreur de requête HTTP pour le serveur SOFPRDAZFBOX01: Invalid URL 'None': No scheme supplied. Perhaps you meant https://None?
2025-09-03 17:30:05,817 - agents.rapid7_collector - GLPI-VCSI - ERROR - Erreur de requête HTTP pour le serveur AZFRPCHB01: Invalid URL 'None': No scheme supplied. Perhaps you meant https://None?
2025-09-03 17:30:05,817 - agents.rapid7_collector - GLPI-VCSI - ERROR - Erreur de requête HTTP pour le serveur GLRESITSV903: Invalid URL 'None': No scheme supplied. Perhaps you meant https://None?
2025-09-03 17:30:05,830 - agents.rapid7_collector - GLPI-VCSI - ERROR - Erreur de requête HTTP pour le serveur DGC-0020: Invalid URL 'None': No scheme supplied. Perhaps you meant https://None?
2025-09-03 17:30:05,830 - agents.rapid7_collector - GLPI-VCSI - ERROR - Erreur de requête HTTP pour le serveur FRHQVM044: Invalid URL 'None': No scheme supplied. Perhaps you meant https://None?
2025-09-03 17:30:05,831 - agents.rapid7_collector - GLPI-VCSI - ERROR - Erreur de requête HTTP pour le serveur sofprdazprofi02: Invalid URL 'None': No scheme supplied. Perhaps you meant https://None?
2025-09-03 17:30:05,822 - agents.rapid7_collector - GLPI-VCSI - ERROR - Erreur de requête HTTP pour le serveur redhat87-ootb-2023-09-25: Invalid URL 'None': No scheme supplied. Perhaps you meant https://None?
2025-09-03 17:30:05,811 - agents.rapid7_collector - GLPI-VCSI - ERROR - Erreur de requête HTTP pour le serveur FRHQSV964: Invalid URL 'None': No scheme supplied. Perhaps you meant https://None?
2025-09-03 17:30:05,836 - agents.rapid7_collector - GLPI-VCSI - ERROR - Erreur de requête HTTP pour le serveur DGC-0060: Invalid URL 'None': No scheme supplied. Perhaps you meant https://None?
2025-09-03 17:30:05,822 - agents.rapid7_collector - GLPI-VCSI - ERROR - Erreur de requête HTTP pour le serveur DGC-0027: Invalid URL 'None': No scheme supplied. Perhaps you meant https://None?
2025-09-03 17:30:05,832 - agents.rapid7_collector - GLPI-VCSI - ERROR - Erreur de requête HTTP pour le serveur DGC-0029: Invalid URL 'None': No scheme supplied. Perhaps you meant https://None?
2025-09-03 17:30:05,815 - agents.rapid7_collector - GLPI-VCSI - ERROR - Erreur de requête HTTP pour le serveur DED-0015: Invalid URL 'None': No scheme supplied. Perhaps you meant https://None?
2025-09-03 17:30:05,833 - agents.rapid7_collector - GLPI-VCSI - ERROR - Erreur de requête HTTP pour le serveur sofprdazprofi03: Invalid URL 'None': No scheme supplied. Perhaps you meant https://None?
2025-09-03 17:30:05,819 - agents.rapid7_collector - GLPI-VCSI - ERROR - Erreur de requête HTTP pour le serveur azsfretfc01: Invalid URL 'None': No scheme supplied. Perhaps you meant https://None?
2025-09-03 17:30:05,834 - agents.rapid7_collector - GLPI-VCSI - ERROR - Erreur de requête HTTP pour le serveur hldprdfilefbe01: Invalid URL 'None': No scheme supplied. Perhaps you meant https://None?
2025-09-03 17:30:05,838 - agents.rapid7_collector - GLPI-VCSI - ERROR - Erreur de requête HTTP pour le serveur SOFFRDEVTEAM01: Invalid URL 'None': No scheme supplied. Perhaps you meant https://None?
2025-09-03 17:30:05,810 - agents.rapid7_collector - GLPI-VCSI - ERROR - Erreur de requête HTTP pour le serveur SOFPRDSOFAPP002: Invalid URL 'None': No scheme supplied. Perhaps you meant https://None?
2025-09-03 17:30:05,837 - agents.rapid7_collector - GLPI-VCSI - ERROR - Erreur de requête HTTP pour le serveur SOFPRDAZSQLPR01: Invalid URL 'None': No scheme supplied. Perhaps you meant https://None?
2025-09-03 17:30:05,837 - agents.rapid7_collector - GLPI-VCSI - ERROR - Erreur de requête HTTP pour le serveur vmvukdevuks001: Invalid URL 'None': No scheme supplied. Perhaps you meant https://None?
2025-09-03 17:30:05,837 - agents.rapid7_collector - GLPI-VCSI - ERROR - Erreur de requête HTTP pour le serveur Checkmk virt1: Invalid URL 'None': No scheme supplied. Perhaps you meant https://None?
2025-09-03 17:30:05,835 - agents.rapid7_collector - GLPI-VCSI - ERROR - Erreur de requête HTTP pour le serveur FRHQSV1028: Invalid URL 'None': No scheme supplied. Perhaps you meant https://None?
2025-09-03 17:30:05,848 - agents.rapid7_collector - GLPI-VCSI - ERROR - Erreur de requête HTTP pour le serveur GLRESITSV912: Invalid URL 'None': No scheme supplied. Perhaps you meant https://None?
2025-09-03 17:30:05,838 - agents.rapid7_collector - GLPI-VCSI - ERROR - Erreur de requête HTTP pour le serveur DGC-0048: Invalid URL 'None': No scheme supplied. Perhaps you meant https://None?
2025-09-03 17:30:05,840 - agents.rapid7_collector - GLPI-VCSI - ERROR - Erreur de requête HTTP pour le serveur DED-0002: Invalid URL 'None': No scheme supplied. Perhaps you meant https://None?
2025-09-03 17:30:05,840 - agents.rapid7_collector - GLPI-VCSI - ERROR - Erreur de requête HTTP pour le serveur SOFFRPRDLOG01: Invalid URL 'None': No scheme supplied. Perhaps you meant https://None?
2025-09-03 17:30:05,841 - agents.rapid7_collector - GLPI-VCSI - ERROR - Erreur de requête HTTP pour le serveur EUR1048: Invalid URL 'None': No scheme supplied. Perhaps you meant https://None?
2025-09-03 17:30:05,842 - agents.rapid7_collector - GLPI-VCSI - ERROR - Erreur de requête HTTP pour le serveur DGC-0028: Invalid URL 'None': No scheme supplied. Perhaps you meant https://None?
2025-09-03 17:30:05,842 - agents.rapid7_collector - GLPI-VCSI - ERROR - Erreur de requête HTTP pour le serveur SOFFRPRDSET01: Invalid URL 'None': No scheme supplied. Perhaps you meant https://None?
2025-09-03 17:30:05,857 - agents.rapid7_collector - GLPI-VCSI - ERROR - Erreur de requête HTTP pour le serveur weu-ds-prod-mysql-vm: Invalid URL 'None': No scheme supplied. Perhaps you meant https://None?
2025-09-03 17:30:05,858 - agents.rapid7_collector - GLPI-VCSI - ERROR - Erreur de requête HTTP pour le serveur vicprdnetwgtw07: Invalid URL 'None': No scheme supplied. Perhaps you meant https://None?
2025-09-03 17:30:05,843 - agents.rapid7_collector - GLPI-VCSI - ERROR - Erreur de requête HTTP pour le serveur SOFFRPRDSQL04: Invalid URL 'None': No scheme supplied. Perhaps you meant https://None?
2025-09-03 17:30:05,844 - agents.rapid7_collector - GLPI-VCSI - ERROR - Erreur de requête HTTP pour le serveur EUR1047: Invalid URL 'None': No scheme supplied. Perhaps you meant https://None?
2025-09-03 17:30:05,845 - agents.rapid7_collector - GLPI-VCSI - ERROR - Erreur de requête HTTP pour le serveur vicppdglpifbe02: Invalid URL 'None': No scheme supplied. Perhaps you meant https://None?
2025-09-03 17:30:05,845 - agents.rapid7_collector - GLPI-VCSI - ERROR - Erreur de requête HTTP pour le serveur AZFRMENLOULOU: Invalid URL 'None': No scheme supplied. Perhaps you meant https://None?
2025-09-03 17:30:05,845 - agents.rapid7_collector - GLPI-VCSI - ERROR - Erreur de requête HTTP pour le serveur zpa-connector-el9-2024.06.05: Invalid URL 'None': No scheme supplied. Perhaps you meant https://None?
2025-09-03 17:30:05,846 - agents.rapid7_collector - GLPI-VCSI - ERROR - Erreur de requête HTTP pour le serveur vicprdldomfbe03: Invalid URL 'None': No scheme supplied. Perhaps you meant https://None?
2025-09-03 17:30:05,846 - agents.rapid7_collector - GLPI-VCSI - ERROR - Erreur de requête HTTP pour le serveur SOFPRDAZOBCAL02: Invalid URL 'None': No scheme supplied. Perhaps you meant https://None?
2025-09-03 17:30:05,847 - agents.rapid7_collector - GLPI-VCSI - ERROR - Erreur de requête HTTP pour le serveur DGC-0033: Invalid URL 'None': No scheme supplied. Perhaps you meant https://None?
2025-09-03 17:30:05,848 - agents.rapid7_collector - GLPI-VCSI - ERROR - Erreur de requête HTTP pour le serveur SOFPRDAZVIK01: Invalid URL 'None': No scheme supplied. Perhaps you meant https://None?
2025-09-03 17:30:05,848 - agents.rapid7_collector - GLPI-VCSI - ERROR - Erreur de requête HTTP pour le serveur GLRESITSV909: Invalid URL 'None': No scheme supplied. Perhaps you meant https://None?
2025-09-03 17:30:05,839 - agents.rapid7_collector - GLPI-VCSI - ERROR - Erreur de requête HTTP pour le serveur EUR1046: Invalid URL 'None': No scheme supplied. Perhaps you meant https://None?
2025-09-03 17:30:05,849 - agents.rapid7_collector - GLPI-VCSI - ERROR - Erreur de requête HTTP pour le serveur vicppdsccmdps01: Invalid URL 'None': No scheme supplied. Perhaps you meant https://None?
2025-09-03 17:30:05,850 - agents.rapid7_collector - GLPI-VCSI - ERROR - Erreur de requête HTTP pour le serveur SOFFRPRDSQL03: Invalid URL 'None': No scheme supplied. Perhaps you meant https://None?
2025-09-03 17:30:05,851 - agents.rapid7_collector - GLPI-VCSI - ERROR - Erreur de requête HTTP pour le serveur FRHQSV1032: Invalid URL 'None': No scheme supplied. Perhaps you meant https://None?
2025-09-03 17:30:05,852 - agents.rapid7_collector - GLPI-VCSI - ERROR - Erreur de requête HTTP pour le serveur vicppdsccmfil01: Invalid URL 'None': No scheme supplied. Perhaps you meant https://None?
2025-09-03 17:30:05,852 - agents.rapid7_collector - GLPI-VCSI - ERROR - Erreur de requête HTTP pour le serveur SRVDIGIFAC: Invalid URL 'None': No scheme supplied. Perhaps you meant https://None?
2025-09-03 17:30:05,853 - agents.rapid7_collector - GLPI-VCSI - ERROR - Erreur de requête HTTP pour le serveur vicppdsccmpri01: Invalid URL 'None': No scheme supplied. Perhaps you meant https://None?
2025-09-03 17:30:05,854 - agents.rapid7_collector - GLPI-VCSI - ERROR - Erreur de requête HTTP pour le serveur EUR1053: Invalid URL 'None': No scheme supplied. Perhaps you meant https://None?
2025-09-03 17:30:05,855 - agents.rapid7_collector - GLPI-VCSI - ERROR - Erreur de requête HTTP pour le serveur SVRSQL01-test: Invalid URL 'None': No scheme supplied. Perhaps you meant https://None?
2025-09-03 17:30:05,856 - agents.rapid7_collector - GLPI-VCSI - ERROR - Erreur de requête HTTP pour le serveur GLRESITSV914: Invalid URL 'None': No scheme supplied. Perhaps you meant https://None?
2025-09-03 17:30:05,856 - agents.rapid7_collector - GLPI-VCSI - ERROR - Erreur de requête HTTP pour le serveur vicppdsccmsql01: Invalid URL 'None': No scheme supplied. Perhaps you meant https://None?
2025-09-03 17:30:05,842 - agents.rapid7_collector - GLPI-VCSI - ERROR - Erreur de requête HTTP pour le serveur EUR1049: Invalid URL 'None': No scheme supplied. Perhaps you meant https://None?
2025-09-03 17:30:05,843 - agents.rapid7_collector - GLPI-VCSI - ERROR - Erreur de requête HTTP pour le serveur DGC-0026: Invalid URL 'None': No scheme supplied. Perhaps you meant https://None?
2025-09-03 17:30:05,859 - agents.rapid7_collector - GLPI-VCSI - ERROR - Erreur de requête HTTP pour le serveur vicppdsccmfbe01: Invalid URL 'None': No scheme supplied. Perhaps you meant https://None?
2025-09-03 17:30:05,859 - agents.rapid7_collector - GLPI-VCSI - ERROR - Erreur de requête HTTP pour le serveur WEUp-DSMANd02: Invalid URL 'None': No scheme supplied. Perhaps you meant https://None?
2025-09-03 17:30:05,860 - agents.rapid7_collector - GLPI-VCSI - ERROR - Erreur de requête HTTP pour le serveur FRHQSV1033: Invalid URL 'None': No scheme supplied. Perhaps you meant https://None?
2025-09-03 17:30:05,860 - agents.rapid7_collector - GLPI-VCSI - ERROR - Erreur de requête HTTP pour le serveur vicdevadmntrt03: Invalid URL 'None': No scheme supplied. Perhaps you meant https://None?
2025-09-03 17:30:05,861 - agents.rapid7_collector - GLPI-VCSI - ERROR - Erreur de requête HTTP pour le serveur WEUp-DSNWSd02: Invalid URL 'None': No scheme supplied. Perhaps you meant https://None?
2025-09-03 17:30:05,861 - agents.rapid7_collector - GLPI-VCSI - ERROR - Erreur de requête HTTP pour le serveur vicprdocratrt10: Invalid URL 'None': No scheme supplied. Perhaps you meant https://None?
2025-09-03 17:30:05,862 - agents.rapid7_collector - GLPI-VCSI - ERROR - Erreur de requête HTTP pour le serveur WEUp-DSSTOREd01: Invalid URL 'None': No scheme supplied. Perhaps you meant https://None?
2025-09-03 17:30:05,862 - agents.rapid7_collector - GLPI-VCSI - ERROR - Erreur de requête HTTP pour le serveur vicprdcsgpfbe02: Invalid URL 'None': No scheme supplied. Perhaps you meant https://None?
2025-09-03 17:30:05,862 - agents.rapid7_collector - GLPI-VCSI - ERROR - Erreur de requête HTTP pour le serveur FRHQSV1034: Invalid URL 'None': No scheme supplied. Perhaps you meant https://None?
2025-09-03 17:30:05,863 - agents.rapid7_collector - GLPI-VCSI - ERROR - Erreur de requête HTTP pour le serveur WEUp-DSWEBd01: Invalid URL 'None': No scheme supplied. Perhaps you meant https://None?
2025-09-03 17:30:05,864 - agents.rapid7_collector - GLPI-VCSI - ERROR - Erreur de requête HTTP pour le serveur vicprdocratrt07: Invalid URL 'None': No scheme supplied. Perhaps you meant https://None?
2025-09-03 17:30:05,864 - agents.rapid7_collector - GLPI-VCSI - ERROR - Erreur de requête HTTP pour le serveur EUR1022-RESTO: Invalid URL 'None': No scheme supplied. Perhaps you meant https://None?
2025-09-03 17:30:05,865 - agents.rapid7_collector - GLPI-VCSI - ERROR - Erreur de requête HTTP pour le serveur WEUp-DSWSd03: Invalid URL 'None': No scheme supplied. Perhaps you meant https://None?
2025-09-03 17:30:05,865 - agents.rapid7_collector - GLPI-VCSI - ERROR - Erreur de requête HTTP pour le serveur vicprdcsgpfbe01: Invalid URL 'None': No scheme supplied. Perhaps you meant https://None?
2025-09-03 17:30:05,865 - agents.rapid7_collector - GLPI-VCSI - ERROR - Erreur de requête HTTP pour le serveur FRHQSV037: Invalid URL 'None': No scheme supplied. Perhaps you meant https://None?
2025-09-03 17:30:05,866 - agents.rapid7_collector - GLPI-VCSI - ERROR - Erreur de requête HTTP pour le serveur ild-artifactory-server-vmdc0333c2: Invalid URL 'None': No scheme supplied. Perhaps you meant https://None?
2025-09-03 17:30:05,866 - agents.rapid7_collector - GLPI-VCSI - ERROR - Erreur de requête HTTP pour le serveur vicdevadmnfbe01: Invalid URL 'None': No scheme supplied. Perhaps you meant https://None?
2025-09-03 17:30:05,867 - agents.rapid7_collector - GLPI-VCSI - ERROR - Erreur de requête HTTP pour le serveur prod-us-east-1: Invalid URL 'None': No scheme supplied. Perhaps you meant https://None?
2025-09-03 17:30:05,867 - agents.rapid7_collector - GLPI-VCSI - ERROR - Erreur de requête HTTP pour le serveur ild-vpn-server-vme28a34fb: Invalid URL 'None': No scheme supplied. Perhaps you meant https://None?
2025-09-03 17:30:05,868 - agents.rapid7_collector - GLPI-VCSI - ERROR - Erreur de requête HTTP pour le serveur vicprdcsgpfbe03: Invalid URL 'None': No scheme supplied. Perhaps you meant https://None?
2025-09-03 17:30:05,869 - agents.rapid7_collector - GLPI-VCSI - ERROR - Erreur de requête HTTP pour le serveur FRHQSV1045: Invalid URL 'None': No scheme supplied. Perhaps you meant https://None?
2025-09-03 17:30:05,869 - agents.rapid7_collector - GLPI-VCSI - ERROR - Erreur de requête HTTP pour le serveur ild-nifi-prod-vmd09e59f3: Invalid URL 'None': No scheme supplied. Perhaps you meant https://None?
2025-09-03 17:30:05,870 - agents.rapid7_collector - GLPI-VCSI - ERROR - Erreur de requête HTTP pour le serveur vicprdocratrt06: Invalid URL 'None': No scheme supplied. Perhaps you meant https://None?
2025-09-03 17:30:05,870 - agents.rapid7_collector - GLPI-VCSI - ERROR - Erreur de requête HTTP pour le serveur FRHQSV1044: Invalid URL 'None': No scheme supplied. Perhaps you meant https://None?
2025-09-03 17:30:05,871 - agents.rapid7_collector - GLPI-VCSI - ERROR - Erreur de requête HTTP pour le serveur jenkins: Invalid URL 'None': No scheme supplied. Perhaps you meant https://None?
2025-09-03 17:30:05,872 - agents.rapid7_collector - GLPI-VCSI - ERROR - Erreur de requête HTTP pour le serveur vicreccsgpfbe02: Invalid URL 'None': No scheme supplied. Perhaps you meant https://None?
2025-09-03 17:30:05,872 - agents.rapid7_collector - GLPI-VCSI - ERROR - Erreur de requête HTTP pour le serveur vicprdnetwgtw06: Invalid URL 'None': No scheme supplied. Perhaps you meant https://None?
2025-09-03 17:30:05,873 - agents.rapid7_collector - GLPI-VCSI - ERROR - Erreur de requête HTTP pour le serveur Zscaler: Invalid URL 'None': No scheme supplied. Perhaps you meant https://None?
2025-09-03 17:30:05,873 - agents.rapid7_collector - GLPI-VCSI - ERROR - Erreur de requête HTTP pour le serveur vicprdcsgpfbe08: Invalid URL 'None': No scheme supplied. Perhaps you meant https://None?
2025-09-03 17:30:05,873 - agents.rapid7_collector - GLPI-VCSI - ERROR - Erreur de requête HTTP pour le serveur FRHQSV1038: Invalid URL 'None': No scheme supplied. Perhaps you meant https://None?
2025-09-03 17:30:05,874 - agents.rapid7_collector - GLPI-VCSI - ERROR - Erreur de requête HTTP pour le serveur ild-jenkins-server-vm99911c41: Invalid URL 'None': No scheme supplied. Perhaps you meant https://None?
2025-09-03 17:30:05,875 - agents.rapid7_collector - GLPI-VCSI - ERROR - Erreur de requête HTTP pour le serveur vicprdocratrt05: Invalid URL 'None': No scheme supplied. Perhaps you meant https://None?
2025-09-03 17:30:05,875 - agents.rapid7_collector - GLPI-VCSI - ERROR - Erreur de requête HTTP pour le serveur vicprdchmkfbe05: Invalid URL 'None': No scheme supplied. Perhaps you meant https://None?
2025-09-03 17:30:05,876 - agents.rapid7_collector - GLPI-VCSI - ERROR - Erreur de requête HTTP pour le serveur BM-AFIF: Invalid URL 'None': No scheme supplied. Perhaps you meant https://None?
2025-09-03 17:30:05,877 - agents.rapid7_collector - GLPI-VCSI - ERROR - Erreur de requête HTTP pour le serveur VICPPDMULTADM01: Invalid URL 'None': No scheme supplied. Perhaps you meant https://None?
2025-09-03 17:30:05,877 - agents.rapid7_collector - GLPI-VCSI - ERROR - Erreur de requête HTTP pour le serveur VMware vSAN Witness Appliance: Invalid URL 'None': No scheme supplied. Perhaps you meant https://None?
2025-09-03 17:30:05,878 - agents.rapid7_collector - GLPI-VCSI - ERROR - Erreur de requête HTTP pour le serveur BM-EU-MONGO2: Invalid URL 'None': No scheme supplied. Perhaps you meant https://None?
2025-09-03 17:30:05,878 - agents.rapid7_collector - GLPI-VCSI - ERROR - Erreur de requête HTTP pour le serveur vicprdcsgpfbe05: Invalid URL 'None': No scheme supplied. Perhaps you meant https://None?
2025-09-03 17:30:05,878 - agents.rapid7_collector - GLPI-VCSI - ERROR - Erreur de requête HTTP pour le serveur vicprdvsanwit06: Invalid URL 'None': No scheme supplied. Perhaps you meant https://None?
2025-09-03 17:30:05,879 - agents.rapid7_collector - GLPI-VCSI - ERROR - Erreur de requête HTTP pour le serveur BM-EU-SCA: Invalid URL 'None': No scheme supplied. Perhaps you meant https://None?
2025-09-03 17:30:05,879 - agents.rapid7_collector - GLPI-VCSI - ERROR - Erreur de requête HTTP pour le serveur vicprdocratrt09: Invalid URL 'None': No scheme supplied. Perhaps you meant https://None?
2025-09-03 17:30:05,880 - agents.rapid7_collector - GLPI-VCSI - ERROR - Erreur de requête HTTP pour le serveur GLRESITSV913: Invalid URL 'None': No scheme supplied. Perhaps you meant https://None?
2025-09-03 17:30:05,880 - agents.rapid7_collector - GLPI-VCSI - ERROR - Erreur de requête HTTP pour le serveur BM-GIS-PG: Invalid URL 'None': No scheme supplied. Perhaps you meant https://None?
2025-09-03 17:30:05,881 - agents.rapid7_collector - GLPI-VCSI - ERROR - Erreur de requête HTTP pour le serveur victstvcnttac02: Invalid URL 'None': No scheme supplied. Perhaps you meant https://None?
2025-09-03 17:30:05,881 - agents.rapid7_collector - GLPI-VCSI - ERROR - Erreur de requête HTTP pour le serveur vicprdnetwgtw05: Invalid URL 'None': No scheme supplied. Perhaps you meant https://None?
2025-09-03 17:30:05,895 - agents.rapid7_collector - GLPI-VCSI - ERROR - Erreur de requête HTTP pour le serveur vicppdvcntesb04: Invalid URL 'None': No scheme supplied. Perhaps you meant https://None?
2025-09-03 17:30:05,883 - agents.rapid7_collector - GLPI-VCSI - ERROR - Erreur de requête HTTP pour le serveur vicppdvcnttac04: Invalid URL 'None': No scheme supplied. Perhaps you meant https://None?
2025-09-03 17:30:05,883 - agents.rapid7_collector - GLPI-VCSI - ERROR - Erreur de requête HTTP pour le serveur vicprdnetwgtw16: Invalid URL 'None': No scheme supplied. Perhaps you meant https://None?
2025-09-03 17:30:05,884 - agents.rapid7_collector - GLPI-VCSI - ERROR - Erreur de requête HTTP pour le serveur DS-ARCHIVES: Invalid URL 'None': No scheme supplied. Perhaps you meant https://None?
2025-09-03 17:30:05,884 - agents.rapid7_collector - GLPI-VCSI - ERROR - Erreur de requête HTTP pour le serveur vicdevvcnttac02: Invalid URL 'None': No scheme supplied. Perhaps you meant https://None?
2025-09-03 17:30:05,884 - agents.rapid7_collector - GLPI-VCSI - ERROR - Erreur de requête HTTP pour le serveur vicprdvsanwit07: Invalid URL 'None': No scheme supplied. Perhaps you meant https://None?
2025-09-03 17:30:05,888 - agents.rapid7_collector - GLPI-VCSI - ERROR - Erreur de requête HTTP pour le serveur victstvcntesb02: Invalid URL 'None': No scheme supplied. Perhaps you meant https://None?
2025-09-03 17:30:05,890 - agents.rapid7_collector - GLPI-VCSI - ERROR - Erreur de requête HTTP pour le serveur FRHQSV1037: Invalid URL 'None': No scheme supplied. Perhaps you meant https://None?
2025-09-03 17:30:05,891 - agents.rapid7_collector - GLPI-VCSI - ERROR - Erreur de requête HTTP pour le serveur GITHUB-PYTHON-ARM-SMALL: Invalid URL 'None': No scheme supplied. Perhaps you meant https://None?
2025-09-03 17:30:05,892 - agents.rapid7_collector - GLPI-VCSI - ERROR - Erreur de requête HTTP pour le serveur SETEC-GIS: Invalid URL 'None': No scheme supplied. Perhaps you meant https://None?
2025-09-03 17:30:05,893 - agents.rapid7_collector - GLPI-VCSI - ERROR - Erreur de requête HTTP pour le serveur vicppdvcntnfs02: Invalid URL 'None': No scheme supplied. Perhaps you meant https://None?
2025-09-03 17:30:05,893 - agents.rapid7_collector - GLPI-VCSI - ERROR - Erreur de requête HTTP pour le serveur AZ33ILD-GeoSmart01: Invalid URL 'None': No scheme supplied. Perhaps you meant https://None?
2025-09-03 17:30:05,894 - agents.rapid7_collector - GLPI-VCSI - ERROR - Erreur de requête HTTP pour le serveur GLRESITSV006: Invalid URL 'None': No scheme supplied. Perhaps you meant https://None?
2025-09-03 17:30:05,882 - agents.rapid7_collector - GLPI-VCSI - ERROR - Erreur de requête HTTP pour le serveur BM-ONPREM-TEST: Invalid URL 'None': No scheme supplied. Perhaps you meant https://None?
2025-09-03 17:30:05,895 - agents.rapid7_collector - GLPI-VCSI - ERROR - Erreur de requête HTTP pour le serveur ild-matomo-server-vmf7593b4c: Invalid URL 'None': No scheme supplied. Perhaps you meant https://None?
2025-09-03 17:30:05,896 - agents.rapid7_collector - GLPI-VCSI - ERROR - Erreur de requête HTTP pour le serveur VICPRDZSCLFBE01: Invalid URL 'None': No scheme supplied. Perhaps you meant https://None?
2025-09-03 17:30:05,897 - agents.rapid7_collector - GLPI-VCSI - ERROR - Erreur de requête HTTP pour le serveur SOFPRDSFFRFIL01: Invalid URL 'None': No scheme supplied. Perhaps you meant https://None?
2025-09-03 17:30:05,897 - agents.rapid7_collector - GLPI-VCSI - ERROR - Erreur de requête HTTP pour le serveur matomo: Invalid URL 'None': No scheme supplied. Perhaps you meant https://None?
2025-09-03 17:30:05,898 - agents.rapid7_collector - GLPI-VCSI - ERROR - Erreur de requête HTTP pour le serveur VICPRDZSCLFBE02: Invalid URL 'None': No scheme supplied. Perhaps you meant https://None?
2025-09-03 17:30:05,918 - agents.rapid7_collector - GLPI-VCSI - ERROR - Erreur de requête HTTP pour le serveur AZ33ILD-DataCollectorTest: Invalid URL 'None': No scheme supplied. Perhaps you meant https://None?
2025-09-03 17:30:05,899 - agents.rapid7_collector - GLPI-VCSI - ERROR - Erreur de requête HTTP pour le serveur Airflow: Invalid URL 'None': No scheme supplied. Perhaps you meant https://None?
2025-09-03 17:30:05,899 - agents.rapid7_collector - GLPI-VCSI - ERROR - Erreur de requête HTTP pour le serveur zpa-connector-el9-2025.03: Invalid URL 'None': No scheme supplied. Perhaps you meant https://None?
2025-09-03 17:30:05,900 - agents.rapid7_collector - GLPI-VCSI - ERROR - Erreur de requête HTTP pour le serveur victstatykfbe01: Invalid URL 'None': No scheme supplied. Perhaps you meant https://None?
2025-09-03 17:30:05,900 - agents.rapid7_collector - GLPI-VCSI - ERROR - Erreur de requête HTTP pour le serveur AZ33ILD-Proxy01: Invalid URL 'None': No scheme supplied. Perhaps you meant https://None?
2025-09-03 17:30:05,901 - agents.rapid7_collector - GLPI-VCSI - ERROR - Erreur de requête HTTP pour le serveur victstvcntnfs02: Invalid URL 'None': No scheme supplied. Perhaps you meant https://None?
2025-09-03 17:30:05,902 - agents.rapid7_collector - GLPI-VCSI - ERROR - Erreur de requête HTTP pour le serveur VICPPDZSCLFBE02: Invalid URL 'None': No scheme supplied. Perhaps you meant https://None?
2025-09-03 17:30:05,902 - agents.rapid7_collector - GLPI-VCSI - ERROR - Erreur de requête HTTP pour le serveur AZ33ILD-Proxy02: Invalid URL 'None': No scheme supplied. Perhaps you meant https://None?
2025-09-03 17:30:05,903 - agents.rapid7_collector - GLPI-VCSI - ERROR - Erreur de requête HTTP pour le serveur victstvsanwit08: Invalid URL 'None': No scheme supplied. Perhaps you meant https://None?
2025-09-03 17:30:05,903 - agents.rapid7_collector - GLPI-VCSI - ERROR - Erreur de requête HTTP pour le serveur victstvcntdsh01: Invalid URL 'None': No scheme supplied. Perhaps you meant https://None?
2025-09-03 17:30:05,904 - agents.rapid7_collector - GLPI-VCSI - ERROR - Erreur de requête HTTP pour le serveur FRHQSV1043: Invalid URL 'None': No scheme supplied. Perhaps you meant https://None?
2025-09-03 17:30:05,904 - agents.rapid7_collector - GLPI-VCSI - ERROR - Erreur de requête HTTP pour le serveur DNS01: Invalid URL 'None': No scheme supplied. Perhaps you meant https://None?
2025-09-03 17:30:05,905 - agents.rapid7_collector - GLPI-VCSI - ERROR - Erreur de requête HTTP pour le serveur victstvcntjob02: Invalid URL 'None': No scheme supplied. Perhaps you meant https://None?
2025-09-03 17:30:05,906 - agents.rapid7_collector - GLPI-VCSI - ERROR - Erreur de requête HTTP pour le serveur vicprdnetwgtw15: Invalid URL 'None': No scheme supplied. Perhaps you meant https://None?
2025-09-03 17:30:05,907 - agents.rapid7_collector - GLPI-VCSI - ERROR - Erreur de requête HTTP pour le serveur DNS02: Invalid URL 'None': No scheme supplied. Perhaps you meant https://None?
2025-09-03 17:30:05,908 - agents.rapid7_collector - GLPI-VCSI - ERROR - Erreur de requête HTTP pour le serveur vicppdvcntlog02: Invalid URL 'None': No scheme supplied. Perhaps you meant https://None?
2025-09-03 17:30:05,908 - agents.rapid7_collector - GLPI-VCSI - ERROR - Erreur de requête HTTP pour le serveur FRHQSV1036: Invalid URL 'None': No scheme supplied. Perhaps you meant https://None?
2025-09-03 17:30:05,909 - agents.rapid7_collector - GLPI-VCSI - ERROR - Erreur de requête HTTP pour le serveur AZ33ILD-DataCollector: Invalid URL 'None': No scheme supplied. Perhaps you meant https://None?
2025-09-03 17:30:05,910 - agents.rapid7_collector - GLPI-VCSI - ERROR - Erreur de requête HTTP pour le serveur vicppdvcntesb03: Invalid URL 'None': No scheme supplied. Perhaps you meant https://None?
2025-09-03 17:30:05,910 - agents.rapid7_collector - GLPI-VCSI - ERROR - Erreur de requête HTTP pour le serveur VICPPDZSCLFBE01: Invalid URL 'None': No scheme supplied. Perhaps you meant https://None?
2025-09-03 17:30:05,911 - agents.rapid7_collector - GLPI-VCSI - ERROR - Erreur de requête HTTP pour le serveur AZ33ILD-DataCollector01: Invalid URL 'None': No scheme supplied. Perhaps you meant https://None?
2025-09-03 17:30:05,912 - agents.rapid7_collector - GLPI-VCSI - ERROR - Erreur de requête HTTP pour le serveur vicppdvcntjob04: Invalid URL 'None': No scheme supplied. Perhaps you meant https://None?
2025-09-03 17:30:05,917 - agents.rapid7_collector - GLPI-VCSI - ERROR - Erreur de requête HTTP pour le serveur EUR1031: Invalid URL 'None': No scheme supplied. Perhaps you meant https://None?
2025-09-03 17:30:05,898 - agents.rapid7_collector - GLPI-VCSI - ERROR - Erreur de requête HTTP pour le serveur vicppdvcntjob03: Invalid URL 'None': No scheme supplied. Perhaps you meant https://None?
2025-09-03 17:30:05,920 - agents.rapid7_collector - GLPI-VCSI - ERROR - Erreur de requête HTTP pour le serveur vicdevvcntnfs02: Invalid URL 'None': No scheme supplied. Perhaps you meant https://None?
2025-09-03 17:30:05,921 - agents.rapid7_collector - GLPI-VCSI - ERROR - Erreur de requête HTTP pour le serveur FRHQVM046: Invalid URL 'None': No scheme supplied. Perhaps you meant https://None?
2025-09-03 17:30:05,921 - agents.rapid7_collector - GLPI-VCSI - ERROR - Erreur de requête HTTP pour le serveur AZCACONETECGEX01: Invalid URL 'None': No scheme supplied. Perhaps you meant https://None?
2025-09-03 17:30:05,922 - agents.rapid7_collector - GLPI-VCSI - ERROR - Erreur de requête HTTP pour le serveur EUR1018: Invalid URL 'None': No scheme supplied. Perhaps you meant https://None?
2025-09-03 17:30:05,922 - agents.rapid7_collector - GLPI-VCSI - ERROR - Erreur de requête HTTP pour le serveur vicdevvcntesb02: Invalid URL 'None': No scheme supplied. Perhaps you meant https://None?
2025-09-03 17:30:05,923 - agents.rapid7_collector - GLPI-VCSI - ERROR - Erreur de requête HTTP pour le serveur AZ33ILD-Scylla01: Invalid URL 'None': No scheme supplied. Perhaps you meant https://None?
2025-09-03 17:30:05,923 - agents.rapid7_collector - GLPI-VCSI - ERROR - Erreur de requête HTTP pour le serveur FortiAnalyzer: Invalid URL 'None': No scheme supplied. Perhaps you meant https://None?
2025-09-03 17:30:05,924 - agents.rapid7_collector - GLPI-VCSI - ERROR - Erreur de requête HTTP pour le serveur victstvcntmdb01: Invalid URL 'None': No scheme supplied. Perhaps you meant https://None?
2025-09-03 17:30:05,924 - agents.rapid7_collector - GLPI-VCSI - ERROR - Erreur de requête HTTP pour le serveur AZ33ILD-Scylla02: Invalid URL 'None': No scheme supplied. Perhaps you meant https://None?
2025-09-03 17:30:05,925 - agents.rapid7_collector - GLPI-VCSI - ERROR - Erreur de requête HTTP pour le serveur FRHQSV971: Invalid URL 'None': No scheme supplied. Perhaps you meant https://None?
2025-09-03 17:30:05,926 - agents.rapid7_collector - GLPI-VCSI - ERROR - Erreur de requête HTTP pour le serveur victstvcntgtw01: Invalid URL 'None': No scheme supplied. Perhaps you meant https://None?
2025-09-03 17:30:05,927 - agents.rapid7_collector - GLPI-VCSI - ERROR - Erreur de requête HTTP pour le serveur CZFRA000DC002: Invalid URL 'None': No scheme supplied. Perhaps you meant https://None?
2025-09-03 17:30:05,927 - agents.rapid7_collector - GLPI-VCSI - ERROR - Erreur de requête HTTP pour le serveur AZ33ILD-Scylla03: Invalid URL 'None': No scheme supplied. Perhaps you meant https://None?
2025-09-03 17:30:05,928 - agents.rapid7_collector - GLPI-VCSI - ERROR - Erreur de requête HTTP pour le serveur vicdevvcntjob02: Invalid URL 'None': No scheme supplied. Perhaps you meant https://None?
2025-09-03 17:30:05,928 - agents.rapid7_collector - GLPI-VCSI - ERROR - Erreur de requête HTTP pour le serveur FRHQSV907: Invalid URL 'None': No scheme supplied. Perhaps you meant https://None?
2025-09-03 17:30:05,928 - agents.rapid7_collector - GLPI-VCSI - ERROR - Erreur de requête HTTP pour le serveur AZCACONETECDS01: Invalid URL 'None': No scheme supplied. Perhaps you meant https://None?
2025-09-03 17:30:05,929 - agents.rapid7_collector - GLPI-VCSI - ERROR - Erreur de requête HTTP pour le serveur vicppdvcnttac03: Invalid URL 'None': No scheme supplied. Perhaps you meant https://None?
2025-09-03 17:30:05,929 - agents.rapid7_collector - GLPI-VCSI - ERROR - Erreur de requête HTTP pour le serveur CDSDVM-20250116: Invalid URL 'None': No scheme supplied. Perhaps you meant https://None?
2025-09-03 17:30:05,930 - agents.rapid7_collector - GLPI-VCSI - ERROR - Erreur de requête HTTP pour le serveur EUR1021: Invalid URL 'None': No scheme supplied. Perhaps you meant https://None?
2025-09-03 17:30:05,931 - agents.rapid7_collector - GLPI-VCSI - ERROR - Erreur de requête HTTP pour le serveur FRHQSV067: Invalid URL 'None': No scheme supplied. Perhaps you meant https://None?
2025-09-03 17:30:05,931 - agents.rapid7_collector - GLPI-VCSI - ERROR - Erreur de requête HTTP pour le serveur vicprdsseiapp01: Invalid URL 'None': No scheme supplied. Perhaps you meant https://None?
2025-09-03 17:30:05,931 - agents.rapid7_collector - GLPI-VCSI - ERROR - Erreur de requête HTTP pour le serveur AZUSCONEDATAS01: Invalid URL 'None': No scheme supplied. Perhaps you meant https://None?
2025-09-03 17:30:05,932 - agents.rapid7_collector - GLPI-VCSI - ERROR - Erreur de requête HTTP pour le serveur vicprdpgasfbe03: Invalid URL 'None': No scheme supplied. Perhaps you meant https://None?
2025-09-03 17:30:05,932 - agents.rapid7_collector - GLPI-VCSI - ERROR - Erreur de requête HTTP pour le serveur cassandra-node-HF-prd-1: Invalid URL 'None': No scheme supplied. Perhaps you meant https://None?
2025-09-03 17:30:05,933 - agents.rapid7_collector - GLPI-VCSI - ERROR - Erreur de requête HTTP pour le serveur GLRESITSV028: Invalid URL 'None': No scheme supplied. Perhaps you meant https://None?
2025-09-03 17:30:05,934 - agents.rapid7_collector - GLPI-VCSI - ERROR - Erreur de requête HTTP pour le serveur vicprdvulnapp01: Invalid URL 'None': No scheme supplied. Perhaps you meant https://None?
2025-09-03 17:30:05,934 - agents.rapid7_collector - GLPI-VCSI - ERROR - Erreur de requête HTTP pour le serveur FRHQSV926: Invalid URL 'None': No scheme supplied. Perhaps you meant https://None?
2025-09-03 17:30:05,935 - agents.rapid7_collector - GLPI-VCSI - ERROR - Erreur de requête HTTP pour le serveur cassandra-node-HF-prd-2: Invalid URL 'None': No scheme supplied. Perhaps you meant https://None?
2025-09-03 17:30:05,935 - agents.rapid7_collector - GLPI-VCSI - ERROR - Erreur de requête HTTP pour le serveur VIN-0042: Invalid URL 'None': No scheme supplied. Perhaps you meant https://None?
2025-09-03 17:30:05,936 - agents.rapid7_collector - GLPI-VCSI - ERROR - Erreur de requête HTTP pour le serveur cassandra-node-HF-prd-3: Invalid URL 'None': No scheme supplied. Perhaps you meant https://None?
2025-09-03 17:30:05,936 - agents.rapid7_collector - GLPI-VCSI - ERROR - Erreur de requête HTTP pour le serveur FRHQSV906: Invalid URL 'None': No scheme supplied. Perhaps you meant https://None?
2025-09-03 17:30:05,936 - agents.rapid7_collector - GLPI-VCSI - ERROR - Erreur de requête HTTP pour le serveur VIN-0047: Invalid URL 'None': No scheme supplied. Perhaps you meant https://None?
2025-09-03 17:30:05,937 - agents.rapid7_collector - GLPI-VCSI - ERROR - Erreur de requête HTTP pour le serveur cassandra-node-HF-prd-4: Invalid URL 'None': No scheme supplied. Perhaps you meant https://None?
2025-09-03 17:30:05,937 - agents.rapid7_collector - GLPI-VCSI - ERROR - Erreur de requête HTTP pour le serveur FRHQSV927: Invalid URL 'None': No scheme supplied. Perhaps you meant https://None?
2025-09-03 17:30:05,938 - agents.rapid7_collector - GLPI-VCSI - ERROR - Erreur de requête HTTP pour le serveur vicprdsseifbe01: Invalid URL 'None': No scheme supplied. Perhaps you meant https://None?
2025-09-03 17:30:05,939 - agents.rapid7_collector - GLPI-VCSI - ERROR - Erreur de requête HTTP pour le serveur FRHQSV946: Invalid URL 'None': No scheme supplied. Perhaps you meant https://None?
2025-09-03 17:30:05,939 - agents.rapid7_collector - GLPI-VCSI - ERROR - Erreur de requête HTTP pour le serveur cassandra-node-HF-prd-5: Invalid URL 'None': No scheme supplied. Perhaps you meant https://None?
2025-09-03 17:30:05,959 - agents.rapid7_collector - GLPI-VCSI - ERROR - Erreur de requête HTTP pour le serveur FRHQSV979: Invalid URL 'None': No scheme supplied. Perhaps you meant https://None?
2025-09-03 17:30:05,940 - agents.rapid7_collector - GLPI-VCSI - ERROR - Erreur de requête HTTP pour le serveur vicprdpgasfbe10: Invalid URL 'None': No scheme supplied. Perhaps you meant https://None?
2025-09-03 17:30:05,941 - agents.rapid7_collector - GLPI-VCSI - ERROR - Erreur de requête HTTP pour le serveur EUR1022: Invalid URL 'None': No scheme supplied. Perhaps you meant https://None?
2025-09-03 17:30:05,962 - agents.rapid7_collector - GLPI-VCSI - ERROR - Erreur de requête HTTP pour le serveur SOFFRPRDAWO01: Invalid URL 'None': No scheme supplied. Perhaps you meant https://None?
2025-09-03 17:30:05,942 - agents.rapid7_collector - GLPI-VCSI - ERROR - Erreur de requête HTTP pour le serveur AZ33ILD-DataCollector03: Invalid URL 'None': No scheme supplied. Perhaps you meant https://None?
2025-09-03 17:30:05,964 - agents.rapid7_collector - GLPI-VCSI - ERROR - Erreur de requête HTTP pour le serveur SOFFRPRDDISPA01: Invalid URL 'None': No scheme supplied. Perhaps you meant https://None?
2025-09-03 17:30:05,943 - agents.rapid7_collector - GLPI-VCSI - ERROR - Erreur de requête HTTP pour le serveur vicprdpgasfbe04: Invalid URL 'None': No scheme supplied. Perhaps you meant https://None?
2025-09-03 17:30:05,943 - agents.rapid7_collector - GLPI-VCSI - ERROR - Erreur de requête HTTP pour le serveur GLRESITSV024: Invalid URL 'None': No scheme supplied. Perhaps you meant https://None?
2025-09-03 17:30:05,943 - agents.rapid7_collector - GLPI-VCSI - ERROR - Erreur de requête HTTP pour le serveur AZ33ILD-DataCollector04: Invalid URL 'None': No scheme supplied. Perhaps you meant https://None?
2025-09-03 17:30:05,970 - agents.rapid7_collector - GLPI-VCSI - ERROR - Erreur de requête HTTP pour le serveur GLRESITSV022: Invalid URL 'None': No scheme supplied. Perhaps you meant https://None?
2025-09-03 17:30:05,949 - agents.rapid7_collector - GLPI-VCSI - ERROR - Erreur de requête HTTP pour le serveur AZUSCTPER2-1: Invalid URL 'None': No scheme supplied. Perhaps you meant https://None?
2025-09-03 17:30:05,949 - agents.rapid7_collector - GLPI-VCSI - ERROR - Erreur de requête HTTP pour le serveur FRHQSV977: Invalid URL 'None': No scheme supplied. Perhaps you meant https://None?
2025-09-03 17:30:05,951 - agents.rapid7_collector - GLPI-VCSI - ERROR - Erreur de requête HTTP pour le serveur vicprdpgasfbe09: Invalid URL 'None': No scheme supplied. Perhaps you meant https://None?
2025-09-03 17:30:05,953 - agents.rapid7_collector - GLPI-VCSI - ERROR - Erreur de requête HTTP pour le serveur GLRESITSV025: Invalid URL 'None': No scheme supplied. Perhaps you meant https://None?
2025-09-03 17:30:05,953 - agents.rapid7_collector - GLPI-VCSI - ERROR - Erreur de requête HTTP pour le serveur ubuntu22ovpn-br: Invalid URL 'None': No scheme supplied. Perhaps you meant https://None?
2025-09-03 17:30:05,954 - agents.rapid7_collector - GLPI-VCSI - ERROR - Erreur de requête HTTP pour le serveur vicdevsseiapp02: Invalid URL 'None': No scheme supplied. Perhaps you meant https://None?
2025-09-03 17:30:05,955 - agents.rapid7_collector - GLPI-VCSI - ERROR - Erreur de requête HTTP pour le serveur ubuntu22ovpn: Invalid URL 'None': No scheme supplied. Perhaps you meant https://None?
2025-09-03 17:30:05,955 - agents.rapid7_collector - GLPI-VCSI - ERROR - Erreur de requête HTTP pour le serveur UKFRA000DC002: Invalid URL 'None': No scheme supplied. Perhaps you meant https://None?
2025-09-03 17:30:05,956 - agents.rapid7_collector - GLPI-VCSI - ERROR - Erreur de requête HTTP pour le serveur vicppdsseiapp01: Invalid URL 'None': No scheme supplied. Perhaps you meant https://None?
2025-09-03 17:30:05,956 - agents.rapid7_collector - GLPI-VCSI - ERROR - Erreur de requête HTTP pour le serveur SOFFRPOCSMTP01: Invalid URL 'None': No scheme supplied. Perhaps you meant https://None?
2025-09-03 17:30:05,977 - agents.rapid7_collector - GLPI-VCSI - ERROR - Erreur de requête HTTP pour le serveur vicprdpshlapp02: Invalid URL 'None': No scheme supplied. Perhaps you meant https://None?
2025-09-03 17:30:05,957 - agents.rapid7_collector - GLPI-VCSI - ERROR - Erreur de requête HTTP pour le serveur GLRESITSV019: Invalid URL 'None': No scheme supplied. Perhaps you meant https://None?
2025-09-03 17:30:05,958 - agents.rapid7_collector - GLPI-VCSI - ERROR - Erreur de requête HTTP pour le serveur SOFFRPOCSMTP02: Invalid URL 'None': No scheme supplied. Perhaps you meant https://None?
2025-09-03 17:30:05,980 - agents.rapid7_collector - GLPI-VCSI - ERROR - Erreur de requête HTTP pour le serveur AZ33ILD-Scylla: Invalid URL 'None': No scheme supplied. Perhaps you meant https://None?
2025-09-03 17:30:05,960 - agents.rapid7_collector - GLPI-VCSI - ERROR - Erreur de requête HTTP pour le serveur vicppdsseifbe01: Invalid URL 'None': No scheme supplied. Perhaps you meant https://None?
2025-09-03 17:30:05,941 - agents.rapid7_collector - GLPI-VCSI - ERROR - Erreur de requête HTTP pour le serveur vicprdpgasfbe02: Invalid URL 'None': No scheme supplied. Perhaps you meant https://None?
2025-09-03 17:30:05,962 - agents.rapid7_collector - GLPI-VCSI - ERROR - Erreur de requête HTTP pour le serveur EUR1011: Invalid URL 'None': No scheme supplied. Perhaps you meant https://None?
2025-09-03 17:30:05,963 - agents.rapid7_collector - GLPI-VCSI - ERROR - Erreur de requête HTTP pour le serveur vicprdinfrlic01: Invalid URL 'None': No scheme supplied. Perhaps you meant https://None?
2025-09-03 17:30:05,942 - agents.rapid7_collector - GLPI-VCSI - ERROR - Erreur de requête HTTP pour le serveur FRHQSV913: Invalid URL 'None': No scheme supplied. Perhaps you meant https://None?
2025-09-03 17:30:05,969 - agents.rapid7_collector - GLPI-VCSI - ERROR - Erreur de requête HTTP pour le serveur USFRA000DC002: Invalid URL 'None': No scheme supplied. Perhaps you meant https://None?
2025-09-03 17:30:05,969 - agents.rapid7_collector - GLPI-VCSI - ERROR - Erreur de requête HTTP pour le serveur vicrecpgasfbe01: Invalid URL 'None': No scheme supplied. Perhaps you meant https://None?
2025-09-03 17:30:05,970 - agents.rapid7_collector - GLPI-VCSI - ERROR - Erreur de requête HTTP pour le serveur SOFFRPRDSQL02: Invalid URL 'None': No scheme supplied. Perhaps you meant https://None?
2025-09-03 17:30:05,944 - agents.rapid7_collector - GLPI-VCSI - ERROR - Erreur de requête HTTP pour le serveur vicprdpgasfbe01: Invalid URL 'None': No scheme supplied. Perhaps you meant https://None?
2025-09-03 17:30:05,971 - agents.rapid7_collector - GLPI-VCSI - ERROR - Erreur de requête HTTP pour le serveur vicdevsseiapp01: Invalid URL 'None': No scheme supplied. Perhaps you meant https://None?
2025-09-03 17:30:05,972 - agents.rapid7_collector - GLPI-VCSI - ERROR - Erreur de requête HTTP pour le serveur GLRESITSV023: Invalid URL 'None': No scheme supplied. Perhaps you meant https://None?
2025-09-03 17:30:05,973 - agents.rapid7_collector - GLPI-VCSI - ERROR - Erreur de requête HTTP pour le serveur SOFFRPRDTEAM01: Invalid URL 'None': No scheme supplied. Perhaps you meant https://None?
2025-09-03 17:30:05,973 - agents.rapid7_collector - GLPI-VCSI - ERROR - Erreur de requête HTTP pour le serveur vicprdinfrpwd02: Invalid URL 'None': No scheme supplied. Perhaps you meant https://None?
2025-09-03 17:30:05,974 - agents.rapid7_collector - GLPI-VCSI - ERROR - Erreur de requête HTTP pour le serveur SOFFRPRDTEAMC01: Invalid URL 'None': No scheme supplied. Perhaps you meant https://None?
2025-09-03 17:30:05,975 - agents.rapid7_collector - GLPI-VCSI - ERROR - Erreur de requête HTTP pour le serveur EUR1026: Invalid URL 'None': No scheme supplied. Perhaps you meant https://None?
2025-09-03 17:30:05,975 - agents.rapid7_collector - GLPI-VCSI - ERROR - Erreur de requête HTTP pour le serveur vicdevsseifbe01: Invalid URL 'None': No scheme supplied. Perhaps you meant https://None?
2025-09-03 17:30:05,976 - agents.rapid7_collector - GLPI-VCSI - ERROR - Erreur de requête HTTP pour le serveur AZ33ILD-AirFlow: Invalid URL 'None': No scheme supplied. Perhaps you meant https://None?
2025-09-03 17:30:05,976 - agents.rapid7_collector - GLPI-VCSI - ERROR - Erreur de requête HTTP pour le serveur INTE73: Invalid URL 'None': No scheme supplied. Perhaps you meant https://None?
2025-09-03 17:30:05,978 - agents.rapid7_collector - GLPI-VCSI - ERROR - Erreur de requête HTTP pour le serveur AZ33ILD-AIRFLOW-TEST: Invalid URL 'None': No scheme supplied. Perhaps you meant https://None?
2025-09-03 17:30:05,978 - agents.rapid7_collector - GLPI-VCSI - ERROR - Erreur de requête HTTP pour le serveur EUR1025: Invalid URL 'None': No scheme supplied. Perhaps you meant https://None?
2025-09-03 17:30:05,957 - agents.rapid7_collector - GLPI-VCSI - ERROR - Erreur de requête HTTP pour le serveur vicdevsseifbe02: Invalid URL 'None': No scheme supplied. Perhaps you meant https://None?
2025-09-03 17:30:05,979 - agents.rapid7_collector - GLPI-VCSI - ERROR - Erreur de requête HTTP pour le serveur vicprdmrdsweb03: Invalid URL 'None': No scheme supplied. Perhaps you meant https://None?
2025-09-03 17:30:05,980 - agents.rapid7_collector - GLPI-VCSI - ERROR - Erreur de requête HTTP pour le serveur FRHQLB002: Invalid URL 'None': No scheme supplied. Perhaps you meant https://None?
2025-09-03 17:30:05,981 - agents.rapid7_collector - GLPI-VCSI - ERROR - Erreur de requête HTTP pour le serveur VICPRDEXCHFSW02: Invalid URL 'None': No scheme supplied. Perhaps you meant https://None?
2025-09-03 17:30:05,982 - agents.rapid7_collector - GLPI-VCSI - ERROR - Erreur de requête HTTP pour le serveur AZ33ILD-Cassandra01: Invalid URL 'None': No scheme supplied. Perhaps you meant https://None?
2025-09-03 17:30:05,940 - agents.rapid7_collector - GLPI-VCSI - ERROR - Erreur de requête HTTP pour le serveur AZ33ILD-DataCollector02: Invalid URL 'None': No scheme supplied. Perhaps you meant https://None?
2025-09-03 17:30:05,983 - agents.rapid7_collector - GLPI-VCSI - ERROR - Erreur de requête HTTP pour le serveur FRHQSV953: Invalid URL 'None': No scheme supplied. Perhaps you meant https://None?
2025-09-03 17:30:05,984 - agents.rapid7_collector - GLPI-VCSI - ERROR - Erreur de requête HTTP pour le serveur VICPRDEXCHCLI02: Invalid URL 'None': No scheme supplied. Perhaps you meant https://None?
2025-09-03 17:30:05,984 - agents.rapid7_collector - GLPI-VCSI - ERROR - Erreur de requête HTTP pour le serveur AZ33ILD-Cassandra02: Invalid URL 'None': No scheme supplied. Perhaps you meant https://None?
2025-09-03 17:30:05,986 - agents.rapid7_collector - GLPI-VCSI - ERROR - Erreur de requête HTTP pour le serveur vicprdinfrsql02: Invalid URL 'None': No scheme supplied. Perhaps you meant https://None?
2025-09-03 17:30:05,986 - agents.rapid7_collector - GLPI-VCSI - ERROR - Erreur de requête HTTP pour le serveur GLRESITSV017: Invalid URL 'None': No scheme supplied. Perhaps you meant https://None?
2025-09-03 17:30:05,986 - agents.rapid7_collector - GLPI-VCSI - ERROR - Erreur de requête HTTP pour le serveur AZ33ILD-Cassandra03: Invalid URL 'None': No scheme supplied. Perhaps you meant https://None?
2025-09-03 17:30:05,987 - agents.rapid7_collector - GLPI-VCSI - ERROR - Erreur de requête HTTP pour le serveur FRHQLB001: Invalid URL 'None': No scheme supplied. Perhaps you meant https://None?
2025-09-03 17:30:05,987 - agents.rapid7_collector - GLPI-VCSI - ERROR - Erreur de requête HTTP pour le serveur vicdevnetwtrt01: Invalid URL 'None': No scheme supplied. Perhaps you meant https://None?
2025-09-03 17:30:05,988 - agents.rapid7_collector - GLPI-VCSI - ERROR - Erreur de requête HTTP pour le serveur AZ33ILD-Cassandra04: Invalid URL 'None': No scheme supplied. Perhaps you meant https://None?
2025-09-03 17:30:05,989 - agents.rapid7_collector - GLPI-VCSI - ERROR - Erreur de requête HTTP pour le serveur GLRESITSV021: Invalid URL 'None': No scheme supplied. Perhaps you meant https://None?
2025-09-03 17:30:05,990 - agents.rapid7_collector - GLPI-VCSI - ERROR - Erreur de requête HTTP pour le serveur vicprdvcntjob04: Invalid URL 'None': No scheme supplied. Perhaps you meant https://None?
2025-09-03 17:30:05,990 - agents.rapid7_collector - GLPI-VCSI - ERROR - Erreur de requête HTTP pour le serveur AZ33ILD-Cassandra05: Invalid URL 'None': No scheme supplied. Perhaps you meant https://None?
2025-09-03 17:30:05,991 - agents.rapid7_collector - GLPI-VCSI - ERROR - Erreur de requête HTTP pour le serveur FRHQSV199: Invalid URL 'None': No scheme supplied. Perhaps you meant https://None?
2025-09-03 17:30:05,992 - agents.rapid7_collector - GLPI-VCSI - ERROR - Erreur de requête HTTP pour le serveur AZ33ILD-Cassandra10: Invalid URL 'None': No scheme supplied. Perhaps you meant https://None?
2025-09-03 17:30:05,992 - agents.rapid7_collector - GLPI-VCSI - ERROR - Erreur de requête HTTP pour le serveur vicprdvcnttac04: Invalid URL 'None': No scheme supplied. Perhaps you meant https://None?
2025-09-03 17:30:05,992 - agents.rapid7_collector - GLPI-VCSI - ERROR - Erreur de requête HTTP pour le serveur GLRESITSV016: Invalid URL 'None': No scheme supplied. Perhaps you meant https://None?
2025-09-03 17:30:05,993 - agents.rapid7_collector - GLPI-VCSI - ERROR - Erreur de requête HTTP pour le serveur AZ33ILD-Cassandra11: Invalid URL 'None': No scheme supplied. Perhaps you meant https://None?
2025-09-03 17:30:05,993 - agents.rapid7_collector - GLPI-VCSI - ERROR - Erreur de requête HTTP pour le serveur vicprdvcntesb07: Invalid URL 'None': No scheme supplied. Perhaps you meant https://None?
2025-09-03 17:30:05,994 - agents.rapid7_collector - GLPI-VCSI - ERROR - Erreur de requête HTTP pour le serveur AZ33ILD-Cassandra12: Invalid URL 'None': No scheme supplied. Perhaps you meant https://None?
2025-09-03 17:30:05,994 - agents.rapid7_collector - GLPI-VCSI - ERROR - Erreur de requête HTTP pour le serveur FRHQMLTSV001: Invalid URL 'None': No scheme supplied. Perhaps you meant https://None?
2025-09-03 17:30:05,995 - agents.rapid7_collector - GLPI-VCSI - ERROR - Erreur de requête HTTP pour le serveur vicprdvcnttac03: Invalid URL 'None': No scheme supplied. Perhaps you meant https://None?
2025-09-03 17:30:05,995 - agents.rapid7_collector - GLPI-VCSI - ERROR - Erreur de requête HTTP pour le serveur FRHQMLTSV002: Invalid URL 'None': No scheme supplied. Perhaps you meant https://None?
2025-09-03 17:30:05,996 - agents.rapid7_collector - GLPI-VCSI - ERROR - Erreur de requête HTTP pour le serveur AZ33ILD-Cassandra13: Invalid URL 'None': No scheme supplied. Perhaps you meant https://None?
2025-09-03 17:30:05,997 - agents.rapid7_collector - GLPI-VCSI - ERROR - Erreur de requête HTTP pour le serveur vicprdvcntnxs02: Invalid URL 'None': No scheme supplied. Perhaps you meant https://None?
2025-09-03 17:30:05,997 - agents.rapid7_collector - GLPI-VCSI - ERROR - Erreur de requête HTTP pour le serveur EUR1008: Invalid URL 'None': No scheme supplied. Perhaps you meant https://None?
2025-09-03 17:30:05,997 - agents.rapid7_collector - GLPI-VCSI - ERROR - Erreur de requête HTTP pour le serveur vicprdvcntrds02: Invalid URL 'None': No scheme supplied. Perhaps you meant https://None?
2025-09-03 17:30:05,998 - agents.rapid7_collector - GLPI-VCSI - ERROR - Erreur de requête HTTP pour le serveur AZ33ILD-Cassandra14: Invalid URL 'None': No scheme supplied. Perhaps you meant https://None?
2025-09-03 17:30:05,999 - agents.rapid7_collector - GLPI-VCSI - ERROR - Erreur de requête HTTP pour le serveur GLRESITSV018: Invalid URL 'None': No scheme supplied. Perhaps you meant https://None?
2025-09-03 17:30:05,999 - agents.rapid7_collector - GLPI-VCSI - ERROR - Erreur de requête HTTP pour le serveur RDS-CDS-2019-BASE: Invalid URL 'None': No scheme supplied. Perhaps you meant https://None?
2025-09-03 17:30:06,000 - agents.rapid7_collector - GLPI-VCSI - ERROR - Erreur de requête HTTP pour le serveur VIN-0052: Invalid URL 'None': No scheme supplied. Perhaps you meant https://None?
2025-09-03 17:30:06,000 - agents.rapid7_collector - GLPI-VCSI - ERROR - Erreur de requête HTTP pour le serveur FRHQSV954: Invalid URL 'None': No scheme supplied. Perhaps you meant https://None?
2025-09-03 17:30:06,000 - agents.rapid7_collector - GLPI-VCSI - ERROR - Erreur de requête HTTP pour le serveur AZ33ILD-nifi-1.16.3-j17-dev: Invalid URL 'None': No scheme supplied. Perhaps you meant https://None?
2025-09-03 17:30:06,001 - agents.rapid7_collector - GLPI-VCSI - ERROR - Erreur de requête HTTP pour le serveur vicprdvcntesb05: Invalid URL 'None': No scheme supplied. Perhaps you meant https://None?
2025-09-03 17:30:06,001 - agents.rapid7_collector - GLPI-VCSI - ERROR - Erreur de requête HTTP pour le serveur FRHQSV981: Invalid URL 'None': No scheme supplied. Perhaps you meant https://None?
2025-09-03 17:30:06,012 - agents.rapid7_collector - GLPI-VCSI - ERROR - Erreur de requête HTTP pour le serveur AZAUFreyweb01: Invalid URL 'None': No scheme supplied. Perhaps you meant https://None?
2025-09-03 17:30:06,003 - agents.rapid7_collector - GLPI-VCSI - ERROR - Erreur de requête HTTP pour le serveur vicprdvcntesb06: Invalid URL 'None': No scheme supplied. Perhaps you meant https://None?
2025-09-03 17:30:06,003 - agents.rapid7_collector - GLPI-VCSI - ERROR - Erreur de requête HTTP pour le serveur INTE74: Invalid URL 'None': No scheme supplied. Perhaps you meant https://None?
2025-09-03 17:30:06,003 - agents.rapid7_collector - GLPI-VCSI - ERROR - Erreur de requête HTTP pour le serveur AZ33ILD-nifi-prod-1.16.3-j17: Invalid URL 'None': No scheme supplied. Perhaps you meant https://None?
2025-09-03 17:30:06,004 - agents.rapid7_collector - GLPI-VCSI - ERROR - Erreur de requête HTTP pour le serveur vicprdvcntesb08: Invalid URL 'None': No scheme supplied. Perhaps you meant https://None?
2025-09-03 17:30:06,005 - agents.rapid7_collector - GLPI-VCSI - ERROR - Erreur de requête HTTP pour le serveur FRHQSV944: Invalid URL 'None': No scheme supplied. Perhaps you meant https://None?
2025-09-03 17:30:06,005 - agents.rapid7_collector - GLPI-VCSI - ERROR - Erreur de requête HTTP pour le serveur nifi-dev: Invalid URL 'None': No scheme supplied. Perhaps you meant https://None?
2025-09-03 17:30:06,005 - agents.rapid7_collector - GLPI-VCSI - ERROR - Erreur de requête HTTP pour le serveur GLRESITSV020: Invalid URL 'None': No scheme supplied. Perhaps you meant https://None?
2025-09-03 17:30:06,022 - agents.rapid7_collector - GLPI-VCSI - ERROR - Erreur de requête HTTP pour le serveur VINPRDOPMGAPP01: Invalid URL 'None': No scheme supplied. Perhaps you meant https://None?
2025-09-03 17:30:06,007 - agents.rapid7_collector - GLPI-VCSI - ERROR - Erreur de requête HTTP pour le serveur nifi-prod-backup: Invalid URL 'None': No scheme supplied. Perhaps you meant https://None?
2025-09-03 17:30:06,007 - agents.rapid7_collector - GLPI-VCSI - ERROR - Erreur de requête HTTP pour le serveur vicprdvcntlog02: Invalid URL 'None': No scheme supplied. Perhaps you meant https://None?
2025-09-03 17:30:06,007 - agents.rapid7_collector - GLPI-VCSI - ERROR - Erreur de requête HTTP pour le serveur EUR1029: Invalid URL 'None': No scheme supplied. Perhaps you meant https://None?
2025-09-03 17:30:06,022 - agents.rapid7_collector - GLPI-VCSI - ERROR - Erreur de requête HTTP pour le serveur SOFFRMIGTEAM01: Invalid URL 'None': No scheme supplied. Perhaps you meant https://None?
2025-09-03 17:30:06,008 - agents.rapid7_collector - GLPI-VCSI - ERROR - Erreur de requête HTTP pour le serveur FRHQSV910: Invalid URL 'None': No scheme supplied. Perhaps you meant https://None?
2025-09-03 17:30:06,009 - agents.rapid7_collector - GLPI-VCSI - ERROR - Erreur de requête HTTP pour le serveur vicprdvcntnfs02: Invalid URL 'None': No scheme supplied. Perhaps you meant https://None?
2025-09-03 17:30:06,009 - agents.rapid7_collector - GLPI-VCSI - ERROR - Erreur de requête HTTP pour le serveur AZAUFREYARC: Invalid URL 'None': No scheme supplied. Perhaps you meant https://None?
2025-09-03 17:30:06,010 - agents.rapid7_collector - GLPI-VCSI - ERROR - Erreur de requête HTTP pour le serveur EUR1028: Invalid URL 'None': No scheme supplied. Perhaps you meant https://None?
2025-09-03 17:30:06,010 - agents.rapid7_collector - GLPI-VCSI - ERROR - Erreur de requête HTTP pour le serveur VIN-0050: Invalid URL 'None': No scheme supplied. Perhaps you meant https://None?
2025-09-03 17:30:06,011 - agents.rapid7_collector - GLPI-VCSI - ERROR - Erreur de requête HTTP pour le serveur AZAUFreySQL: Invalid URL 'None': No scheme supplied. Perhaps you meant https://None?
2025-09-03 17:30:06,012 - agents.rapid7_collector - GLPI-VCSI - ERROR - Erreur de requête HTTP pour le serveur EUR1030: Invalid URL 'None': No scheme supplied. Perhaps you meant https://None?
2025-09-03 17:30:06,012 - agents.rapid7_collector - GLPI-VCSI - ERROR - Erreur de requête HTTP pour le serveur vicprdvcntjob03: Invalid URL 'None': No scheme supplied. Perhaps you meant https://None?
2025-09-03 17:30:06,002 - agents.rapid7_collector - GLPI-VCSI - ERROR - Erreur de requête HTTP pour le serveur AZ33ILD-nifi-dev-1.16.3-j17: Invalid URL 'None': No scheme supplied. Perhaps you meant https://None?
2025-09-03 17:30:06,024 - agents.rapid7_collector - GLPI-VCSI - ERROR - Erreur de requête HTTP pour le serveur VCFI-APPLI-03 (DOCWARE): Invalid URL 'None': No scheme supplied. Perhaps you meant https://None?
2025-09-03 17:30:06,017 - agents.rapid7_collector - GLPI-VCSI - ERROR - Erreur de requête HTTP pour le serveur VIN-0018: Invalid URL 'None': No scheme supplied. Perhaps you meant https://None?
2025-09-03 17:30:06,006 - agents.rapid7_collector - GLPI-VCSI - ERROR - Erreur de requête HTTP pour le serveur VCFI-APPLI-07: Invalid URL 'None': No scheme supplied. Perhaps you meant https://None?
2025-09-03 17:30:06,026 - agents.rapid7_collector - GLPI-VCSI - ERROR - Erreur de requête HTTP pour le serveur VINPRDVEEAAPP01: Invalid URL 'None': No scheme supplied. Perhaps you meant https://None?
2025-09-03 17:30:06,008 - agents.rapid7_collector - GLPI-VCSI - ERROR - Erreur de requête HTTP pour le serveur nifi-prod-main: Invalid URL 'None': No scheme supplied. Perhaps you meant https://None?
2025-09-03 17:30:06,022 - agents.rapid7_collector - GLPI-VCSI - ERROR - Erreur de requête HTTP pour le serveur SOFDEVTEAMC01: Invalid URL 'None': No scheme supplied. Perhaps you meant https://None?
2025-09-03 17:30:06,019 - agents.rapid7_collector - GLPI-VCSI - ERROR - Erreur de requête HTTP pour le serveur vmvukuatuks001: Invalid URL 'None': No scheme supplied. Perhaps you meant https://None?
2025-09-03 17:30:06,022 - agents.rapid7_collector - GLPI-VCSI - ERROR - Erreur de requête HTTP pour le serveur VIN-0051: Invalid URL 'None': No scheme supplied. Perhaps you meant https://None?
2025-09-03 17:30:06,023 - agents.rapid7_collector - GLPI-VCSI - ERROR - Erreur de requête HTTP pour le serveur VIN-0049: Invalid URL 'None': No scheme supplied. Perhaps you meant https://None?
2025-09-03 17:30:06,028 - agents.rapid7_collector - GLPI-VCSI - ERROR - Erreur de requête HTTP pour le serveur SOFPRDDIS01: Invalid URL 'None': No scheme supplied. Perhaps you meant https://None?
2025-09-03 17:30:06,028 - agents.rapid7_collector - GLPI-VCSI - ERROR - Erreur de requête HTTP pour le serveur VIN-0019: Invalid URL 'None': No scheme supplied. Perhaps you meant https://None?
2025-09-03 17:30:06,018 - agents.rapid7_collector - GLPI-VCSI - ERROR - Erreur de requête HTTP pour le serveur AZAUFreyweb02: Invalid URL 'None': No scheme supplied. Perhaps you meant https://None?
2025-09-03 17:30:06,028 - agents.rapid7_collector - GLPI-VCSI - ERROR - Erreur de requête HTTP pour le serveur SOFPRDSQL01: Invalid URL 'None': No scheme supplied. Perhaps you meant https://None?
2025-09-03 17:30:06,025 - agents.rapid7_collector - GLPI-VCSI - ERROR - Erreur de requête HTTP pour le serveur SOFHOMTEAM01: Invalid URL 'None': No scheme supplied. Perhaps you meant https://None?
2025-09-03 17:30:06,020 - agents.rapid7_collector - GLPI-VCSI - ERROR - Erreur de requête HTTP pour le serveur VIN-0044: Invalid URL 'None': No scheme supplied. Perhaps you meant https://None?
2025-09-03 17:30:06,026 - agents.rapid7_collector - GLPI-VCSI - ERROR - Erreur de requête HTTP pour le serveur SOFPRDAWO01: Invalid URL 'None': No scheme supplied. Perhaps you meant https://None?
2025-09-03 17:30:06,027 - agents.rapid7_collector - GLPI-VCSI - ERROR - Erreur de requête HTTP pour le serveur VIN-0043: Invalid URL 'None': No scheme supplied. Perhaps you meant https://None?
2025-09-03 17:30:06,029 - agents.rapid7_collector - GLPI-VCSI - ERROR - Erreur de requête HTTP pour le serveur SOFPRDTEAM01: Invalid URL 'None': No scheme supplied. Perhaps you meant https://None?
2025-09-03 17:30:06,023 - agents.rapid7_collector - GLPI-VCSI - ERROR - Erreur de requête HTTP pour le serveur SOFFRTSTTEAM01: Invalid URL 'None': No scheme supplied. Perhaps you meant https://None?
2025-09-03 17:30:06,024 - agents.rapid7_collector - GLPI-VCSI - ERROR - Erreur de requête HTTP pour le serveur SOFHOMSQL01: Invalid URL 'None': No scheme supplied. Perhaps you meant https://None?
2025-09-03 17:30:06,029 - agents.rapid7_collector - GLPI-VCSI - ERROR - Erreur de requête HTTP pour le serveur VIN-0030: Invalid URL 'None': No scheme supplied. Perhaps you meant https://None?
2025-09-03 17:30:06,023 - agents.rapid7_collector - GLPI-VCSI - ERROR - Erreur de requête HTTP pour le serveur SOFFRPPDTEAMC01: Invalid URL 'None': No scheme supplied. Perhaps you meant https://None?
2025-09-03 17:30:06,031 - agents.rapid7_collector - GLPI-VCSI - ERROR - Erreur de requête HTTP pour le serveur vicppdlippfbe01: Invalid URL 'None': No scheme supplied. Perhaps you meant https://None?
2025-09-03 17:30:06,030 - agents.rapid7_collector - GLPI-VCSI - ERROR - Erreur de requête HTTP pour le serveur vicppddocwfbe02: Invalid URL 'None': No scheme supplied. Perhaps you meant https://None?
2025-09-03 17:30:06,032 - agents.rapid7_collector - GLPI-VCSI - ERROR - Erreur de requête HTTP pour le serveur 3840a53b8329400fa50609305c89b6a6: Invalid URL 'None': No scheme supplied. Perhaps you meant https://None?
2025-09-03 17:30:06,032 - agents.rapid7_collector - GLPI-VCSI - ERROR - Erreur de requête HTTP pour le serveur nakina-vm: Invalid URL 'None': No scheme supplied. Perhaps you meant https://None?
2025-09-03 17:30:06,032 - agents.rapid7_collector - GLPI-VCSI - ERROR - Erreur de requête HTTP pour le serveur vicprdlippfbe08: Invalid URL 'None': No scheme supplied. Perhaps you meant https://None?
2025-09-03 17:30:06,033 - agents.rapid7_collector - GLPI-VCSI - ERROR - Erreur de requête HTTP pour le serveur 41abbfd342be4a9e96278c630a0a6670: Invalid URL 'None': No scheme supplied. Perhaps you meant https://None?
2025-09-03 17:30:06,034 - agents.rapid7_collector - GLPI-VCSI - ERROR - Erreur de requête HTTP pour le serveur ac9005168fc54932a83ffd3704861674: Invalid URL 'None': No scheme supplied. Perhaps you meant https://None?
2025-09-03 17:30:06,035 - agents.rapid7_collector - GLPI-VCSI - ERROR - Erreur de requête HTTP pour le serveur vicppdmatifbe01: Invalid URL 'None': No scheme supplied. Perhaps you meant https://None?
2025-09-03 17:30:06,035 - agents.rapid7_collector - GLPI-VCSI - ERROR - Erreur de requête HTTP pour le serveur VM-CZEUATNAUTOBOT01: Invalid URL 'None': No scheme supplied. Perhaps you meant https://None?
2025-09-03 17:30:06,035 - agents.rapid7_collector - GLPI-VCSI - ERROR - Erreur de requête HTTP pour le serveur vicrecmatifbe01: Invalid URL 'None': No scheme supplied. Perhaps you meant https://None?
2025-09-03 17:30:06,036 - agents.rapid7_collector - GLPI-VCSI - ERROR - Erreur de requête HTTP pour le serveur vicprdtoscapp01: Invalid URL 'None': No scheme supplied. Perhaps you meant https://None?
2025-09-03 17:30:06,037 - agents.rapid7_collector - GLPI-VCSI - ERROR - Erreur de requête HTTP pour le serveur vm-czemgtvbaz01: Invalid URL 'None': No scheme supplied. Perhaps you meant https://None?
2025-09-03 17:30:06,037 - agents.rapid7_collector - GLPI-VCSI - ERROR - Erreur de requête HTTP pour le serveur vicprdmsqlapp01: Invalid URL 'None': No scheme supplied. Perhaps you meant https://None?
2025-09-03 17:30:06,038 - agents.rapid7_collector - GLPI-VCSI - ERROR - Erreur de requête HTTP pour le serveur vm-czeppddce01: Invalid URL 'None': No scheme supplied. Perhaps you meant https://None?
2025-09-03 17:30:06,040 - agents.rapid7_collector - GLPI-VCSI - ERROR - Erreur de requête HTTP pour le serveur AZ33ILD-ARTI: Invalid URL 'None': No scheme supplied. Perhaps you meant https://None?
2025-09-03 17:30:06,040 - agents.rapid7_collector - GLPI-VCSI - ERROR - Erreur de requête HTTP pour le serveur vicprdlippfbe15: Invalid URL 'None': No scheme supplied. Perhaps you meant https://None?
2025-09-03 17:30:06,042 - agents.rapid7_collector - GLPI-VCSI - ERROR - Erreur de requête HTTP pour le serveur vicprdlippfbe04: Invalid URL 'None': No scheme supplied. Perhaps you meant https://None?
2025-09-03 17:30:06,043 - agents.rapid7_collector - GLPI-VCSI - ERROR - Erreur de requête HTTP pour le serveur vicprdlippfbe12: Invalid URL 'None': No scheme supplied. Perhaps you meant https://None?
2025-09-03 17:30:06,044 - agents.rapid7_collector - GLPI-VCSI - ERROR - Erreur de requête HTTP pour le serveur AZ33ILD-arti-backup: Invalid URL 'None': No scheme supplied. Perhaps you meant https://None?
2025-09-03 17:30:06,044 - agents.rapid7_collector - GLPI-VCSI - ERROR - Erreur de requête HTTP pour le serveur vicprdlippfbe11: Invalid URL 'None': No scheme supplied. Perhaps you meant https://None?
2025-09-03 17:30:06,045 - agents.rapid7_collector - GLPI-VCSI - ERROR - Erreur de requête HTTP pour le serveur AZ33ILD-Artifactory: Invalid URL 'None': No scheme supplied. Perhaps you meant https://None?
2025-09-03 17:30:06,045 - agents.rapid7_collector - GLPI-VCSI - ERROR - Erreur de requête HTTP pour le serveur AZ33ILD-compba: Invalid URL 'None': No scheme supplied. Perhaps you meant https://None?
2025-09-03 17:30:06,046 - agents.rapid7_collector - GLPI-VCSI - ERROR - Erreur de requête HTTP pour le serveur AZ33ILD-Compil: Invalid URL 'None': No scheme supplied. Perhaps you meant https://None?
2025-09-03 17:30:06,046 - agents.rapid7_collector - GLPI-VCSI - ERROR - Erreur de requête HTTP pour le serveur vicprdlippfbe13: Invalid URL 'None': No scheme supplied. Perhaps you meant https://None?
2025-09-03 17:30:06,057 - agents.rapid7_collector - GLPI-VCSI - ERROR - Erreur de requête HTTP pour le serveur vicppdcertwkg01: Invalid URL 'None': No scheme supplied. Perhaps you meant https://None?
2025-09-03 17:30:06,048 - agents.rapid7_collector - GLPI-VCSI - ERROR - Erreur de requête HTTP pour le serveur AZ33ILD-Spark1: Invalid URL 'None': No scheme supplied. Perhaps you meant https://None?
2025-09-03 17:30:06,048 - agents.rapid7_collector - GLPI-VCSI - ERROR - Erreur de requête HTTP pour le serveur AZ33ILD-Spark2: Invalid URL 'None': No scheme supplied. Perhaps you meant https://None?
2025-09-03 17:30:06,049 - agents.rapid7_collector - GLPI-VCSI - ERROR - Erreur de requête HTTP pour le serveur VICPPDCERTFBE01: Invalid URL 'None': No scheme supplied. Perhaps you meant https://None?
2025-09-03 17:30:06,049 - agents.rapid7_collector - GLPI-VCSI - ERROR - Erreur de requête HTTP pour le serveur AZ33ILD-Spark3: Invalid URL 'None': No scheme supplied. Perhaps you meant https://None?
2025-09-03 17:30:06,050 - agents.rapid7_collector - GLPI-VCSI - ERROR - Erreur de requête HTTP pour le serveur vicprdlippfbe09: Invalid URL 'None': No scheme supplied. Perhaps you meant https://None?
2025-09-03 17:30:06,050 - agents.rapid7_collector - GLPI-VCSI - ERROR - Erreur de requête HTTP pour le serveur VM-DGPUATDVP01: Invalid URL 'None': No scheme supplied. Perhaps you meant https://None?
2025-09-03 17:30:06,051 - agents.rapid7_collector - GLPI-VCSI - ERROR - Erreur de requête HTTP pour le serveur vicprdlippfbe16: Invalid URL 'None': No scheme supplied. Perhaps you meant https://None?
2025-09-03 17:30:06,051 - agents.rapid7_collector - GLPI-VCSI - ERROR - Erreur de requête HTTP pour le serveur vm-czeprdsmlv01: Invalid URL 'None': No scheme supplied. Perhaps you meant https://None?
2025-09-03 17:30:06,052 - agents.rapid7_collector - GLPI-VCSI - ERROR - Erreur de requête HTTP pour le serveur GRPPPDADDSWDC01: Invalid URL 'None': No scheme supplied. Perhaps you meant https://None?
2025-09-03 17:30:06,053 - agents.rapid7_collector - GLPI-VCSI - ERROR - Erreur de requête HTTP pour le serveur vm-fauth001: Invalid URL 'None': No scheme supplied. Perhaps you meant https://None?
2025-09-03 17:30:06,053 - agents.rapid7_collector - GLPI-VCSI - ERROR - Erreur de requête HTTP pour le serveur vicppdcertstd01: Invalid URL 'None': No scheme supplied. Perhaps you meant https://None?
2025-09-03 17:30:06,054 - agents.rapid7_collector - GLPI-VCSI - ERROR - Erreur de requête HTTP pour le serveur vicppdaddswdc01: Invalid URL 'None': No scheme supplied. Perhaps you meant https://None?
2025-09-03 17:30:06,054 - agents.rapid7_collector - GLPI-VCSI - ERROR - Erreur de requête HTTP pour le serveur vm-czeprdrrmc01: Invalid URL 'None': No scheme supplied. Perhaps you meant https://None?
2025-09-03 17:30:06,054 - agents.rapid7_collector - GLPI-VCSI - ERROR - Erreur de requête HTTP pour le serveur vm-czeseclgstash01: Invalid URL 'None': No scheme supplied. Perhaps you meant https://None?
2025-09-03 17:30:06,055 - agents.rapid7_collector - GLPI-VCSI - ERROR - Erreur de requête HTTP pour le serveur vicuatcicdadm02: Invalid URL 'None': No scheme supplied. Perhaps you meant https://None?
2025-09-03 17:30:06,055 - agents.rapid7_collector - GLPI-VCSI - ERROR - Erreur de requête HTTP pour le serveur VCFPRDADV-0: Invalid URL 'None': No scheme supplied. Perhaps you meant https://None?
2025-09-03 17:30:06,056 - agents.rapid7_collector - GLPI-VCSI - ERROR - Erreur de requête HTTP pour le serveur vicpocinfrfbe01: Invalid URL 'None': No scheme supplied. Perhaps you meant https://None?
2025-09-03 17:30:06,056 - agents.rapid7_collector - GLPI-VCSI - ERROR - Erreur de requête HTTP pour le serveur VCFPRDADV-1: Invalid URL 'None': No scheme supplied. Perhaps you meant https://None?
2025-09-03 17:30:06,047 - agents.rapid7_collector - GLPI-VCSI - ERROR - Erreur de requête HTTP pour le serveur vicprdlippfbe10: Invalid URL 'None': No scheme supplied. Perhaps you meant https://None?
2025-09-03 17:30:06,057 - agents.rapid7_collector - GLPI-VCSI - ERROR - Erreur de requête HTTP pour le serveur VCFPRDADV-10: Invalid URL 'None': No scheme supplied. Perhaps you meant https://None?
2025-09-03 17:30:06,058 - agents.rapid7_collector - GLPI-VCSI - ERROR - Erreur de requête HTTP pour le serveur VICPPDCEROCSP01: Invalid URL 'None': No scheme supplied. Perhaps you meant https://None?
2025-09-03 17:30:06,058 - agents.rapid7_collector - GLPI-VCSI - ERROR - Erreur de requête HTTP pour le serveur VCFPRDADV-11: Invalid URL 'None': No scheme supplied. Perhaps you meant https://None?
2025-09-03 17:30:06,059 - agents.rapid7_collector - GLPI-VCSI - ERROR - Erreur de requête HTTP pour le serveur VCFPRDADV-12: Invalid URL 'None': No scheme supplied. Perhaps you meant https://None?
2025-09-03 17:30:06,059 - agents.rapid7_collector - GLPI-VCSI - ERROR - Erreur de requête HTTP pour le serveur vicppdcertent01: Invalid URL 'None': No scheme supplied. Perhaps you meant https://None?
2025-09-03 17:30:06,060 - agents.rapid7_collector - GLPI-VCSI - ERROR - Erreur de requête HTTP pour le serveur VCFPRDADV-13: Invalid URL 'None': No scheme supplied. Perhaps you meant https://None?
2025-09-03 17:30:06,066 - agents.rapid7_collector - GLPI-VCSI - ERROR - Erreur de requête HTTP pour le serveur vicppdaddswdc02: Invalid URL 'None': No scheme supplied. Perhaps you meant https://None?
2025-09-03 17:30:06,060 - agents.rapid7_collector - GLPI-VCSI - ERROR - Erreur de requête HTTP pour le serveur GRPPPDMULTADM01: Invalid URL 'None': No scheme supplied. Perhaps you meant https://None?
2025-09-03 17:30:06,061 - agents.rapid7_collector - GLPI-VCSI - ERROR - Erreur de requête HTTP pour le serveur VICPPDADFS01: Invalid URL 'None': No scheme supplied. Perhaps you meant https://None?
2025-09-03 17:30:06,062 - agents.rapid7_collector - GLPI-VCSI - ERROR - Erreur de requête HTTP pour le serveur VCFPRDADV-15: Invalid URL 'None': No scheme supplied. Perhaps you meant https://None?
2025-09-03 17:30:06,062 - agents.rapid7_collector - GLPI-VCSI - ERROR - Erreur de requête HTTP pour le serveur EXTPPDADDSWDC01: Invalid URL 'None': No scheme supplied. Perhaps you meant https://None?
2025-09-03 17:30:06,063 - agents.rapid7_collector - GLPI-VCSI - ERROR - Erreur de requête HTTP pour le serveur VCFPRDADV-16: Invalid URL 'None': No scheme supplied. Perhaps you meant https://None?
2025-09-03 17:30:06,064 - agents.rapid7_collector - GLPI-VCSI - ERROR - Erreur de requête HTTP pour le serveur VICPPDAZACAPP01: Invalid URL 'None': No scheme supplied. Perhaps you meant https://None?
2025-09-03 17:30:06,064 - agents.rapid7_collector - GLPI-VCSI - ERROR - Erreur de requête HTTP pour le serveur VCFPRDADV-17: Invalid URL 'None': No scheme supplied. Perhaps you meant https://None?
2025-09-03 17:30:06,084 - agents.rapid7_collector - GLPI-VCSI - ERROR - Erreur de requête HTTP pour le serveur VCFPRDADV-28: Invalid URL 'None': No scheme supplied. Perhaps you meant https://None?
2025-09-03 17:30:06,066 - agents.rapid7_collector - GLPI-VCSI - ERROR - Erreur de requête HTTP pour le serveur VCFPRDADV-18: Invalid URL 'None': No scheme supplied. Perhaps you meant https://None?
2025-09-03 17:30:06,061 - agents.rapid7_collector - GLPI-VCSI - ERROR - Erreur de requête HTTP pour le serveur VCFPRDADV-14: Invalid URL 'None': No scheme supplied. Perhaps you meant https://None?
2025-09-03 17:30:06,068 - agents.rapid7_collector - GLPI-VCSI - ERROR - Erreur de requête HTTP pour le serveur VCFPRDADV-21: Invalid URL 'None': No scheme supplied. Perhaps you meant https://None?
2025-09-03 17:30:06,078 - agents.rapid7_collector - GLPI-VCSI - ERROR - Erreur de requête HTTP pour le serveur vicuatcicdadm01: Invalid URL 'None': No scheme supplied. Perhaps you meant https://None?
2025-09-03 17:30:06,083 - agents.rapid7_collector - GLPI-VCSI - ERROR - Erreur de requête HTTP pour le serveur vicppdinfrapp01: Invalid URL 'None': No scheme supplied. Perhaps you meant https://None?
2025-09-03 17:30:06,065 - agents.rapid7_collector - GLPI-VCSI - ERROR - Erreur de requête HTTP pour le serveur victstdmattrt01: Invalid URL 'None': No scheme supplied. Perhaps you meant https://None?
2025-09-03 17:30:06,082 - agents.rapid7_collector - GLPI-VCSI - ERROR - Erreur de requête HTTP pour le serveur VCFPRDADV-27: Invalid URL 'None': No scheme supplied. Perhaps you meant https://None?
2025-09-03 17:30:06,069 - agents.rapid7_collector - GLPI-VCSI - ERROR - Erreur de requête HTTP pour le serveur vicppdipamfbe01: Invalid URL 'None': No scheme supplied. Perhaps you meant https://None?
2025-09-03 17:30:06,069 - agents.rapid7_collector - GLPI-VCSI - ERROR - Erreur de requête HTTP pour le serveur VCFPRDADV-22: Invalid URL 'None': No scheme supplied. Perhaps you meant https://None?
2025-09-03 17:30:06,070 - agents.rapid7_collector - GLPI-VCSI - ERROR - Erreur de requête HTTP pour le serveur vicppdradiapp02: Invalid URL 'None': No scheme supplied. Perhaps you meant https://None?
2025-09-03 17:30:06,071 - agents.rapid7_collector - GLPI-VCSI - ERROR - Erreur de requête HTTP pour le serveur VCFPRDADV-23: Invalid URL 'None': No scheme supplied. Perhaps you meant https://None?
2025-09-03 17:30:06,071 - agents.rapid7_collector - GLPI-VCSI - ERROR - Erreur de requête HTTP pour le serveur vicppdradiapp01: Invalid URL 'None': No scheme supplied. Perhaps you meant https://None?
2025-09-03 17:30:06,076 - agents.rapid7_collector - GLPI-VCSI - ERROR - Erreur de requête HTTP pour le serveur victstadmnlog01: Invalid URL 'None': No scheme supplied. Perhaps you meant https://None?
2025-09-03 17:30:06,077 - agents.rapid7_collector - GLPI-VCSI - ERROR - Erreur de requête HTTP pour le serveur VCFPRDADV-25: Invalid URL 'None': No scheme supplied. Perhaps you meant https://None?
2025-09-03 17:30:06,079 - agents.rapid7_collector - GLPI-VCSI - ERROR - Erreur de requête HTTP pour le serveur VCFPRDADV-24: Invalid URL 'None': No scheme supplied. Perhaps you meant https://None?
2025-09-03 17:30:06,066 - agents.rapid7_collector - GLPI-VCSI - ERROR - Erreur de requête HTTP pour le serveur VCFPRDADV-2: Invalid URL 'None': No scheme supplied. Perhaps you meant https://None?
2025-09-03 17:30:06,081 - agents.rapid7_collector - GLPI-VCSI - ERROR - Erreur de requête HTTP pour le serveur vicprddmbfapp01: Invalid URL 'None': No scheme supplied. Perhaps you meant https://None?
2025-09-03 17:30:06,082 - agents.rapid7_collector - GLPI-VCSI - ERROR - Erreur de requête HTTP pour le serveur VCFPRDADV-26: Invalid URL 'None': No scheme supplied. Perhaps you meant https://None?
2025-09-03 17:30:06,067 - agents.rapid7_collector - GLPI-VCSI - ERROR - Erreur de requête HTTP pour le serveur vicprdldomfbe04: Invalid URL 'None': No scheme supplied. Perhaps you meant https://None?
2025-09-03 17:30:06,068 - agents.rapid7_collector - GLPI-VCSI - ERROR - Erreur de requête HTTP pour le serveur VCFPRDADV-20: Invalid URL 'None': No scheme supplied. Perhaps you meant https://None?
2025-09-03 17:30:06,068 - agents.rapid7_collector - GLPI-VCSI - ERROR - Erreur de requête HTTP pour le serveur vicuatcicdadm03: Invalid URL 'None': No scheme supplied. Perhaps you meant https://None?
2025-09-03 17:30:06,085 - agents.rapid7_collector - GLPI-VCSI - ERROR - Erreur de requête HTTP pour le serveur vicppdchmkfbe01: Invalid URL 'None': No scheme supplied. Perhaps you meant https://None?
2025-09-03 17:30:06,085 - agents.rapid7_collector - GLPI-VCSI - ERROR - Erreur de requête HTTP pour le serveur VCFPRDADV-29: Invalid URL 'None': No scheme supplied. Perhaps you meant https://None?
2025-09-03 17:30:06,086 - agents.rapid7_collector - GLPI-VCSI - ERROR - Erreur de requête HTTP pour le serveur VCFPRDADV-3: Invalid URL 'None': No scheme supplied. Perhaps you meant https://None?
2025-09-03 17:30:06,086 - agents.rapid7_collector - GLPI-VCSI - ERROR - Erreur de requête HTTP pour le serveur vicprdmultadm01: Invalid URL 'None': No scheme supplied. Perhaps you meant https://None?
2025-09-03 17:30:06,088 - agents.rapid7_collector - GLPI-VCSI - ERROR - Erreur de requête HTTP pour le serveur VCFPRDADV-30: Invalid URL 'None': No scheme supplied. Perhaps you meant https://None?
2025-09-03 17:30:06,089 - agents.rapid7_collector - GLPI-VCSI - ERROR - Erreur de requête HTTP pour le serveur vicppdmovcfbe01: Invalid URL 'None': No scheme supplied. Perhaps you meant https://None?
2025-09-03 17:30:06,104 - agents.rapid7_collector - GLPI-VCSI - ERROR - Erreur de requête HTTP pour le serveur VCFPRDADV-9: Invalid URL 'None': No scheme supplied. Perhaps you meant https://None?
2025-09-03 17:30:06,090 - agents.rapid7_collector - GLPI-VCSI - ERROR - Erreur de requête HTTP pour le serveur vicprdmultadm02: Invalid URL 'None': No scheme supplied. Perhaps you meant https://None?
2025-09-03 17:30:06,090 - agents.rapid7_collector - GLPI-VCSI - ERROR - Erreur de requête HTTP pour le serveur vicppdwapitrt01: Invalid URL 'None': No scheme supplied. Perhaps you meant https://None?
2025-09-03 17:30:06,091 - agents.rapid7_collector - GLPI-VCSI - ERROR - Erreur de requête HTTP pour le serveur victstwapitrt01: Invalid URL 'None': No scheme supplied. Perhaps you meant https://None?
2025-09-03 17:30:06,091 - agents.rapid7_collector - GLPI-VCSI - ERROR - Erreur de requête HTTP pour le serveur VCFPRDADV-32: Invalid URL 'None': No scheme supplied. Perhaps you meant https://None?
2025-09-03 17:30:06,091 - agents.rapid7_collector - GLPI-VCSI - ERROR - Erreur de requête HTTP pour le serveur VCFPRDADV-33: Invalid URL 'None': No scheme supplied. Perhaps you meant https://None?
2025-09-03 17:30:06,092 - agents.rapid7_collector - GLPI-VCSI - ERROR - Erreur de requête HTTP pour le serveur vicprdwapitrt01: Invalid URL 'None': No scheme supplied. Perhaps you meant https://None?
2025-09-03 17:30:06,092 - agents.rapid7_collector - GLPI-VCSI - ERROR - Erreur de requête HTTP pour le serveur VCFPRDADV-34: Invalid URL 'None': No scheme supplied. Perhaps you meant https://None?
2025-09-03 17:30:06,109 - agents.rapid7_collector - GLPI-VCSI - ERROR - Erreur de requête HTTP pour le serveur vicprdsiemgtw03: Invalid URL 'None': No scheme supplied. Perhaps you meant https://None?
2025-09-03 17:30:06,094 - agents.rapid7_collector - GLPI-VCSI - ERROR - Erreur de requête HTTP pour le serveur VCFPRDADV-35: Invalid URL 'None': No scheme supplied. Perhaps you meant https://None?
2025-09-03 17:30:06,095 - agents.rapid7_collector - GLPI-VCSI - ERROR - Erreur de requête HTTP pour le serveur vicdevwapitrt01: Invalid URL 'None': No scheme supplied. Perhaps you meant https://None?
2025-09-03 17:30:06,095 - agents.rapid7_collector - GLPI-VCSI - ERROR - Erreur de requête HTTP pour le serveur VCFPRDADV-36: Invalid URL 'None': No scheme supplied. Perhaps you meant https://None?
2025-09-03 17:30:06,096 - agents.rapid7_collector - GLPI-VCSI - ERROR - Erreur de requête HTTP pour le serveur vicprdmovcfbe01: Invalid URL 'None': No scheme supplied. Perhaps you meant https://None?
2025-09-03 17:30:06,097 - agents.rapid7_collector - GLPI-VCSI - ERROR - Erreur de requête HTTP pour le serveur VCFPRDADV-4: Invalid URL 'None': No scheme supplied. Perhaps you meant https://None?
2025-09-03 17:30:06,097 - agents.rapid7_collector - GLPI-VCSI - ERROR - Erreur de requête HTTP pour le serveur VICPPDMEPPPRX01: Invalid URL 'None': No scheme supplied. Perhaps you meant https://None?
2025-09-03 17:30:06,098 - agents.rapid7_collector - GLPI-VCSI - ERROR - Erreur de requête HTTP pour le serveur VCFPRDADV-5: Invalid URL 'None': No scheme supplied. Perhaps you meant https://None?
2025-09-03 17:30:06,098 - agents.rapid7_collector - GLPI-VCSI - ERROR - Erreur de requête HTTP pour le serveur vicrecmhanfbe02: Invalid URL 'None': No scheme supplied. Perhaps you meant https://None?
2025-09-03 17:30:06,099 - agents.rapid7_collector - GLPI-VCSI - ERROR - Erreur de requête HTTP pour le serveur VCFPRDADV-6: Invalid URL 'None': No scheme supplied. Perhaps you meant https://None?
2025-09-03 17:30:06,100 - agents.rapid7_collector - GLPI-VCSI - ERROR - Erreur de requête HTTP pour le serveur vicprdwapitrt02: Invalid URL 'None': No scheme supplied. Perhaps you meant https://None?
2025-09-03 17:30:06,100 - agents.rapid7_collector - GLPI-VCSI - ERROR - Erreur de requête HTTP pour le serveur VCFPRDADV-7: Invalid URL 'None': No scheme supplied. Perhaps you meant https://None?
2025-09-03 17:30:06,101 - agents.rapid7_collector - GLPI-VCSI - ERROR - Erreur de requête HTTP pour le serveur vicprdadmtfbe01: Invalid URL 'None': No scheme supplied. Perhaps you meant https://None?
2025-09-03 17:30:06,103 - agents.rapid7_collector - GLPI-VCSI - ERROR - Erreur de requête HTTP pour le serveur VCFPRDADV-8: Invalid URL 'None': No scheme supplied. Perhaps you meant https://None?
2025-09-03 17:30:06,104 - agents.rapid7_collector - GLPI-VCSI - ERROR - Erreur de requête HTTP pour le serveur vicprdmsbifbe01: Invalid URL 'None': No scheme supplied. Perhaps you meant https://None?
2025-09-03 17:30:06,089 - agents.rapid7_collector - GLPI-VCSI - ERROR - Erreur de requête HTTP pour le serveur VCFPRDADV-31: Invalid URL 'None': No scheme supplied. Perhaps you meant https://None?
2025-09-03 17:30:06,105 - agents.rapid7_collector - GLPI-VCSI - ERROR - Erreur de requête HTTP pour le serveur VICPPDMEPPPRX02: Invalid URL 'None': No scheme supplied. Perhaps you meant https://None?
2025-09-03 17:30:06,106 - agents.rapid7_collector - GLPI-VCSI - ERROR - Erreur de requête HTTP pour le serveur VCFPRDAVD-0: Invalid URL 'None': No scheme supplied. Perhaps you meant https://None?
2025-09-03 17:30:06,107 - agents.rapid7_collector - GLPI-VCSI - ERROR - Erreur de requête HTTP pour le serveur vicprdlvudfbe01: Invalid URL 'None': No scheme supplied. Perhaps you meant https://None?
2025-09-03 17:30:06,108 - agents.rapid7_collector - GLPI-VCSI - ERROR - Erreur de requête HTTP pour le serveur VCFPRDAVD-1: Invalid URL 'None': No scheme supplied. Perhaps you meant https://None?
2025-09-03 17:30:06,108 - agents.rapid7_collector - GLPI-VCSI - ERROR - Erreur de requête HTTP pour le serveur vicppdmsbifbe01: Invalid URL 'None': No scheme supplied. Perhaps you meant https://None?
2025-09-03 17:30:06,109 - agents.rapid7_collector - GLPI-VCSI - ERROR - Erreur de requête HTTP pour le serveur vmvukppduks001: Invalid URL 'None': No scheme supplied. Perhaps you meant https://None?
2025-09-03 17:30:06,093 - agents.rapid7_collector - GLPI-VCSI - ERROR - Erreur de requête HTTP pour le serveur vicppdwapitrt02: Invalid URL 'None': No scheme supplied. Perhaps you meant https://None?
2025-09-03 17:30:06,110 - agents.rapid7_collector - GLPI-VCSI - ERROR - Erreur de requête HTTP pour le serveur vm-czesecslg01: Invalid URL 'None': No scheme supplied. Perhaps you meant https://None?
2025-09-03 17:30:06,111 - agents.rapid7_collector - GLPI-VCSI - ERROR - Erreur de requête HTTP pour le serveur vm-czesecslg02: Invalid URL 'None': No scheme supplied. Perhaps you meant https://None?
2025-09-03 17:30:06,111 - agents.rapid7_collector - GLPI-VCSI - ERROR - Erreur de requête HTTP pour le serveur vicprdsicofil01: Invalid URL 'None': No scheme supplied. Perhaps you meant https://None?
2025-09-03 17:30:06,111 - agents.rapid7_collector - GLPI-VCSI - ERROR - Erreur de requête HTTP pour le serveur vicdevmsbifbe02: Invalid URL 'None': No scheme supplied. Perhaps you meant https://None?
2025-09-03 17:30:06,112 - agents.rapid7_collector - GLPI-VCSI - ERROR - Erreur de requête HTTP pour le serveur vicprdexchfbe04: Invalid URL 'None': No scheme supplied. Perhaps you meant https://None?
2025-09-03 17:30:06,113 - agents.rapid7_collector - GLPI-VCSI - ERROR - Erreur de requête HTTP pour le serveur vm-vicfrcdevgrad01: Invalid URL 'None': No scheme supplied. Perhaps you meant https://None?
2025-09-03 17:30:06,114 - agents.rapid7_collector - GLPI-VCSI - ERROR - Erreur de requête HTTP pour le serveur vm-vic-frc-dev-jump-001: Invalid URL 'None': No scheme supplied. Perhaps you meant https://None?
2025-09-03 17:30:06,115 - agents.rapid7_collector - GLPI-VCSI - ERROR - Erreur de requête HTTP pour le serveur VINCIC-APPLI-64 (DOCWARE): Invalid URL 'None': No scheme supplied. Perhaps you meant https://None?
2025-09-03 17:30:06,115 - agents.rapid7_collector - GLPI-VCSI - ERROR - Erreur de requête HTTP pour le serveur AZ33ILD-Ambari: Invalid URL 'None': No scheme supplied. Perhaps you meant https://None?
2025-09-03 17:30:06,116 - agents.rapid7_collector - GLPI-VCSI - ERROR - Erreur de requête HTTP pour le serveur AZ33ILD-HDFS-DN-01: Invalid URL 'None': No scheme supplied. Perhaps you meant https://None?
2025-09-03 17:30:06,117 - agents.rapid7_collector - GLPI-VCSI - ERROR - Erreur de requête HTTP pour le serveur VICPRDEXCHGTW01: Invalid URL 'None': No scheme supplied. Perhaps you meant https://None?
2025-09-03 17:30:06,117 - agents.rapid7_collector - GLPI-VCSI - ERROR - Erreur de requête HTTP pour le serveur AZ33ILD-HDFS-DN-02: Invalid URL 'None': No scheme supplied. Perhaps you meant https://None?
2025-09-03 17:30:06,118 - agents.rapid7_collector - GLPI-VCSI - ERROR - Erreur de requête HTTP pour le serveur VINCIC-APPLI-17: Invalid URL 'None': No scheme supplied. Perhaps you meant https://None?
2025-09-03 17:30:06,118 - agents.rapid7_collector - GLPI-VCSI - ERROR - Erreur de requête HTTP pour le serveur AZ33ILD-HDFS-DN-03: Invalid URL 'None': No scheme supplied. Perhaps you meant https://None?
2025-09-03 17:30:06,119 - agents.rapid7_collector - GLPI-VCSI - ERROR - Erreur de requête HTTP pour le serveur vicprdpshlapp01: Invalid URL 'None': No scheme supplied. Perhaps you meant https://None?
2025-09-03 17:30:06,120 - agents.rapid7_collector - GLPI-VCSI - ERROR - Erreur de requête HTTP pour le serveur AZ33ILD-HDFS-Metrics: Invalid URL 'None': No scheme supplied. Perhaps you meant https://None?
2025-09-03 17:30:06,121 - agents.rapid7_collector - GLPI-VCSI - ERROR - Erreur de requête HTTP pour le serveur vicprdmsqlapp02: Invalid URL 'None': No scheme supplied. Perhaps you meant https://None?
2025-09-03 17:30:06,121 - agents.rapid7_collector - GLPI-VCSI - ERROR - Erreur de requête HTTP pour le serveur AZ33ILD-HDFS-NN-1: Invalid URL 'None': No scheme supplied. Perhaps you meant https://None?
2025-09-03 17:30:06,122 - agents.rapid7_collector - GLPI-VCSI - ERROR - Erreur de requête HTTP pour le serveur vicprdfimtapp02: Invalid URL 'None': No scheme supplied. Perhaps you meant https://None?
2025-09-03 17:30:06,122 - agents.rapid7_collector - GLPI-VCSI - ERROR - Erreur de requête HTTP pour le serveur vicprdexchfbe03: Invalid URL 'None': No scheme supplied. Perhaps you meant https://None?
2025-09-03 17:30:06,123 - agents.rapid7_collector - GLPI-VCSI - ERROR - Erreur de requête HTTP pour le serveur AZ33ILD-HDFS-NN-2: Invalid URL 'None': No scheme supplied. Perhaps you meant https://None?
2025-09-03 17:30:06,124 - agents.rapid7_collector - GLPI-VCSI - ERROR - Erreur de requête HTTP pour le serveur vicppdmsqlapp01: Invalid URL 'None': No scheme supplied. Perhaps you meant https://None?
2025-09-03 17:30:06,124 - agents.rapid7_collector - GLPI-VCSI - ERROR - Erreur de requête HTTP pour le serveur AZ33ILD-Vault: Invalid URL 'None': No scheme supplied. Perhaps you meant https://None?
2025-09-03 17:30:06,125 - agents.rapid7_collector - GLPI-VCSI - ERROR - Erreur de requête HTTP pour le serveur AZ33ILD-ZETTALYZE-recovery2: Invalid URL 'None': No scheme supplied. Perhaps you meant https://None?
2025-09-03 17:30:06,125 - agents.rapid7_collector - GLPI-VCSI - ERROR - Erreur de requête HTTP pour le serveur VICPRDELCTFBE01: Invalid URL 'None': No scheme supplied. Perhaps you meant https://None?
2025-09-03 17:30:06,126 - agents.rapid7_collector - GLPI-VCSI - ERROR - Erreur de requête HTTP pour le serveur vm-vic-dev-frc-dgov-01: Invalid URL 'None': No scheme supplied. Perhaps you meant https://None?
2025-09-03 17:30:06,126 - agents.rapid7_collector - GLPI-VCSI - ERROR - Erreur de requête HTTP pour le serveur vicprduniftrt02: Invalid URL 'None': No scheme supplied. Perhaps you meant https://None?
2025-09-03 17:30:06,127 - agents.rapid7_collector - GLPI-VCSI - ERROR - Erreur de requête HTTP pour le serveur vm-vic-frc-dev-rpap-001: Invalid URL 'None': No scheme supplied. Perhaps you meant https://None?
2025-09-03 17:30:06,127 - agents.rapid7_collector - GLPI-VCSI - ERROR - Erreur de requête HTTP pour le serveur VICPPDELCTFBE01: Invalid URL 'None': No scheme supplied. Perhaps you meant https://None?
2025-09-03 17:30:06,128 - agents.rapid7_collector - GLPI-VCSI - ERROR - Erreur de requête HTTP pour le serveur VM-DGPPPDDVP01: Invalid URL 'None': No scheme supplied. Perhaps you meant https://None?
2025-09-03 17:30:06,128 - agents.rapid7_collector - GLPI-VCSI - ERROR - Erreur de requête HTTP pour le serveur vicprduniftrt03: Invalid URL 'None': No scheme supplied. Perhaps you meant https://None?
2025-09-03 17:30:06,129 - agents.rapid7_collector - GLPI-VCSI - ERROR - Erreur de requête HTTP pour le serveur vm-vic-frc-prd-datagouv: Invalid URL 'None': No scheme supplied. Perhaps you meant https://None?
2025-09-03 17:30:06,129 - agents.rapid7_collector - GLPI-VCSI - ERROR - Erreur de requête HTTP pour le serveur vicprdsccmadm01: Invalid URL 'None': No scheme supplied. Perhaps you meant https://None?
2025-09-03 17:30:06,130 - agents.rapid7_collector - GLPI-VCSI - ERROR - Erreur de requête HTTP pour le serveur vm-vic-sbd-poc-frc-dast-OpenCTIXL: Invalid URL 'None': No scheme supplied. Perhaps you meant https://None?
2025-09-03 17:30:06,131 - agents.rapid7_collector - GLPI-VCSI - ERROR - Erreur de requête HTTP pour le serveur vicprdipamfbe01: Invalid URL 'None': No scheme supplied. Perhaps you meant https://None?
2025-09-03 17:30:06,131 - agents.rapid7_collector - GLPI-VCSI - ERROR - Erreur de requête HTTP pour le serveur vm-vic-sbd-poc-frc-dast-r7-appsec: Invalid URL 'None': No scheme supplied. Perhaps you meant https://None?
2025-09-03 17:30:06,131 - agents.rapid7_collector - GLPI-VCSI - ERROR - Erreur de requête HTTP pour le serveur vicprdpshlfbe01: Invalid URL 'None': No scheme supplied. Perhaps you meant https://None?
2025-09-03 17:30:06,132 - agents.rapid7_collector - GLPI-VCSI - ERROR - Erreur de requête HTTP pour le serveur ciso-assistant: Invalid URL 'None': No scheme supplied. Perhaps you meant https://None?
2025-09-03 17:30:06,132 - agents.rapid7_collector - GLPI-VCSI - ERROR - Erreur de requête HTTP pour le serveur vicprdhapyfbe01: Invalid URL 'None': No scheme supplied. Perhaps you meant https://None?
2025-09-03 17:30:06,144 - agents.rapid7_collector - GLPI-VCSI - ERROR - Erreur de requête HTTP pour le serveur vicprdcicdadm03: Invalid URL 'None': No scheme supplied. Perhaps you meant https://None?
2025-09-03 17:30:06,134 - agents.rapid7_collector - GLPI-VCSI - ERROR - Erreur de requête HTTP pour le serveur vicprdglpifbe02: Invalid URL 'None': No scheme supplied. Perhaps you meant https://None?
2025-09-03 17:30:06,134 - agents.rapid7_collector - GLPI-VCSI - ERROR - Erreur de requête HTTP pour le serveur vm-czemgtvbr01: Invalid URL 'None': No scheme supplied. Perhaps you meant https://None?
2025-09-03 17:30:06,135 - agents.rapid7_collector - GLPI-VCSI - ERROR - Erreur de requête HTTP pour le serveur vicprdsccmdps01: Invalid URL 'None': No scheme supplied. Perhaps you meant https://None?
2025-09-03 17:30:06,145 - agents.rapid7_collector - GLPI-VCSI - ERROR - Erreur de requête HTTP pour le serveur vicprdradiapp02: Invalid URL 'None': No scheme supplied. Perhaps you meant https://None?
2025-09-03 17:30:06,136 - agents.rapid7_collector - GLPI-VCSI - ERROR - Erreur de requête HTTP pour le serveur VGPPRDCADM02: Invalid URL 'None': No scheme supplied. Perhaps you meant https://None?
2025-09-03 17:30:06,136 - agents.rapid7_collector - GLPI-VCSI - ERROR - Erreur de requête HTTP pour le serveur VM-DGPDEVITCOMPANION01: Invalid URL 'None': No scheme supplied. Perhaps you meant https://None?
2025-09-03 17:30:06,137 - agents.rapid7_collector - GLPI-VCSI - ERROR - Erreur de requête HTTP pour le serveur vicprdcicdadm02: Invalid URL 'None': No scheme supplied. Perhaps you meant https://None?
2025-09-03 17:30:06,138 - agents.rapid7_collector - GLPI-VCSI - ERROR - Erreur de requête HTTP pour le serveur VM-DGPDEVUS01: Invalid URL 'None': No scheme supplied. Perhaps you meant https://None?
2025-09-03 17:30:06,138 - agents.rapid7_collector - GLPI-VCSI - ERROR - Erreur de requête HTTP pour le serveur vicprdinfrfbe02: Invalid URL 'None': No scheme supplied. Perhaps you meant https://None?
2025-09-03 17:30:06,148 - agents.rapid7_collector - GLPI-VCSI - ERROR - Erreur de requête HTTP pour le serveur vicprdcicdadm01: Invalid URL 'None': No scheme supplied. Perhaps you meant https://None?
2025-09-03 17:30:06,139 - agents.rapid7_collector - GLPI-VCSI - ERROR - Erreur de requête HTTP pour le serveur VINCIC-CONSO-01: Invalid URL 'None': No scheme supplied. Perhaps you meant https://None?
2025-09-03 17:30:06,149 - agents.rapid7_collector - GLPI-VCSI - ERROR - Erreur de requête HTTP pour le serveur vicprdradiapp01: Invalid URL 'None': No scheme supplied. Perhaps you meant https://None?
2025-09-03 17:30:06,140 - agents.rapid7_collector - GLPI-VCSI - ERROR - Erreur de requête HTTP pour le serveur vm-czemgtvone01: Invalid URL 'None': No scheme supplied. Perhaps you meant https://None?
2025-09-03 17:30:06,144 - agents.rapid7_collector - GLPI-VCSI - ERROR - Erreur de requête HTTP pour le serveur vm-fgt001: Invalid URL 'None': No scheme supplied. Perhaps you meant https://None?
2025-09-03 17:30:06,133 - agents.rapid7_collector - GLPI-VCSI - ERROR - Erreur de requête HTTP pour le serveur vm-vic-sbd-poc-frc-opencti: Invalid URL 'None': No scheme supplied. Perhaps you meant https://None?
2025-09-03 17:30:06,145 - agents.rapid7_collector - GLPI-VCSI - ERROR - Erreur de requête HTTP pour le serveur vm-vicfrcuatgrad01: Invalid URL 'None': No scheme supplied. Perhaps you meant https://None?
2025-09-03 17:30:06,135 - agents.rapid7_collector - GLPI-VCSI - ERROR - Erreur de requête HTTP pour le serveur vm-fmg001: Invalid URL 'None': No scheme supplied. Perhaps you meant https://None?
2025-09-03 17:30:06,146 - agents.rapid7_collector - GLPI-VCSI - ERROR - Erreur de requête HTTP pour le serveur vicprdadmnfbe01: Invalid URL 'None': No scheme supplied. Perhaps you meant https://None?
2025-09-03 17:30:06,146 - agents.rapid7_collector - GLPI-VCSI - ERROR - Erreur de requête HTTP pour le serveur vm-vic-frc-uat-jump-001: Invalid URL 'None': No scheme supplied. Perhaps you meant https://None?
2025-09-03 17:30:06,147 - agents.rapid7_collector - GLPI-VCSI - ERROR - Erreur de requête HTTP pour le serveur vicrecdprgfbe01: Invalid URL 'None': No scheme supplied. Perhaps you meant https://None?
2025-09-03 17:30:06,147 - agents.rapid7_collector - GLPI-VCSI - ERROR - Erreur de requête HTTP pour le serveur vm-vic-frc-uat-rpap-001: Invalid URL 'None': No scheme supplied. Perhaps you meant https://None?
2025-09-03 17:30:06,148 - agents.rapid7_collector - GLPI-VCSI - ERROR - Erreur de requête HTTP pour le serveur vm-vic-frc-uat-rpap-002: Invalid URL 'None': No scheme supplied. Perhaps you meant https://None?
2025-09-03 17:30:06,153 - agents.rapid7_collector - GLPI-VCSI - ERROR - Erreur de requête HTTP pour le serveur vicrecsc12edt01: Invalid URL 'None': No scheme supplied. Perhaps you meant https://None?
2025-09-03 17:30:06,138 - agents.rapid7_collector - GLPI-VCSI - ERROR - Erreur de requête HTTP pour le serveur vm-czemgtvbem01: Invalid URL 'None': No scheme supplied. Perhaps you meant https://None?
2025-09-03 17:30:06,149 - agents.rapid7_collector - GLPI-VCSI - ERROR - Erreur de requête HTTP pour le serveur vm-test-amine: Invalid URL 'None': No scheme supplied. Perhaps you meant https://None?
2025-09-03 17:30:06,154 - agents.rapid7_collector - GLPI-VCSI - ERROR - Erreur de requête HTTP pour le serveur AZUSCTDATUS-5: Invalid URL 'None': No scheme supplied. Perhaps you meant https://None?
2025-09-03 17:30:06,150 - agents.rapid7_collector - GLPI-VCSI - ERROR - Erreur de requête HTTP pour le serveur vicformav2rds02: Invalid URL 'None': No scheme supplied. Perhaps you meant https://None?
2025-09-03 17:30:06,164 - agents.rapid7_collector - GLPI-VCSI - ERROR - Erreur de requête HTTP pour le serveur hld-avd-99-0: Invalid URL 'None': No scheme supplied. Perhaps you meant https://None?
2025-09-03 17:30:06,166 - agents.rapid7_collector - GLPI-VCSI - ERROR - Erreur de requête HTTP pour le serveur vicppdmav2rds01: Invalid URL 'None': No scheme supplied. Perhaps you meant https://None?
2025-09-03 17:30:06,152 - agents.rapid7_collector - GLPI-VCSI - ERROR - Erreur de requête HTTP pour le serveur vicppdsc12trt03: Invalid URL 'None': No scheme supplied. Perhaps you meant https://None?
2025-09-03 17:30:06,153 - agents.rapid7_collector - GLPI-VCSI - ERROR - Erreur de requête HTTP pour le serveur AZUSCTDATUS-3: Invalid URL 'None': No scheme supplied. Perhaps you meant https://None?
2025-09-03 17:30:06,144 - agents.rapid7_collector - GLPI-VCSI - ERROR - Erreur de requête HTTP pour le serveur vm-fgt002: Invalid URL 'None': No scheme supplied. Perhaps you meant https://None?
2025-09-03 17:30:06,154 - agents.rapid7_collector - GLPI-VCSI - ERROR - Erreur de requête HTTP pour le serveur vicformav2rdw02: Invalid URL 'None': No scheme supplied. Perhaps you meant https://None?
2025-09-03 17:30:06,150 - agents.rapid7_collector - GLPI-VCSI - ERROR - Erreur de requête HTTP pour le serveur AZUSCTDATUS-1: Invalid URL 'None': No scheme supplied. Perhaps you meant https://None?
2025-09-03 17:30:06,151 - agents.rapid7_collector - GLPI-VCSI - ERROR - Erreur de requête HTTP pour le serveur victstmav2ssb01: Invalid URL 'None': No scheme supplied. Perhaps you meant https://None?
2025-09-03 17:30:06,156 - agents.rapid7_collector - GLPI-VCSI - ERROR - Erreur de requête HTTP pour le serveur AZUSCTDATUS-4: Invalid URL 'None': No scheme supplied. Perhaps you meant https://None?
2025-09-03 17:30:06,157 - agents.rapid7_collector - GLPI-VCSI - ERROR - Erreur de requête HTTP pour le serveur AZUSCTDATUS-6: Invalid URL 'None': No scheme supplied. Perhaps you meant https://None?
2025-09-03 17:30:06,160 - agents.rapid7_collector - GLPI-VCSI - ERROR - Erreur de requête HTTP pour le serveur victstsc12app01: Invalid URL 'None': No scheme supplied. Perhaps you meant https://None?
2025-09-03 17:30:06,151 - agents.rapid7_collector - GLPI-VCSI - ERROR - Erreur de requête HTTP pour le serveur AZUSCTDATUS-2: Invalid URL 'None': No scheme supplied. Perhaps you meant https://None?
2025-09-03 17:30:06,168 - agents.rapid7_collector - GLPI-VCSI - ERROR - Erreur de requête HTTP pour le serveur hld-avd-ppd-2: Invalid URL 'None': No scheme supplied. Perhaps you meant https://None?
2025-09-03 17:30:06,159 - agents.rapid7_collector - GLPI-VCSI - ERROR - Erreur de requête HTTP pour le serveur AZUSCTDATUS-8: Invalid URL 'None': No scheme supplied. Perhaps you meant https://None?
2025-09-03 17:30:06,160 - agents.rapid7_collector - GLPI-VCSI - ERROR - Erreur de requête HTTP pour le serveur RDS-AVD-DUS-11: Invalid URL 'None': No scheme supplied. Perhaps you meant https://None?
2025-09-03 17:30:06,172 - agents.rapid7_collector - GLPI-VCSI - ERROR - Erreur de requête HTTP pour le serveur AZ33ILD-SmartSoil02: Invalid URL 'None': No scheme supplied. Perhaps you meant https://None?
2025-09-03 17:30:06,179 - agents.rapid7_collector - GLPI-VCSI - ERROR - Erreur de requête HTTP pour le serveur victstmav2rds01: Invalid URL 'None': No scheme supplied. Perhaps you meant https://None?
2025-09-03 17:30:06,158 - agents.rapid7_collector - GLPI-VCSI - ERROR - Erreur de requête HTTP pour le serveur AZUSCTDATUS-7: Invalid URL 'None': No scheme supplied. Perhaps you meant https://None?
2025-09-03 17:30:06,161 - agents.rapid7_collector - GLPI-VCSI - ERROR - Erreur de requête HTTP pour le serveur vicdevmav2rds01: Invalid URL 'None': No scheme supplied. Perhaps you meant https://None?
2025-09-03 17:30:06,160 - agents.rapid7_collector - GLPI-VCSI - ERROR - Erreur de requête HTTP pour le serveur vicrecsc12app01: Invalid URL 'None': No scheme supplied. Perhaps you meant https://None?
2025-09-03 17:30:06,162 - agents.rapid7_collector - GLPI-VCSI - ERROR - Erreur de requête HTTP pour le serveur RDS-AVD-DUS-13: Invalid URL 'None': No scheme supplied. Perhaps you meant https://None?
2025-09-03 17:30:06,163 - agents.rapid7_collector - GLPI-VCSI - ERROR - Erreur de requête HTTP pour le serveur vicppdsc12syr04: Invalid URL 'None': No scheme supplied. Perhaps you meant https://None?
2025-09-03 17:30:06,155 - agents.rapid7_collector - GLPI-VCSI - ERROR - Erreur de requête HTTP pour le serveur vicppdsc12edt02: Invalid URL 'None': No scheme supplied. Perhaps you meant https://None?
2025-09-03 17:30:06,183 - agents.rapid7_collector - GLPI-VCSI - ERROR - Erreur de requête HTTP pour le serveur vichomsc12mdb06: Invalid URL 'None': No scheme supplied. Perhaps you meant https://None?
2025-09-03 17:30:06,184 - agents.rapid7_collector - GLPI-VCSI - ERROR - Erreur de requête HTTP pour le serveur AZ33ILD-SmartSoil12: Invalid URL 'None': No scheme supplied. Perhaps you meant https://None?
2025-09-03 17:30:06,159 - agents.rapid7_collector - GLPI-VCSI - ERROR - Erreur de requête HTTP pour le serveur vicppdsc12mdb04: Invalid URL 'None': No scheme supplied. Perhaps you meant https://None?
2025-09-03 17:30:06,170 - agents.rapid7_collector - GLPI-VCSI - ERROR - Erreur de requête HTTP pour le serveur AZ33ILD-SmartSoil01: Invalid URL 'None': No scheme supplied. Perhaps you meant https://None?
2025-09-03 17:30:06,171 - agents.rapid7_collector - GLPI-VCSI - ERROR - Erreur de requête HTTP pour le serveur vicdevsc12fbe02: Invalid URL 'None': No scheme supplied. Perhaps you meant https://None?
2025-09-03 17:30:06,160 - agents.rapid7_collector - GLPI-VCSI - ERROR - Erreur de requête HTTP pour le serveur CONEDATAUS-0: Invalid URL 'None': No scheme supplied. Perhaps you meant https://None?
2025-09-03 17:30:06,172 - agents.rapid7_collector - GLPI-VCSI - ERROR - Erreur de requête HTTP pour le serveur vicdevsc12rds01: Invalid URL 'None': No scheme supplied. Perhaps you meant https://None?
2025-09-03 17:30:06,173 - agents.rapid7_collector - GLPI-VCSI - ERROR - Erreur de requête HTTP pour le serveur AZ33ILD-SmartSoil03: Invalid URL 'None': No scheme supplied. Perhaps you meant https://None?
2025-09-03 17:30:06,173 - agents.rapid7_collector - GLPI-VCSI - ERROR - Erreur de requête HTTP pour le serveur vicppdsc12mdb06: Invalid URL 'None': No scheme supplied. Perhaps you meant https://None?
2025-09-03 17:30:06,174 - agents.rapid7_collector - GLPI-VCSI - ERROR - Erreur de requête HTTP pour le serveur AZ33ILD-SmartSoil04: Invalid URL 'None': No scheme supplied. Perhaps you meant https://None?
2025-09-03 17:30:06,175 - agents.rapid7_collector - GLPI-VCSI - ERROR - Erreur de requête HTTP pour le serveur vichomsc12edt02: Invalid URL 'None': No scheme supplied. Perhaps you meant https://None?
2025-09-03 17:30:06,176 - agents.rapid7_collector - GLPI-VCSI - ERROR - Erreur de requête HTTP pour le serveur AZ33ILD-SmartSoil05: Invalid URL 'None': No scheme supplied. Perhaps you meant https://None?
2025-09-03 17:30:06,176 - agents.rapid7_collector - GLPI-VCSI - ERROR - Erreur de requête HTTP pour le serveur vicppdsc12trt04: Invalid URL 'None': No scheme supplied. Perhaps you meant https://None?
2025-09-03 17:30:06,177 - agents.rapid7_collector - GLPI-VCSI - ERROR - Erreur de requête HTTP pour le serveur AZ33ILD-SmartSoil06: Invalid URL 'None': No scheme supplied. Perhaps you meant https://None?
2025-09-03 17:30:06,178 - agents.rapid7_collector - GLPI-VCSI - ERROR - Erreur de requête HTTP pour le serveur AZ33ILD-SmartSoil07: Invalid URL 'None': No scheme supplied. Perhaps you meant https://None?
2025-09-03 17:30:06,161 - agents.rapid7_collector - GLPI-VCSI - ERROR - Erreur de requête HTTP pour le serveur RDS-AVD-DUS-12: Invalid URL 'None': No scheme supplied. Perhaps you meant https://None?
2025-09-03 17:30:06,180 - agents.rapid7_collector - GLPI-VCSI - ERROR - Erreur de requête HTTP pour le serveur AZ33ILD-SmartSoil08: Invalid URL 'None': No scheme supplied. Perhaps you meant https://None?
2025-09-03 17:30:06,180 - agents.rapid7_collector - GLPI-VCSI - ERROR - Erreur de requête HTTP pour le serveur vichomsc12edt01: Invalid URL 'None': No scheme supplied. Perhaps you meant https://None?
2025-09-03 17:30:06,180 - agents.rapid7_collector - GLPI-VCSI - ERROR - Erreur de requête HTTP pour le serveur AZ33ILD-SmartSoil09: Invalid URL 'None': No scheme supplied. Perhaps you meant https://None?
2025-09-03 17:30:06,181 - agents.rapid7_collector - GLPI-VCSI - ERROR - Erreur de requête HTTP pour le serveur vicppdsc12edt01: Invalid URL 'None': No scheme supplied. Perhaps you meant https://None?
2025-09-03 17:30:06,181 - agents.rapid7_collector - GLPI-VCSI - ERROR - Erreur de requête HTTP pour le serveur AZ33ILD-SmartSoil10: Invalid URL 'None': No scheme supplied. Perhaps you meant https://None?
2025-09-03 17:30:06,182 - agents.rapid7_collector - GLPI-VCSI - ERROR - Erreur de requête HTTP pour le serveur vichomsc12syr03: Invalid URL 'None': No scheme supplied. Perhaps you meant https://None?
2025-09-03 17:30:06,182 - agents.rapid7_collector - GLPI-VCSI - ERROR - Erreur de requête HTTP pour le serveur AZ33ILD-SmartSoil11: Invalid URL 'None': No scheme supplied. Perhaps you meant https://None?
2025-09-03 17:30:06,157 - agents.rapid7_collector - GLPI-VCSI - ERROR - Erreur de requête HTTP pour le serveur vichomsc12mdb05: Invalid URL 'None': No scheme supplied. Perhaps you meant https://None?
2025-09-03 17:30:06,168 - agents.rapid7_collector - GLPI-VCSI - ERROR - Erreur de requête HTTP pour le serveur vichomsc12trt03: Invalid URL 'None': No scheme supplied. Perhaps you meant https://None?
2025-09-03 17:30:06,185 - agents.rapid7_collector - GLPI-VCSI - ERROR - Erreur de requête HTTP pour le serveur vichomsc12trt04: Invalid URL 'None': No scheme supplied. Perhaps you meant https://None?
2025-09-03 17:30:06,186 - agents.rapid7_collector - GLPI-VCSI - ERROR - Erreur de requête HTTP pour le serveur AZ33ILD-SmartSoil13: Invalid URL 'None': No scheme supplied. Perhaps you meant https://None?
2025-09-03 17:30:06,186 - agents.rapid7_collector - GLPI-VCSI - ERROR - Erreur de requête HTTP pour le serveur vicppdsc12mdb05: Invalid URL 'None': No scheme supplied. Perhaps you meant https://None?
2025-09-03 17:30:06,187 - agents.rapid7_collector - GLPI-VCSI - ERROR - Erreur de requête HTTP pour le serveur AZ33ILD-SmartSoil14: Invalid URL 'None': No scheme supplied. Perhaps you meant https://None?
2025-09-03 17:30:06,187 - agents.rapid7_collector - GLPI-VCSI - ERROR - Erreur de requête HTTP pour le serveur vichomsc12mdb04: Invalid URL 'None': No scheme supplied. Perhaps you meant https://None?
2025-09-03 17:30:06,188 - agents.rapid7_collector - GLPI-VCSI - ERROR - Erreur de requête HTTP pour le serveur AZ33ILD-SmartSoil15: Invalid URL 'None': No scheme supplied. Perhaps you meant https://None?
2025-09-03 17:30:06,188 - agents.rapid7_collector - GLPI-VCSI - ERROR - Erreur de requête HTTP pour le serveur AZ33ILD-SmartSoil16: Invalid URL 'None': No scheme supplied. Perhaps you meant https://None?
2025-09-03 17:30:06,189 - agents.rapid7_collector - GLPI-VCSI - ERROR - Erreur de requête HTTP pour le serveur vicrecsc12fbe02: Invalid URL 'None': No scheme supplied. Perhaps you meant https://None?
2025-09-03 17:30:06,189 - agents.rapid7_collector - GLPI-VCSI - ERROR - Erreur de requête HTTP pour le serveur AZ33ILD-SmartSoil17: Invalid URL 'None': No scheme supplied. Perhaps you meant https://None?
2025-09-03 17:30:06,196 - agents.rapid7_collector - GLPI-VCSI - ERROR - Erreur de requête HTTP pour le serveur vm-vic-frc-uat-emap-ds: Invalid URL 'None': No scheme supplied. Perhaps you meant https://None?
2025-09-03 17:30:06,190 - agents.rapid7_collector - GLPI-VCSI - ERROR - Erreur de requête HTTP pour le serveur vichomsc12syr01: Invalid URL 'None': No scheme supplied. Perhaps you meant https://None?
2025-09-03 17:30:06,191 - agents.rapid7_collector - GLPI-VCSI - ERROR - Erreur de requête HTTP pour le serveur vicppdsc12syr03: Invalid URL 'None': No scheme supplied. Perhaps you meant https://None?
2025-09-03 17:30:06,192 - agents.rapid7_collector - GLPI-VCSI - ERROR - Erreur de requête HTTP pour le serveur test-disk: Invalid URL 'None': No scheme supplied. Perhaps you meant https://None?
2025-09-03 17:30:06,192 - agents.rapid7_collector - GLPI-VCSI - ERROR - Erreur de requête HTTP pour le serveur HLD-AVD-PPD-00: Invalid URL 'None': No scheme supplied. Perhaps you meant https://None?
2025-09-03 17:30:06,192 - agents.rapid7_collector - GLPI-VCSI - ERROR - Erreur de requête HTTP pour le serveur vicdevsc12edt01: Invalid URL 'None': No scheme supplied. Perhaps you meant https://None?
2025-09-03 17:30:06,193 - agents.rapid7_collector - GLPI-VCSI - ERROR - Erreur de requête HTTP pour le serveur vicppdmav2rds02: Invalid URL 'None': No scheme supplied. Perhaps you meant https://None?
2025-09-03 17:30:06,193 - agents.rapid7_collector - GLPI-VCSI - ERROR - Erreur de requête HTTP pour le serveur HLD-AVD-PPD-01: Invalid URL 'None': No scheme supplied. Perhaps you meant https://None?
2025-09-03 17:30:06,194 - agents.rapid7_collector - GLPI-VCSI - ERROR - Erreur de requête HTTP pour le serveur vicppdsc12app01: Invalid URL 'None': No scheme supplied. Perhaps you meant https://None?
2025-09-03 17:30:06,194 - agents.rapid7_collector - GLPI-VCSI - ERROR - Erreur de requête HTTP pour le serveur vm-vic-frc-uat-emap-ags: Invalid URL 'None': No scheme supplied. Perhaps you meant https://None?
2025-09-03 17:30:06,195 - agents.rapid7_collector - GLPI-VCSI - ERROR - Erreur de requête HTTP pour le serveur vicppdmav2rdw02: Invalid URL 'None': No scheme supplied. Perhaps you meant https://None?
2025-09-03 17:30:06,190 - agents.rapid7_collector - GLPI-VCSI - ERROR - Erreur de requête HTTP pour le serveur AZ33ILD-SmartSoil18: Invalid URL 'None': No scheme supplied. Perhaps you meant https://None?
2025-09-03 17:30:06,196 - agents.rapid7_collector - GLPI-VCSI - ERROR - Erreur de requête HTTP pour le serveur vicppdmav2fil01: Invalid URL 'None': No scheme supplied. Perhaps you meant https://None?
2025-09-03 17:30:06,197 - agents.rapid7_collector - GLPI-VCSI - ERROR - Erreur de requête HTTP pour le serveur vm-vic-frc-uat-emap-por: Invalid URL 'None': No scheme supplied. Perhaps you meant https://None?
2025-09-03 17:30:06,204 - agents.rapid7_collector - GLPI-VCSI - ERROR - Erreur de requête HTTP pour le serveur vm-vic-frc-prd-rpap-001: Invalid URL 'None': No scheme supplied. Perhaps you meant https://None?
2025-09-03 17:30:06,198 - agents.rapid7_collector - GLPI-VCSI - ERROR - Erreur de requête HTTP pour le serveur vm-vic-frc-uat-emap-tls: Invalid URL 'None': No scheme supplied. Perhaps you meant https://None?
2025-09-03 17:30:06,204 - agents.rapid7_collector - GLPI-VCSI - ERROR - Erreur de requête HTTP pour le serveur vicppdmav2rdw01: Invalid URL 'None': No scheme supplied. Perhaps you meant https://None?
2025-09-03 17:30:06,198 - agents.rapid7_collector - GLPI-VCSI - ERROR - Erreur de requête HTTP pour le serveur vicppdmav2scp01: Invalid URL 'None': No scheme supplied. Perhaps you meant https://None?
2025-09-03 17:30:06,199 - agents.rapid7_collector - GLPI-VCSI - ERROR - Erreur de requête HTTP pour le serveur vm-vic-frc-prd-jump-001: Invalid URL 'None': No scheme supplied. Perhaps you meant https://None?
2025-09-03 17:30:06,201 - agents.rapid7_collector - GLPI-VCSI - ERROR - Erreur de requête HTTP pour le serveur victstmav2rds02: Invalid URL 'None': No scheme supplied. Perhaps you meant https://None?
2025-09-03 17:30:06,203 - agents.rapid7_collector - GLPI-VCSI - ERROR - Erreur de requête HTTP pour le serveur vicformav2rds01: Invalid URL 'None': No scheme supplied. Perhaps you meant https://None?
2025-09-03 17:30:06,197 - agents.rapid7_collector - GLPI-VCSI - ERROR - Erreur de requête HTTP pour le serveur vicdevmav2rds02: Invalid URL 'None': No scheme supplied. Perhaps you meant https://None?
2025-09-03 17:30:06,199 - agents.rapid7_collector - GLPI-VCSI - ERROR - Erreur de requête HTTP pour le serveur vm-vicfrcprdgrad01: Invalid URL 'None': No scheme supplied. Perhaps you meant https://None?
2025-09-03 17:30:06,208 - agents.rapid7_collector - GLPI-VCSI - ERROR - Erreur de requête HTTP pour le serveur vicprdoracmon02: Invalid URL 'None': No scheme supplied. Perhaps you meant https://None?
2025-09-03 17:30:06,205 - agents.rapid7_collector - GLPI-VCSI - ERROR - Erreur de requête HTTP pour le serveur vicprdzabirds01: Invalid URL 'None': No scheme supplied. Perhaps you meant https://None?
2025-09-03 17:30:06,208 - agents.rapid7_collector - GLPI-VCSI - ERROR - Erreur de requête HTTP pour le serveur VICHOMORGNAPP01: Invalid URL 'None': No scheme supplied. Perhaps you meant https://None?
2025-09-03 17:30:06,208 - agents.rapid7_collector - GLPI-VCSI - ERROR - Erreur de requête HTTP pour le serveur VICHOMFILEAPP01: Invalid URL 'None': No scheme supplied. Perhaps you meant https://None?
2025-09-03 17:30:06,205 - agents.rapid7_collector - GLPI-VCSI - ERROR - Erreur de requête HTTP pour le serveur vm-vic-frc-prd-rpap-002: Invalid URL 'None': No scheme supplied. Perhaps you meant https://None?
2025-09-03 17:30:06,219 - agents.rapid7_collector - GLPI-VCSI - ERROR - Erreur de requête HTTP pour le serveur vicprdmav2rds01: Invalid URL 'None': No scheme supplied. Perhaps you meant https://None?
2025-09-03 17:30:06,210 - agents.rapid7_collector - GLPI-VCSI - ERROR - Erreur de requête HTTP pour le serveur vicsaschmksrv01: Invalid URL 'None': No scheme supplied. Perhaps you meant https://None?
2025-09-03 17:30:06,210 - agents.rapid7_collector - GLPI-VCSI - ERROR - Erreur de requête HTTP pour le serveur VICHOMORGNAPP03: Invalid URL 'None': No scheme supplied. Perhaps you meant https://None?
2025-09-03 17:30:06,211 - agents.rapid7_collector - GLPI-VCSI - ERROR - Erreur de requête HTTP pour le serveur vichomsc12app01: Invalid URL 'None': No scheme supplied. Perhaps you meant https://None?
2025-09-03 17:30:06,211 - agents.rapid7_collector - GLPI-VCSI - ERROR - Erreur de requête HTTP pour le serveur VICHOMORGNFRT01: Invalid URL 'None': No scheme supplied. Perhaps you meant https://None?
2025-09-03 17:30:06,212 - agents.rapid7_collector - GLPI-VCSI - ERROR - Erreur de requête HTTP pour le serveur vicprdzabifbe01: Invalid URL 'None': No scheme supplied. Perhaps you meant https://None?
2025-09-03 17:30:06,225 - agents.rapid7_collector - GLPI-VCSI - ERROR - Erreur de requête HTTP pour le serveur vm-vic-prd-frc-vapr-001: Invalid URL 'None': No scheme supplied. Perhaps you meant https://None?
2025-09-03 17:30:06,213 - agents.rapid7_collector - GLPI-VCSI - ERROR - Erreur de requête HTTP pour le serveur vicprdzabifbe02: Invalid URL 'None': No scheme supplied. Perhaps you meant https://None?
2025-09-03 17:30:06,227 - agents.rapid7_collector - GLPI-VCSI - ERROR - Erreur de requête HTTP pour le serveur vm-vic-prd-frc-log-002: Invalid URL 'None': No scheme supplied. Perhaps you meant https://None?
2025-09-03 17:30:06,228 - agents.rapid7_collector - GLPI-VCSI - ERROR - Erreur de requête HTTP pour le serveur vicprdmav2rds05: Invalid URL 'None': No scheme supplied. Perhaps you meant https://None?
2025-09-03 17:30:06,229 - agents.rapid7_collector - GLPI-VCSI - ERROR - Erreur de requête HTTP pour le serveur vm-vic-prd-frc-logstash-001: Invalid URL 'None': No scheme supplied. Perhaps you meant https://None?
2025-09-03 17:30:06,216 - agents.rapid7_collector - GLPI-VCSI - ERROR - Erreur de requête HTTP pour le serveur vicprdmav2rds03: Invalid URL 'None': No scheme supplied. Perhaps you meant https://None?
2025-09-03 17:30:06,230 - agents.rapid7_collector - GLPI-VCSI - ERROR - Erreur de requête HTTP pour le serveur vm-vic-prd-frc-logstash-002: Invalid URL 'None': No scheme supplied. Perhaps you meant https://None?
2025-09-03 17:30:06,231 - agents.rapid7_collector - GLPI-VCSI - ERROR - Erreur de requête HTTP pour le serveur victstsc12app02: Invalid URL 'None': No scheme supplied. Perhaps you meant https://None?
2025-09-03 17:30:06,214 - agents.rapid7_collector - GLPI-VCSI - ERROR - Erreur de requête HTTP pour le serveur vicprdmav2lic01: Invalid URL 'None': No scheme supplied. Perhaps you meant https://None?
2025-09-03 17:30:06,217 - agents.rapid7_collector - GLPI-VCSI - ERROR - Erreur de requête HTTP pour le serveur vm-vicfrcprdsoqu01: Invalid URL 'None': No scheme supplied. Perhaps you meant https://None?
2025-09-03 17:30:06,218 - agents.rapid7_collector - GLPI-VCSI - ERROR - Erreur de requête HTTP pour le serveur SOFFRPRDIVISON: Invalid URL 'None': No scheme supplied. Perhaps you meant https://None?
2025-09-03 17:30:06,219 - agents.rapid7_collector - GLPI-VCSI - ERROR - Erreur de requête HTTP pour le serveur SOFFRPRDKPAX01: Invalid URL 'None': No scheme supplied. Perhaps you meant https://None?
2025-09-03 17:30:06,209 - agents.rapid7_collector - GLPI-VCSI - ERROR - Erreur de requête HTTP pour le serveur VICHOMORGNAPP02: Invalid URL 'None': No scheme supplied. Perhaps you meant https://None?
2025-09-03 17:30:06,219 - agents.rapid7_collector - GLPI-VCSI - ERROR - Erreur de requête HTTP pour le serveur SOFFRPRDMBOTSE: Invalid URL 'None': No scheme supplied. Perhaps you meant https://None?
2025-09-03 17:30:06,220 - agents.rapid7_collector - GLPI-VCSI - ERROR - Erreur de requête HTTP pour le serveur vicprdsc12adm01: Invalid URL 'None': No scheme supplied. Perhaps you meant https://None?
2025-09-03 17:30:06,221 - agents.rapid7_collector - GLPI-VCSI - ERROR - Erreur de requête HTTP pour le serveur SOFFRPRDMBOTSE1: Invalid URL 'None': No scheme supplied. Perhaps you meant https://None?
2025-09-03 17:30:06,222 - agents.rapid7_collector - GLPI-VCSI - ERROR - Erreur de requête HTTP pour le serveur SOFFRPRDNUMB01: Invalid URL 'None': No scheme supplied. Perhaps you meant https://None?
2025-09-03 17:30:06,222 - agents.rapid7_collector - GLPI-VCSI - ERROR - Erreur de requête HTTP pour le serveur vicprdmav2rdw01: Invalid URL 'None': No scheme supplied. Perhaps you meant https://None?
2025-09-03 17:30:06,222 - agents.rapid7_collector - GLPI-VCSI - ERROR - Erreur de requête HTTP pour le serveur vicprdsc12trt08: Invalid URL 'None': No scheme supplied. Perhaps you meant https://None?
2025-09-03 17:30:06,223 - agents.rapid7_collector - GLPI-VCSI - ERROR - Erreur de requête HTTP pour le serveur SOFFRPRDSAGE01: Invalid URL 'None': No scheme supplied. Perhaps you meant https://None?
2025-09-03 17:30:06,224 - agents.rapid7_collector - GLPI-VCSI - ERROR - Erreur de requête HTTP pour le serveur vicprdsc12syr09: Invalid URL 'None': No scheme supplied. Perhaps you meant https://None?
2025-09-03 17:30:06,226 - agents.rapid7_collector - GLPI-VCSI - ERROR - Erreur de requête HTTP pour le serveur vicprdsc12mdb05: Invalid URL 'None': No scheme supplied. Perhaps you meant https://None?
2025-09-03 17:30:06,226 - agents.rapid7_collector - GLPI-VCSI - ERROR - Erreur de requête HTTP pour le serveur vm-vic-prd-frc-log-001: Invalid URL 'None': No scheme supplied. Perhaps you meant https://None?
2025-09-03 17:30:06,227 - agents.rapid7_collector - GLPI-VCSI - ERROR - Erreur de requête HTTP pour le serveur vicprdmav2rds06: Invalid URL 'None': No scheme supplied. Perhaps you meant https://None?
2025-09-03 17:30:06,213 - agents.rapid7_collector - GLPI-VCSI - ERROR - Erreur de requête HTTP pour le serveur VICHOMORGNFRT02: Invalid URL 'None': No scheme supplied. Perhaps you meant https://None?
2025-09-03 17:30:06,230 - agents.rapid7_collector - GLPI-VCSI - ERROR - Erreur de requête HTTP pour le serveur vicprdsc12syr08: Invalid URL 'None': No scheme supplied. Perhaps you meant https://None?
2025-09-03 17:30:06,213 - agents.rapid7_collector - GLPI-VCSI - ERROR - Erreur de requête HTTP pour le serveur VICHOMORGNSQL01: Invalid URL 'None': No scheme supplied. Perhaps you meant https://None?
2025-09-03 17:30:06,232 - agents.rapid7_collector - GLPI-VCSI - ERROR - Erreur de requête HTTP pour le serveur vm-vic-prd-frc-nss-001: Invalid URL 'None': No scheme supplied. Perhaps you meant https://None?
2025-09-03 17:30:06,216 - agents.rapid7_collector - GLPI-VCSI - ERROR - Erreur de requête HTTP pour le serveur SOFFRPRDERP01: Invalid URL 'None': No scheme supplied. Perhaps you meant https://None?
2025-09-03 17:30:06,217 - agents.rapid7_collector - GLPI-VCSI - ERROR - Erreur de requête HTTP pour le serveur vicprdsc12edt03: Invalid URL 'None': No scheme supplied. Perhaps you meant https://None?
2025-09-03 17:30:06,217 - agents.rapid7_collector - GLPI-VCSI - ERROR - Erreur de requête HTTP pour le serveur vicprdmav2rds12: Invalid URL 'None': No scheme supplied. Perhaps you meant https://None?
2025-09-03 17:30:06,217 - agents.rapid7_collector - GLPI-VCSI - ERROR - Erreur de requête HTTP pour le serveur vm-vic-prd-frc-dgov-01: Invalid URL 'None': No scheme supplied. Perhaps you meant https://None?
2025-09-03 17:30:06,233 - agents.rapid7_collector - GLPI-VCSI - ERROR - Erreur de requête HTTP pour le serveur vicprdsc12syr11: Invalid URL 'None': No scheme supplied. Perhaps you meant https://None?
2025-09-03 17:30:06,234 - agents.rapid7_collector - GLPI-VCSI - ERROR - Erreur de requête HTTP pour le serveur vicprdsc12edt01: Invalid URL 'None': No scheme supplied. Perhaps you meant https://None?
2025-09-03 17:30:06,234 - agents.rapid7_collector - GLPI-VCSI - ERROR - Erreur de requête HTTP pour le serveur vm-vicfrcsdxinge01: Invalid URL 'None': No scheme supplied. Perhaps you meant https://None?
2025-09-03 17:30:06,235 - agents.rapid7_collector - GLPI-VCSI - ERROR - Erreur de requête HTTP pour le serveur VICDEVFILEAPP01: Invalid URL 'None': No scheme supplied. Perhaps you meant https://None?
2025-09-03 17:30:06,235 - agents.rapid7_collector - GLPI-VCSI - ERROR - Erreur de requête HTTP pour le serveur vicprdmav2rds07: Invalid URL 'None': No scheme supplied. Perhaps you meant https://None?
2025-09-03 17:30:06,236 - agents.rapid7_collector - GLPI-VCSI - ERROR - Erreur de requête HTTP pour le serveur VICDEVORGNAPP01: Invalid URL 'None': No scheme supplied. Perhaps you meant https://None?
2025-09-03 17:30:06,237 - agents.rapid7_collector - GLPI-VCSI - ERROR - Erreur de requête HTTP pour le serveur vicprdmav2fil01: Invalid URL 'None': No scheme supplied. Perhaps you meant https://None?
2025-09-03 17:30:06,239 - agents.rapid7_collector - GLPI-VCSI - ERROR - Erreur de requête HTTP pour le serveur VICDEVORGNFRT01: Invalid URL 'None': No scheme supplied. Perhaps you meant https://None?
2025-09-03 17:30:06,238 - agents.rapid7_collector - GLPI-VCSI - ERROR - Erreur de requête HTTP pour le serveur VICDEVORGNAPP03: Invalid URL 'None': No scheme supplied. Perhaps you meant https://None?
2025-09-03 17:30:06,238 - agents.rapid7_collector - GLPI-VCSI - ERROR - Erreur de requête HTTP pour le serveur vicprdsc12syr07: Invalid URL 'None': No scheme supplied. Perhaps you meant https://None?
2025-09-03 17:30:06,240 - agents.rapid7_collector - GLPI-VCSI - ERROR - Erreur de requête HTTP pour le serveur vicprdmav2rds04: Invalid URL 'None': No scheme supplied. Perhaps you meant https://None?
2025-09-03 17:30:06,237 - agents.rapid7_collector - GLPI-VCSI - ERROR - Erreur de requête HTTP pour le serveur VICDEVORGNAPP02: Invalid URL 'None': No scheme supplied. Perhaps you meant https://None?
2025-09-03 17:30:06,240 - agents.rapid7_collector - GLPI-VCSI - ERROR - Erreur de requête HTTP pour le serveur VICDEVORGNFRT02: Invalid URL 'None': No scheme supplied. Perhaps you meant https://None?
2025-09-03 17:30:06,241 - agents.rapid7_collector - GLPI-VCSI - ERROR - Erreur de requête HTTP pour le serveur vicprdsc12arc01: Invalid URL 'None': No scheme supplied. Perhaps you meant https://None?
2025-09-03 17:30:06,242 - agents.rapid7_collector - GLPI-VCSI - ERROR - Erreur de requête HTTP pour le serveur VICDEVORGNUSR06: Invalid URL 'None': No scheme supplied. Perhaps you meant https://None?
2025-09-03 17:30:06,249 - agents.rapid7_collector - GLPI-VCSI - ERROR - Erreur de requête HTTP pour le serveur vicmgmtfrcjmp01: Invalid URL 'None': No scheme supplied. Perhaps you meant https://None?
2025-09-03 17:30:06,242 - agents.rapid7_collector - GLPI-VCSI - ERROR - Erreur de requête HTTP pour le serveur VICDEVORGNSQL01: Invalid URL 'None': No scheme supplied. Perhaps you meant https://None?
2025-09-03 17:30:06,242 - agents.rapid7_collector - GLPI-VCSI - ERROR - Erreur de requête HTTP pour le serveur vicprdmav2rds11: Invalid URL 'None': No scheme supplied. Perhaps you meant https://None?
2025-09-03 17:30:06,256 - agents.rapid7_collector - GLPI-VCSI - ERROR - Erreur de requête HTTP pour le serveur vicprdsc12syr12: Invalid URL 'None': No scheme supplied. Perhaps you meant https://None?
2025-09-03 17:30:06,243 - agents.rapid7_collector - GLPI-VCSI - ERROR - Erreur de requête HTTP pour le serveur vicprdsc12edt02: Invalid URL 'None': No scheme supplied. Perhaps you meant https://None?
2025-09-03 17:30:06,257 - agents.rapid7_collector - GLPI-VCSI - ERROR - Erreur de requête HTTP pour le serveur vm-vuk-sdx-qbase-002: Invalid URL 'None': No scheme supplied. Perhaps you meant https://None?
2025-09-03 17:30:06,258 - agents.rapid7_collector - GLPI-VCSI - ERROR - Erreur de requête HTTP pour le serveur vicprdsc12trt06: Invalid URL 'None': No scheme supplied. Perhaps you meant https://None?
2025-09-03 17:30:06,258 - agents.rapid7_collector - GLPI-VCSI - ERROR - Erreur de requête HTTP pour le serveur VS2015: Invalid URL 'None': No scheme supplied. Perhaps you meant https://None?
2025-09-03 17:30:06,259 - agents.rapid7_collector - GLPI-VCSI - ERROR - Erreur de requête HTTP pour le serveur vicprdsc12syr10: Invalid URL 'None': No scheme supplied. Perhaps you meant https://None?
2025-09-03 17:30:06,259 - agents.rapid7_collector - GLPI-VCSI - ERROR - Erreur de requête HTTP pour le serveur VS2008: Invalid URL 'None': No scheme supplied. Perhaps you meant https://None?
2025-09-03 17:30:06,260 - agents.rapid7_collector - GLPI-VCSI - ERROR - Erreur de requête HTTP pour le serveur vicprdsc12mdb04: Invalid URL 'None': No scheme supplied. Perhaps you meant https://None?
2025-09-03 17:30:06,260 - agents.rapid7_collector - GLPI-VCSI - ERROR - Erreur de requête HTTP pour le serveur vcsi-poc-gradius-vm: Invalid URL 'None': No scheme supplied. Perhaps you meant https://None?
2025-09-03 17:30:06,261 - agents.rapid7_collector - GLPI-VCSI - ERROR - Erreur de requête HTTP pour le serveur victstsicoapp01: Invalid URL 'None': No scheme supplied. Perhaps you meant https://None?
2025-09-03 17:30:06,243 - agents.rapid7_collector - GLPI-VCSI - ERROR - Erreur de requête HTTP pour le serveur vm-vicfrcppdgrad01: Invalid URL 'None': No scheme supplied. Perhaps you meant https://None?
2025-09-03 17:30:06,249 - agents.rapid7_collector - GLPI-VCSI - ERROR - Erreur de requête HTTP pour le serveur vicprdmav2rds02: Invalid URL 'None': No scheme supplied. Perhaps you meant https://None?
2025-09-03 17:30:06,239 - agents.rapid7_collector - GLPI-VCSI - ERROR - Erreur de requête HTTP pour le serveur vicprdsc12mdb06: Invalid URL 'None': No scheme supplied. Perhaps you meant https://None?
2025-09-03 17:30:06,250 - agents.rapid7_collector - GLPI-VCSI - ERROR - Erreur de requête HTTP pour le serveur vicprdmav2rds08: Invalid URL 'None': No scheme supplied. Perhaps you meant https://None?
2025-09-03 17:30:06,251 - agents.rapid7_collector - GLPI-VCSI - ERROR - Erreur de requête HTTP pour le serveur vm-vicmgmtfrcagnt1: Invalid URL 'None': No scheme supplied. Perhaps you meant https://None?
2025-09-03 17:30:06,251 - agents.rapid7_collector - GLPI-VCSI - ERROR - Erreur de requête HTTP pour le serveur vm-haweb-tests: Invalid URL 'None': No scheme supplied. Perhaps you meant https://None?
2025-09-03 17:30:06,252 - agents.rapid7_collector - GLPI-VCSI - ERROR - Erreur de requête HTTP pour le serveur vm-vic-mgmt-frc-automation: Invalid URL 'None': No scheme supplied. Perhaps you meant https://None?
2025-09-03 17:30:06,253 - agents.rapid7_collector - GLPI-VCSI - ERROR - Erreur de requête HTTP pour le serveur vicprdmav2rds09: Invalid URL 'None': No scheme supplied. Perhaps you meant https://None?
2025-09-03 17:30:06,253 - agents.rapid7_collector - GLPI-VCSI - ERROR - Erreur de requête HTTP pour le serveur vicprdmav2ssb01: Invalid URL 'None': No scheme supplied. Perhaps you meant https://None?
2025-09-03 17:30:06,253 - agents.rapid7_collector - GLPI-VCSI - ERROR - Erreur de requête HTTP pour le serveur vm-vic-mgmt-stg-frc-automation: Invalid URL 'None': No scheme supplied. Perhaps you meant https://None?
2025-09-03 17:30:06,255 - agents.rapid7_collector - GLPI-VCSI - ERROR - Erreur de requête HTTP pour le serveur vicprdsc12trt07: Invalid URL 'None': No scheme supplied. Perhaps you meant https://None?
2025-09-03 17:30:06,255 - agents.rapid7_collector - GLPI-VCSI - ERROR - Erreur de requête HTTP pour le serveur VM-VUK-SDX-FIRE-001: Invalid URL 'None': No scheme supplied. Perhaps you meant https://None?
2025-09-03 17:30:06,256 - agents.rapid7_collector - GLPI-VCSI - ERROR - Erreur de requête HTTP pour le serveur VM-VUK-SDX-FIRE-002: Invalid URL 'None': No scheme supplied. Perhaps you meant https://None?
2025-09-03 17:30:06,257 - agents.rapid7_collector - GLPI-VCSI - ERROR - Erreur de requête HTTP pour le serveur vicprdsc12fbe01: Invalid URL 'None': No scheme supplied. Perhaps you meant https://None?
2025-09-03 17:30:06,262 - agents.rapid7_collector - GLPI-VCSI - ERROR - Erreur de requête HTTP pour le serveur vm-vuk-sdx-qfire-001: Invalid URL 'None': No scheme supplied. Perhaps you meant https://None?
2025-09-03 17:30:06,249 - agents.rapid7_collector - GLPI-VCSI - ERROR - Erreur de requête HTTP pour le serveur vicprdmav2rds10: Invalid URL 'None': No scheme supplied. Perhaps you meant https://None?
2025-09-03 17:30:06,244 - agents.rapid7_collector - GLPI-VCSI - ERROR - Erreur de requête HTTP pour le serveur vm-vic-prd-frc-emap-ags: Invalid URL 'None': No scheme supplied. Perhaps you meant https://None?
2025-09-03 17:30:06,277 - agents.rapid7_collector - GLPI-VCSI - ERROR - Erreur de requête HTTP pour le serveur itwo-dwh: Invalid URL 'None': No scheme supplied. Perhaps you meant https://None?
2025-09-03 17:30:06,245 - agents.rapid7_collector - GLPI-VCSI - ERROR - Erreur de requête HTTP pour le serveur vicprdsc12trt05: Invalid URL 'None': No scheme supplied. Perhaps you meant https://None?
2025-09-03 17:30:06,246 - agents.rapid7_collector - GLPI-VCSI - ERROR - Erreur de requête HTTP pour le serveur vm-vic-prd-frc-emap-por: Invalid URL 'None': No scheme supplied. Perhaps you meant https://None?
2025-09-03 17:30:06,246 - agents.rapid7_collector - GLPI-VCSI - ERROR - Erreur de requête HTTP pour le serveur vicprdmav2app03: Invalid URL 'None': No scheme supplied. Perhaps you meant https://None?
2025-09-03 17:30:06,247 - agents.rapid7_collector - GLPI-VCSI - ERROR - Erreur de requête HTTP pour le serveur vm-vic-prd-frc-emap-tls: Invalid URL 'None': No scheme supplied. Perhaps you meant https://None?
2025-09-03 17:30:06,247 - agents.rapid7_collector - GLPI-VCSI - ERROR - Erreur de requête HTTP pour le serveur vicprdmav2rdw02: Invalid URL 'None': No scheme supplied. Perhaps you meant https://None?
2025-09-03 17:30:06,248 - agents.rapid7_collector - GLPI-VCSI - ERROR - Erreur de requête HTTP pour le serveur vm-vic-frc-ppd-jump-001: Invalid URL 'None': No scheme supplied. Perhaps you meant https://None?
2025-09-03 17:30:06,268 - agents.rapid7_collector - GLPI-VCSI - ERROR - Erreur de requête HTTP pour le serveur vm-vuk-sdx-qfire-002: Invalid URL 'None': No scheme supplied. Perhaps you meant https://None?
2025-09-03 17:30:06,268 - agents.rapid7_collector - GLPI-VCSI - ERROR - Erreur de requête HTTP pour le serveur vicrecmav2rds01: Invalid URL 'None': No scheme supplied. Perhaps you meant https://None?
2025-09-03 17:30:06,268 - agents.rapid7_collector - GLPI-VCSI - ERROR - Erreur de requête HTTP pour le serveur vm-vuk-sdx-qfire-003: Invalid URL 'None': No scheme supplied. Perhaps you meant https://None?
2025-09-03 17:30:06,269 - agents.rapid7_collector - GLPI-VCSI - ERROR - Erreur de requête HTTP pour le serveur vicprdsc12app01: Invalid URL 'None': No scheme supplied. Perhaps you meant https://None?
2025-09-03 17:30:06,270 - agents.rapid7_collector - GLPI-VCSI - ERROR - Erreur de requête HTTP pour le serveur vm-vuk-sdx-qfire-004: Invalid URL 'None': No scheme supplied. Perhaps you meant https://None?
2025-09-03 17:30:06,270 - agents.rapid7_collector - GLPI-VCSI - ERROR - Erreur de requête HTTP pour le serveur vicppdmav2ssb01: Invalid URL 'None': No scheme supplied. Perhaps you meant https://None?
2025-09-03 17:30:06,271 - agents.rapid7_collector - GLPI-VCSI - ERROR - Erreur de requête HTTP pour le serveur victstsicosyr02: Invalid URL 'None': No scheme supplied. Perhaps you meant https://None?
2025-09-03 17:30:06,272 - agents.rapid7_collector - GLPI-VCSI - ERROR - Erreur de requête HTTP pour le serveur elastic: Invalid URL 'None': No scheme supplied. Perhaps you meant https://None?
2025-09-03 17:30:06,272 - agents.rapid7_collector - GLPI-VCSI - ERROR - Erreur de requête HTTP pour le serveur vicformav2ssb01: Invalid URL 'None': No scheme supplied. Perhaps you meant https://None?
2025-09-03 17:30:06,272 - agents.rapid7_collector - GLPI-VCSI - ERROR - Erreur de requête HTTP pour le serveur viktor-workers-vm: Invalid URL 'None': No scheme supplied. Perhaps you meant https://None?
2025-09-03 17:30:06,274 - agents.rapid7_collector - GLPI-VCSI - ERROR - Erreur de requête HTTP pour le serveur ganttic-forms-scripts: Invalid URL 'None': No scheme supplied. Perhaps you meant https://None?
2025-09-03 17:30:06,274 - agents.rapid7_collector - GLPI-VCSI - ERROR - Erreur de requête HTTP pour le serveur vicprdsccmfil01: Invalid URL 'None': No scheme supplied. Perhaps you meant https://None?
2025-09-03 17:30:06,275 - agents.rapid7_collector - GLPI-VCSI - ERROR - Erreur de requête HTTP pour le serveur andrew-learning: Invalid URL 'None': No scheme supplied. Perhaps you meant https://None?
2025-09-03 17:30:06,275 - agents.rapid7_collector - GLPI-VCSI - ERROR - Erreur de requête HTTP pour le serveur vicprdsccmpri02: Invalid URL 'None': No scheme supplied. Perhaps you meant https://None?
2025-09-03 17:30:06,276 - agents.rapid7_collector - GLPI-VCSI - ERROR - Erreur de requête HTTP pour le serveur work-gis: Invalid URL 'None': No scheme supplied. Perhaps you meant https://None?
2025-09-03 17:30:06,276 - agents.rapid7_collector - GLPI-VCSI - ERROR - Erreur de requête HTTP pour le serveur vicprdsccmpri01: Invalid URL 'None': No scheme supplied. Perhaps you meant https://None?
2025-09-03 17:30:06,291 - agents.rapid7_collector - GLPI-VCSI - ERROR - Erreur de requête HTTP pour le serveur mapimage: Invalid URL 'None': No scheme supplied. Perhaps you meant https://None?
2025-09-03 17:30:06,291 - agents.rapid7_collector - GLPI-VCSI - ERROR - Erreur de requête HTTP pour le serveur vicppdplecfrt04: Invalid URL 'None': No scheme supplied. Perhaps you meant https://None?
2025-09-03 17:30:06,278 - agents.rapid7_collector - GLPI-VCSI - ERROR - Erreur de requête HTTP pour le serveur deigthon: Invalid URL 'None': No scheme supplied. Perhaps you meant https://None?
2025-09-03 17:30:06,279 - agents.rapid7_collector - GLPI-VCSI - ERROR - Erreur de requête HTTP pour le serveur VINCIC-APPLI-71: Invalid URL 'None': No scheme supplied. Perhaps you meant https://None?
2025-09-03 17:30:06,280 - agents.rapid7_collector - GLPI-VCSI - ERROR - Erreur de requête HTTP pour le serveur test-cookie-cutter: Invalid URL 'None': No scheme supplied. Perhaps you meant https://None?
2025-09-03 17:30:06,280 - agents.rapid7_collector - GLPI-VCSI - ERROR - Erreur de requête HTTP pour le serveur vicprdsccmfrt01: Invalid URL 'None': No scheme supplied. Perhaps you meant https://None?
2025-09-03 17:30:06,281 - agents.rapid7_collector - GLPI-VCSI - ERROR - Erreur de requête HTTP pour le serveur observaero-test1: Invalid URL 'None': No scheme supplied. Perhaps you meant https://None?
2025-09-03 17:30:06,281 - agents.rapid7_collector - GLPI-VCSI - ERROR - Erreur de requête HTTP pour le serveur vicppdplgpfil01: Invalid URL 'None': No scheme supplied. Perhaps you meant https://None?
2025-09-03 17:30:06,282 - agents.rapid7_collector - GLPI-VCSI - ERROR - Erreur de requête HTTP pour le serveur stockpile-dev: Invalid URL 'None': No scheme supplied. Perhaps you meant https://None?
2025-09-03 17:30:06,282 - agents.rapid7_collector - GLPI-VCSI - ERROR - Erreur de requête HTTP pour le serveur vm-vic-frc-dev-datagouv: Invalid URL 'None': No scheme supplied. Perhaps you meant https://None?
2025-09-03 17:30:06,283 - agents.rapid7_collector - GLPI-VCSI - ERROR - Erreur de requête HTTP pour le serveur vicprdsccmjob01: Invalid URL 'None': No scheme supplied. Perhaps you meant https://None?
2025-09-03 17:30:06,283 - agents.rapid7_collector - GLPI-VCSI - ERROR - Erreur de requête HTTP pour le serveur substratumvm01: Invalid URL 'None': No scheme supplied. Perhaps you meant https://None?
2025-09-03 17:30:06,284 - agents.rapid7_collector - GLPI-VCSI - ERROR - Erreur de requête HTTP pour le serveur geoserver: Invalid URL 'None': No scheme supplied. Perhaps you meant https://None?
2025-09-03 17:30:06,285 - agents.rapid7_collector - GLPI-VCSI - ERROR - Erreur de requête HTTP pour le serveur vicdevplecfrt02: Invalid URL 'None': No scheme supplied. Perhaps you meant https://None?
2025-09-03 17:30:06,286 - agents.rapid7_collector - GLPI-VCSI - ERROR - Erreur de requête HTTP pour le serveur openlayers: Invalid URL 'None': No scheme supplied. Perhaps you meant https://None?
2025-09-03 17:30:06,286 - agents.rapid7_collector - GLPI-VCSI - ERROR - Erreur de requête HTTP pour le serveur vicprdsccmsql01: Invalid URL 'None': No scheme supplied. Perhaps you meant https://None?
2025-09-03 17:30:06,286 - agents.rapid7_collector - GLPI-VCSI - ERROR - Erreur de requête HTTP pour le serveur vicprdsccmdps02: Invalid URL 'None': No scheme supplied. Perhaps you meant https://None?
2025-09-03 17:30:06,287 - agents.rapid7_collector - GLPI-VCSI - ERROR - Erreur de requête HTTP pour le serveur clara-backend-vc: Invalid URL 'None': No scheme supplied. Perhaps you meant https://None?
2025-09-03 17:30:06,287 - agents.rapid7_collector - GLPI-VCSI - ERROR - Erreur de requête HTTP pour le serveur vicdevplectrt02: Invalid URL 'None': No scheme supplied. Perhaps you meant https://None?
2025-09-03 17:30:06,288 - agents.rapid7_collector - GLPI-VCSI - ERROR - Erreur de requête HTTP pour le serveur AZ-VM-ADCI-01: Invalid URL 'None': No scheme supplied. Perhaps you meant https://None?
2025-09-03 17:30:06,289 - agents.rapid7_collector - GLPI-VCSI - ERROR - Erreur de requête HTTP pour le serveur VGPDMZVGPAPP001: Invalid URL 'None': No scheme supplied. Perhaps you meant https://None?
2025-09-03 17:30:06,290 - agents.rapid7_collector - GLPI-VCSI - ERROR - Erreur de requête HTTP pour le serveur fdvkpre: Invalid URL 'None': No scheme supplied. Perhaps you meant https://None?
2025-09-03 17:30:06,290 - agents.rapid7_collector - GLPI-VCSI - ERROR - Erreur de requête HTTP pour le serveur vicdevplgptrt01: Invalid URL 'None': No scheme supplied. Perhaps you meant https://None?
2025-09-03 17:30:06,245 - agents.rapid7_collector - GLPI-VCSI - ERROR - Erreur de requête HTTP pour le serveur vm-vic-prd-frc-emap-ds: Invalid URL 'None': No scheme supplied. Perhaps you meant https://None?
2025-09-03 17:30:06,277 - agents.rapid7_collector - GLPI-VCSI - ERROR - Erreur de requête HTTP pour le serveur vicprdsccmfbe01: Invalid URL 'None': No scheme supplied. Perhaps you meant https://None?
2025-09-03 17:30:06,292 - agents.rapid7_collector - GLPI-VCSI - ERROR - Erreur de requête HTTP pour le serveur scheduler: Invalid URL 'None': No scheme supplied. Perhaps you meant https://None?
2025-09-03 17:30:06,293 - agents.rapid7_collector - GLPI-VCSI - ERROR - Erreur de requête HTTP pour le serveur vicppdplgpfrt01: Invalid URL 'None': No scheme supplied. Perhaps you meant https://None?
2025-09-03 17:30:06,294 - agents.rapid7_collector - GLPI-VCSI - ERROR - Erreur de requête HTTP pour le serveur vm-vic-sdx-frc-shir-001: Invalid URL 'None': No scheme supplied. Perhaps you meant https://None?
2025-09-03 17:30:06,294 - agents.rapid7_collector - GLPI-VCSI - ERROR - Erreur de requête HTTP pour le serveur vicppdplgptrt01: Invalid URL 'None': No scheme supplied. Perhaps you meant https://None?
2025-09-03 17:30:06,294 - agents.rapid7_collector - GLPI-VCSI - ERROR - Erreur de requête HTTP pour le serveur vm-vic-sdx-frc-ckmk-agent-001: Invalid URL 'None': No scheme supplied. Perhaps you meant https://None?
2025-09-03 17:30:06,295 - agents.rapid7_collector - GLPI-VCSI - ERROR - Erreur de requête HTTP pour le serveur victstdicafrt01: Invalid URL 'None': No scheme supplied. Perhaps you meant https://None?
2025-09-03 17:30:06,296 - agents.rapid7_collector - GLPI-VCSI - ERROR - Erreur de requête HTTP pour le serveur vm-vic-sdx-frc-ckmk-server-001: Invalid URL 'None': No scheme supplied. Perhaps you meant https://None?
2025-09-03 17:30:06,296 - agents.rapid7_collector - GLPI-VCSI - ERROR - Erreur de requête HTTP pour le serveur vicppdplectrt02: Invalid URL 'None': No scheme supplied. Perhaps you meant https://None?
2025-09-03 17:30:06,296 - agents.rapid7_collector - GLPI-VCSI - ERROR - Erreur de requête HTTP pour le serveur HLD-AVD-STG-10: Invalid URL 'None': No scheme supplied. Perhaps you meant https://None?
2025-09-03 17:30:06,297 - agents.rapid7_collector - GLPI-VCSI - ERROR - Erreur de requête HTTP pour le serveur vicppdplecfil02: Invalid URL 'None': No scheme supplied. Perhaps you meant https://None?
2025-09-03 17:30:06,297 - agents.rapid7_collector - GLPI-VCSI - ERROR - Erreur de requête HTTP pour le serveur HLD-AVD-STG-11: Invalid URL 'None': No scheme supplied. Perhaps you meant https://None?
2025-09-03 17:30:06,298 - agents.rapid7_collector - GLPI-VCSI - ERROR - Erreur de requête HTTP pour le serveur HLD-AVD-STG-12: Invalid URL 'None': No scheme supplied. Perhaps you meant https://None?
2025-09-03 17:30:06,312 - agents.rapid7_collector - GLPI-VCSI - ERROR - Erreur de requête HTTP pour le serveur vicprdplgpfil01: Invalid URL 'None': No scheme supplied. Perhaps you meant https://None?
2025-09-03 17:30:06,299 - agents.rapid7_collector - GLPI-VCSI - ERROR - Erreur de requête HTTP pour le serveur HLD-AVD-STG-13: Invalid URL 'None': No scheme supplied. Perhaps you meant https://None?
2025-09-03 17:30:06,299 - agents.rapid7_collector - GLPI-VCSI - ERROR - Erreur de requête HTTP pour le serveur vicppdplecfrt03: Invalid URL 'None': No scheme supplied. Perhaps you meant https://None?
2025-09-03 17:30:06,300 - agents.rapid7_collector - GLPI-VCSI - ERROR - Erreur de requête HTTP pour le serveur HLD-AVD-STG-14: Invalid URL 'None': No scheme supplied. Perhaps you meant https://None?
2025-09-03 17:30:06,314 - agents.rapid7_collector - GLPI-VCSI - ERROR - Erreur de requête HTTP pour le serveur SOFPRDSQLGPI01: Invalid URL 'None': No scheme supplied. Perhaps you meant https://None?
2025-09-03 17:30:06,301 - agents.rapid7_collector - GLPI-VCSI - ERROR - Erreur de requête HTTP pour le serveur vicdevplgpfrt01: Invalid URL 'None': No scheme supplied. Perhaps you meant https://None?
2025-09-03 17:30:06,301 - agents.rapid7_collector - GLPI-VCSI - ERROR - Erreur de requête HTTP pour le serveur ae-license: Invalid URL 'None': No scheme supplied. Perhaps you meant https://None?
2025-09-03 17:30:06,316 - agents.rapid7_collector - GLPI-VCSI - ERROR - Erreur de requête HTTP pour le serveur SOFHOMGPI01: Invalid URL 'None': No scheme supplied. Perhaps you meant https://None?
2025-09-03 17:30:06,302 - agents.rapid7_collector - GLPI-VCSI - ERROR - Erreur de requête HTTP pour le serveur arcgis-portal: Invalid URL 'None': No scheme supplied. Perhaps you meant https://None?
2025-09-03 17:30:06,302 - agents.rapid7_collector - GLPI-VCSI - ERROR - Erreur de requête HTTP pour le serveur HLD-AVD-STG-15: Invalid URL 'None': No scheme supplied. Perhaps you meant https://None?
2025-09-03 17:30:06,304 - agents.rapid7_collector - GLPI-VCSI - ERROR - Erreur de requête HTTP pour le serveur vicprdplecfrt03: Invalid URL 'None': No scheme supplied. Perhaps you meant https://None?
2025-09-03 17:30:06,305 - agents.rapid7_collector - GLPI-VCSI - ERROR - Erreur de requête HTTP pour le serveur arcgis-relational: Invalid URL 'None': No scheme supplied. Perhaps you meant https://None?
2025-09-03 17:30:06,305 - agents.rapid7_collector - GLPI-VCSI - ERROR - Erreur de requête HTTP pour le serveur arcgis-server: Invalid URL 'None': No scheme supplied. Perhaps you meant https://None?
2025-09-03 17:30:06,306 - agents.rapid7_collector - GLPI-VCSI - ERROR - Erreur de requête HTTP pour le serveur vicprdplectrt02: Invalid URL 'None': No scheme supplied. Perhaps you meant https://None?
2025-09-03 17:30:06,306 - agents.rapid7_collector - GLPI-VCSI - ERROR - Erreur de requête HTTP pour le serveur arcgis-tilecache: Invalid URL 'None': No scheme supplied. Perhaps you meant https://None?
2025-09-03 17:30:06,307 - agents.rapid7_collector - GLPI-VCSI - ERROR - Erreur de requête HTTP pour le serveur vicprdplecadm01: Invalid URL 'None': No scheme supplied. Perhaps you meant https://None?
2025-09-03 17:30:06,325 - agents.rapid7_collector - GLPI-VCSI - ERROR - Erreur de requête HTTP pour le serveur vicprdsiemgtw04: Invalid URL 'None': No scheme supplied. Perhaps you meant https://None?
2025-09-03 17:30:06,309 - agents.rapid7_collector - GLPI-VCSI - ERROR - Erreur de requête HTTP pour le serveur vicprdplecfil02: Invalid URL 'None': No scheme supplied. Perhaps you meant https://None?
2025-09-03 17:30:06,310 - agents.rapid7_collector - GLPI-VCSI - ERROR - Erreur de requête HTTP pour le serveur vicprdpebofbe01: Invalid URL 'None': No scheme supplied. Perhaps you meant https://None?
2025-09-03 17:30:06,310 - agents.rapid7_collector - GLPI-VCSI - ERROR - Erreur de requête HTTP pour le serveur VINCIC-APPLI-70: Invalid URL 'None': No scheme supplied. Perhaps you meant https://None?
2025-09-03 17:30:06,328 - agents.rapid7_collector - GLPI-VCSI - ERROR - Erreur de requête HTTP pour le serveur vicppdvcntgtw01: Invalid URL 'None': No scheme supplied. Perhaps you meant https://None?
2025-09-03 17:30:06,311 - agents.rapid7_collector - GLPI-VCSI - ERROR - Erreur de requête HTTP pour le serveur vicprdplgpfrt02: Invalid URL 'None': No scheme supplied. Perhaps you meant https://None?
2025-09-03 17:30:06,329 - agents.rapid7_collector - GLPI-VCSI - ERROR - Erreur de requête HTTP pour le serveur vicppdvcntgtw02: Invalid URL 'None': No scheme supplied. Perhaps you meant https://None?
2025-09-03 17:30:06,312 - agents.rapid7_collector - GLPI-VCSI - ERROR - Erreur de requête HTTP pour le serveur SOFPRDGPI01: Invalid URL 'None': No scheme supplied. Perhaps you meant https://None?
2025-09-03 17:30:06,312 - agents.rapid7_collector - GLPI-VCSI - ERROR - Erreur de requête HTTP pour le serveur vicprdplecfrt04: Invalid URL 'None': No scheme supplied. Perhaps you meant https://None?
2025-09-03 17:30:06,313 - agents.rapid7_collector - GLPI-VCSI - ERROR - Erreur de requête HTTP pour le serveur VICPRDWSUSFBE03: Invalid URL 'None': No scheme supplied. Perhaps you meant https://None?
2025-09-03 17:30:06,300 - agents.rapid7_collector - GLPI-VCSI - ERROR - Erreur de requête HTTP pour le serveur vicprdplgpfrt01: Invalid URL 'None': No scheme supplied. Perhaps you meant https://None?
2025-09-03 17:30:06,314 - agents.rapid7_collector - GLPI-VCSI - ERROR - Erreur de requête HTTP pour le serveur vicppdvcntmdb03: Invalid URL 'None': No scheme supplied. Perhaps you meant https://None?
2025-09-03 17:30:06,315 - agents.rapid7_collector - GLPI-VCSI - ERROR - Erreur de requête HTTP pour le serveur vicppdvcntmdb02: Invalid URL 'None': No scheme supplied. Perhaps you meant https://None?
2025-09-03 17:30:06,315 - agents.rapid7_collector - GLPI-VCSI - ERROR - Erreur de requête HTTP pour le serveur vicppdvcntmdb01: Invalid URL 'None': No scheme supplied. Perhaps you meant https://None?
2025-09-03 17:30:06,302 - agents.rapid7_collector - GLPI-VCSI - ERROR - Erreur de requête HTTP pour le serveur vicprdplgptrt01: Invalid URL 'None': No scheme supplied. Perhaps you meant https://None?
2025-09-03 17:30:06,317 - agents.rapid7_collector - GLPI-VCSI - ERROR - Erreur de requête HTTP pour le serveur vicprdvcntmdb02: Invalid URL 'None': No scheme supplied. Perhaps you meant https://None?
2025-09-03 17:30:06,318 - agents.rapid7_collector - GLPI-VCSI - ERROR - Erreur de requête HTTP pour le serveur VICPRDINFRDNS02: Invalid URL 'None': No scheme supplied. Perhaps you meant https://None?
2025-09-03 17:30:06,319 - agents.rapid7_collector - GLPI-VCSI - ERROR - Erreur de requête HTTP pour le serveur vicppdshvcind01: Invalid URL 'None': No scheme supplied. Perhaps you meant https://None?
2025-09-03 17:30:06,320 - agents.rapid7_collector - GLPI-VCSI - ERROR - Erreur de requête HTTP pour le serveur vicppdvcntdsh01: Invalid URL 'None': No scheme supplied. Perhaps you meant https://None?
2025-09-03 17:30:06,320 - agents.rapid7_collector - GLPI-VCSI - ERROR - Erreur de requête HTTP pour le serveur vicprdvcntmdb03: Invalid URL 'None': No scheme supplied. Perhaps you meant https://None?
2025-09-03 17:30:06,322 - agents.rapid7_collector - GLPI-VCSI - ERROR - Erreur de requête HTTP pour le serveur vicprdvcntmdb01: Invalid URL 'None': No scheme supplied. Perhaps you meant https://None?
2025-09-03 17:30:06,323 - agents.rapid7_collector - GLPI-VCSI - ERROR - Erreur de requête HTTP pour le serveur vicprdshvccos03: Invalid URL 'None': No scheme supplied. Perhaps you meant https://None?
2025-09-03 17:30:06,324 - agents.rapid7_collector - GLPI-VCSI - ERROR - Erreur de requête HTTP pour le serveur vicppdshvccos03: Invalid URL 'None': No scheme supplied. Perhaps you meant https://None?
2025-09-03 17:30:06,308 - agents.rapid7_collector - GLPI-VCSI - ERROR - Erreur de requête HTTP pour le serveur arcgis-webserver: Invalid URL 'None': No scheme supplied. Perhaps you meant https://None?
2025-09-03 17:30:06,325 - agents.rapid7_collector - GLPI-VCSI - ERROR - Erreur de requête HTTP pour le serveur vicprduniftrt01: Invalid URL 'None': No scheme supplied. Perhaps you meant https://None?
2025-09-03 17:30:06,326 - agents.rapid7_collector - GLPI-VCSI - ERROR - Erreur de requête HTTP pour le serveur VICPPDADFSWAP01: Invalid URL 'None': No scheme supplied. Perhaps you meant https://None?
2025-09-03 17:30:06,327 - agents.rapid7_collector - GLPI-VCSI - ERROR - Erreur de requête HTTP pour le serveur vicprdsiemgtw02: Invalid URL 'None': No scheme supplied. Perhaps you meant https://None?
2025-09-03 17:30:06,311 - agents.rapid7_collector - GLPI-VCSI - ERROR - Erreur de requête HTTP pour le serveur vicprdplgpadm01: Invalid URL 'None': No scheme supplied. Perhaps you meant https://None?
2025-09-03 17:30:06,329 - agents.rapid7_collector - GLPI-VCSI - ERROR - Erreur de requête HTTP pour le serveur vicprdshvcind01: Invalid URL 'None': No scheme supplied. Perhaps you meant https://None?
2025-09-03 17:30:06,298 - agents.rapid7_collector - GLPI-VCSI - ERROR - Erreur de requête HTTP pour le serveur vicppdplgpfrt02: Invalid URL 'None': No scheme supplied. Perhaps you meant https://None?
2025-09-03 17:30:06,330 - agents.rapid7_collector - GLPI-VCSI - ERROR - Erreur de requête HTTP pour le serveur vicprddynafbe01: Invalid URL 'None': No scheme supplied. Perhaps you meant https://None?
2025-09-03 17:30:06,330 - agents.rapid7_collector - GLPI-VCSI - ERROR - Erreur de requête HTTP pour le serveur vicprdvcntgtw01: Invalid URL 'None': No scheme supplied. Perhaps you meant https://None?
2025-09-03 17:30:06,332 - agents.rapid7_collector - GLPI-VCSI - ERROR - Erreur de requête HTTP pour le serveur vicprdvcntdsh01: Invalid URL 'None': No scheme supplied. Perhaps you meant https://None?
2025-09-03 17:30:06,332 - agents.rapid7_collector - GLPI-VCSI - ERROR - Erreur de requête HTTP pour le serveur vicprdsiemgtw01: Invalid URL 'None': No scheme supplied. Perhaps you meant https://None?
2025-09-03 17:30:06,333 - agents.rapid7_collector - GLPI-VCSI - ERROR - Erreur de requête HTTP pour le serveur vicprdvcntgtw02: Invalid URL 'None': No scheme supplied. Perhaps you meant https://None?
2025-09-03 17:30:06,333 - agents.rapid7_collector - GLPI-VCSI - ERROR - Erreur de requête HTTP pour le serveur VICPRDWSUSDMZ02: Invalid URL 'None': No scheme supplied. Perhaps you meant https://None?
2025-09-03 17:30:06,333 - agents.rapid7_collector - GLPI-VCSI - ERROR - Erreur de requête HTTP pour le serveur vicprdmultadm04: Invalid URL 'None': No scheme supplied. Perhaps you meant https://None?
2025-09-03 17:30:06,334 - agents.rapid7_collector - GLPI-VCSI - ERROR - Erreur de requête HTTP pour le serveur vicuatdynafbe01: Invalid URL 'None': No scheme supplied. Perhaps you meant https://None?
2025-09-03 17:30:06,345 - agents.rapid7_collector - GLPI-VCSI - ERROR - Erreur de requête HTTP pour le serveur vicppdshvcfrt01: Invalid URL 'None': No scheme supplied. Perhaps you meant https://None?
2025-09-03 17:30:06,335 - agents.rapid7_collector - GLPI-VCSI - ERROR - Erreur de requête HTTP pour le serveur vicrecdmatfbe02: Invalid URL 'None': No scheme supplied. Perhaps you meant https://None?
2025-09-03 17:30:06,335 - agents.rapid7_collector - GLPI-VCSI - ERROR - Erreur de requête HTTP pour le serveur vicppddynafbe02: Invalid URL 'None': No scheme supplied. Perhaps you meant https://None?
2025-09-03 17:30:06,336 - agents.rapid7_collector - GLPI-VCSI - ERROR - Erreur de requête HTTP pour le serveur vicprddynafbe02: Invalid URL 'None': No scheme supplied. Perhaps you meant https://None?
2025-09-03 17:30:06,337 - agents.rapid7_collector - GLPI-VCSI - ERROR - Erreur de requête HTTP pour le serveur vicprdexchgtw03: Invalid URL 'None': No scheme supplied. Perhaps you meant https://None?
2025-09-03 17:30:06,337 - agents.rapid7_collector - GLPI-VCSI - ERROR - Erreur de requête HTTP pour le serveur vicppdwcomfbe06: Invalid URL 'None': No scheme supplied. Perhaps you meant https://None?
2025-09-03 17:30:06,338 - agents.rapid7_collector - GLPI-VCSI - ERROR - Erreur de requête HTTP pour le serveur vicppddicafrt01: Invalid URL 'None': No scheme supplied. Perhaps you meant https://None?
2025-09-03 17:30:06,338 - agents.rapid7_collector - GLPI-VCSI - ERROR - Erreur de requête HTTP pour le serveur vicppdwcomfbe05: Invalid URL 'None': No scheme supplied. Perhaps you meant https://None?
2025-09-03 17:30:06,338 - agents.rapid7_collector - GLPI-VCSI - ERROR - Erreur de requête HTTP pour le serveur vicppdedapfbe01: Invalid URL 'None': No scheme supplied. Perhaps you meant https://None?
2025-09-03 17:30:06,339 - agents.rapid7_collector - GLPI-VCSI - ERROR - Erreur de requête HTTP pour le serveur vicppdptaffrt03: Invalid URL 'None': No scheme supplied. Perhaps you meant https://None?
2025-09-03 17:30:06,340 - agents.rapid7_collector - GLPI-VCSI - ERROR - Erreur de requête HTTP pour le serveur VICPPDPTAFFRT01: Invalid URL 'None': No scheme supplied. Perhaps you meant https://None?
2025-09-03 17:30:06,340 - agents.rapid7_collector - GLPI-VCSI - ERROR - Erreur de requête HTTP pour le serveur VICDEVADFSWAP01: Invalid URL 'None': No scheme supplied. Perhaps you meant https://None?
2025-09-03 17:30:06,341 - agents.rapid7_collector - GLPI-VCSI - ERROR - Erreur de requête HTTP pour le serveur VICPPDADFSWAP03: Invalid URL 'None': No scheme supplied. Perhaps you meant https://None?
2025-09-03 17:30:06,341 - agents.rapid7_collector - GLPI-VCSI - ERROR - Erreur de requête HTTP pour le serveur VICPPDPTAFFRT02: Invalid URL 'None': No scheme supplied. Perhaps you meant https://None?
2025-09-03 17:30:06,342 - agents.rapid7_collector - GLPI-VCSI - ERROR - Erreur de requête HTTP pour le serveur vicppddicafrt02: Invalid URL 'None': No scheme supplied. Perhaps you meant https://None?
2025-09-03 17:30:06,343 - agents.rapid7_collector - GLPI-VCSI - ERROR - Erreur de requête HTTP pour le serveur vicppddocwfbe03: Invalid URL 'None': No scheme supplied. Perhaps you meant https://None?
2025-09-03 17:30:06,344 - agents.rapid7_collector - GLPI-VCSI - ERROR - Erreur de requête HTTP pour le serveur VICPPDMIISFRT01: Invalid URL 'None': No scheme supplied. Perhaps you meant https://None?
2025-09-03 17:30:06,344 - agents.rapid7_collector - GLPI-VCSI - ERROR - Erreur de requête HTTP pour le serveur vicprddocwfbe03: Invalid URL 'None': No scheme supplied. Perhaps you meant https://None?
2025-09-03 17:30:06,334 - agents.rapid7_collector - GLPI-VCSI - ERROR - Erreur de requête HTTP pour le serveur vicpocdmrctrt01: Invalid URL 'None': No scheme supplied. Perhaps you meant https://None?
2025-09-03 17:30:06,345 - agents.rapid7_collector - GLPI-VCSI - ERROR - Erreur de requête HTTP pour le serveur vicpocdprgfbe01: Invalid URL 'None': No scheme supplied. Perhaps you meant https://None?
2025-09-03 17:30:06,346 - agents.rapid7_collector - GLPI-VCSI - ERROR - Erreur de requête HTTP pour le serveur VICPPDADFSWAP04: Invalid URL 'None': No scheme supplied. Perhaps you meant https://None?
2025-09-03 17:30:06,346 - agents.rapid7_collector - GLPI-VCSI - ERROR - Erreur de requête HTTP pour le serveur VICPRDPTAFFRT02: Invalid URL 'None': No scheme supplied. Perhaps you meant https://None?
2025-09-03 17:30:06,347 - agents.rapid7_collector - GLPI-VCSI - ERROR - Erreur de requête HTTP pour le serveur vicprddicafrt02: Invalid URL 'None': No scheme supplied. Perhaps you meant https://None?
2025-09-03 17:30:06,347 - agents.rapid7_collector - GLPI-VCSI - ERROR - Erreur de requête HTTP pour le serveur vicprdwcomfbe01: Invalid URL 'None': No scheme supplied. Perhaps you meant https://None?
2025-09-03 17:30:06,348 - agents.rapid7_collector - GLPI-VCSI - ERROR - Erreur de requête HTTP pour le serveur VICPRDADFSWAP04: Invalid URL 'None': No scheme supplied. Perhaps you meant https://None?
2025-09-03 17:30:06,348 - agents.rapid7_collector - GLPI-VCSI - ERROR - Erreur de requête HTTP pour le serveur vicprdptaffrt03: Invalid URL 'None': No scheme supplied. Perhaps you meant https://None?
2025-09-03 17:30:06,349 - agents.rapid7_collector - GLPI-VCSI - ERROR - Erreur de requête HTTP pour le serveur vicprdmiisfrt01: Invalid URL 'None': No scheme supplied. Perhaps you meant https://None?
2025-09-03 17:30:06,349 - agents.rapid7_collector - GLPI-VCSI - ERROR - Erreur de requête HTTP pour le serveur vicprdedapfbe01: Invalid URL 'None': No scheme supplied. Perhaps you meant https://None?
2025-09-03 17:30:06,362 - agents.rapid7_collector - GLPI-VCSI - ERROR - Erreur de requête HTTP pour le serveur VICPRDPTAFFRT01: Invalid URL 'None': No scheme supplied. Perhaps you meant https://None?
2025-09-03 17:30:06,363 - agents.rapid7_collector - GLPI-VCSI - ERROR - Erreur de requête HTTP pour le serveur vicprdshvcfrt02: Invalid URL 'None': No scheme supplied. Perhaps you meant https://None?
2025-09-03 17:30:06,364 - agents.rapid7_collector - GLPI-VCSI - ERROR - Erreur de requête HTTP pour le serveur vicprddicafrt01: Invalid URL 'None': No scheme supplied. Perhaps you meant https://None?
2025-09-03 17:30:06,365 - agents.rapid7_collector - GLPI-VCSI - ERROR - Erreur de requête HTTP pour le serveur vicprddocwfbe02: Invalid URL 'None': No scheme supplied. Perhaps you meant https://None?
2025-09-03 17:30:06,365 - agents.rapid7_collector - GLPI-VCSI - ERROR - Erreur de requête HTTP pour le serveur VICPRDADFSWAP03: Invalid URL 'None': No scheme supplied. Perhaps you meant https://None?
2025-09-03 17:30:06,381 - agents.rapid7_collector - GLPI-VCSI - ERROR - Erreur de requête HTTP pour le serveur vicrecmhansql01: Invalid URL 'None': No scheme supplied. Perhaps you meant https://None?
2025-09-03 17:30:06,367 - agents.rapid7_collector - GLPI-VCSI - ERROR - Erreur de requête HTTP pour le serveur vicprdwcomfbe06: Invalid URL 'None': No scheme supplied. Perhaps you meant https://None?
2025-09-03 17:30:06,394 - agents.rapid7_collector - GLPI-VCSI - ERROR - Erreur de requête HTTP pour le serveur VCFHOMMUTUFRT01: Invalid URL 'None': No scheme supplied. Perhaps you meant https://None?
2025-09-03 17:30:06,399 - agents.rapid7_collector - GLPI-VCSI - ERROR - Erreur de requête HTTP pour le serveur vicprdzabifbe04: Invalid URL 'None': No scheme supplied. Perhaps you meant https://None?
2025-09-03 17:30:06,369 - agents.rapid7_collector - GLPI-VCSI - ERROR - Erreur de requête HTTP pour le serveur GLRESITDC001: Invalid URL 'None': No scheme supplied. Perhaps you meant https://None?
2025-09-03 17:30:06,370 - agents.rapid7_collector - GLPI-VCSI - ERROR - Erreur de requête HTTP pour le serveur vicprdmatifbe01: Invalid URL 'None': No scheme supplied. Perhaps you meant https://None?
2025-09-03 17:30:06,408 - agents.rapid7_collector - GLPI-VCSI - ERROR - Erreur de requête HTTP pour le serveur vicrecmatifbe04: Invalid URL 'None': No scheme supplied. Perhaps you meant https://None?
2025-09-03 17:30:06,371 - agents.rapid7_collector - GLPI-VCSI - ERROR - Erreur de requête HTTP pour le serveur FRHQDC001: Invalid URL 'None': No scheme supplied. Perhaps you meant https://None?
2025-09-03 17:30:06,371 - agents.rapid7_collector - GLPI-VCSI - ERROR - Erreur de requête HTTP pour le serveur VCFHOMSMTPAPP02: Invalid URL 'None': No scheme supplied. Perhaps you meant https://None?
2025-09-03 17:30:06,372 - agents.rapid7_collector - GLPI-VCSI - ERROR - Erreur de requête HTTP pour le serveur victstadmnfbe01: Invalid URL 'None': No scheme supplied. Perhaps you meant https://None?
2025-09-03 17:30:06,373 - agents.rapid7_collector - GLPI-VCSI - ERROR - Erreur de requête HTTP pour le serveur SOFPRDFREAPP001: Invalid URL 'None': No scheme supplied. Perhaps you meant https://None?
2025-09-03 17:30:06,374 - agents.rapid7_collector - GLPI-VCSI - ERROR - Erreur de requête HTTP pour le serveur VICPRDMSBISQL02: Invalid URL 'None': No scheme supplied. Perhaps you meant https://None?
2025-09-03 17:30:06,375 - agents.rapid7_collector - GLPI-VCSI - ERROR - Erreur de requête HTTP pour le serveur vicdevmsbisql03: Invalid URL 'None': No scheme supplied. Perhaps you meant https://None?
2025-09-03 17:30:06,376 - agents.rapid7_collector - GLPI-VCSI - ERROR - Erreur de requête HTTP pour le serveur vicprdmsbigtw02: Invalid URL 'None': No scheme supplied. Perhaps you meant https://None?
2025-09-03 17:30:06,376 - agents.rapid7_collector - GLPI-VCSI - ERROR - Erreur de requête HTTP pour le serveur VCFHOMSMTPAPP01: Invalid URL 'None': No scheme supplied. Perhaps you meant https://None?
2025-09-03 17:30:06,376 - agents.rapid7_collector - GLPI-VCSI - ERROR - Erreur de requête HTTP pour le serveur vicprdmatifbe03: Invalid URL 'None': No scheme supplied. Perhaps you meant https://None?
2025-09-03 17:30:06,377 - agents.rapid7_collector - GLPI-VCSI - ERROR - Erreur de requête HTTP pour le serveur vicppdmsbigtw02: Invalid URL 'None': No scheme supplied. Perhaps you meant https://None?
2025-09-03 17:30:06,378 - agents.rapid7_collector - GLPI-VCSI - ERROR - Erreur de requête HTTP pour le serveur vicppdlippfbe02: Invalid URL 'None': No scheme supplied. Perhaps you meant https://None?
2025-09-03 17:30:06,443 - agents.rapid7_collector - GLPI-VCSI - ERROR - Erreur de requête HTTP pour le serveur vicprdcsgpsql04: Invalid URL 'None': No scheme supplied. Perhaps you meant https://None?
2025-09-03 17:30:06,445 - agents.rapid7_collector - GLPI-VCSI - ERROR - Erreur de requête HTTP pour le serveur vicprdinfrpry02: Invalid URL 'None': No scheme supplied. Perhaps you meant https://None?
2025-09-03 17:30:06,446 - agents.rapid7_collector - GLPI-VCSI - ERROR - Erreur de requête HTTP pour le serveur vicprdinfrpry03: Invalid URL 'None': No scheme supplied. Perhaps you meant https://None?
2025-09-03 17:30:06,447 - agents.rapid7_collector - GLPI-VCSI - ERROR - Erreur de requête HTTP pour le serveur vicprdinfrpry01: Invalid URL 'None': No scheme supplied. Perhaps you meant https://None?
2025-09-03 17:30:06,449 - agents.rapid7_collector - GLPI-VCSI - ERROR - Erreur de requête HTTP pour le serveur vicprdspptssb01: Invalid URL 'None': No scheme supplied. Perhaps you meant https://None?
2025-09-03 17:30:06,449 - agents.rapid7_collector - GLPI-VCSI - ERROR - Erreur de requête HTTP pour le serveur vicprdexchgtw04: Invalid URL 'None': No scheme supplied. Perhaps you meant https://None?
2025-09-03 17:30:06,450 - agents.rapid7_collector - GLPI-VCSI - ERROR - Erreur de requête HTTP pour le serveur vicprdspptfil01: Invalid URL 'None': No scheme supplied. Perhaps you meant https://None?
2025-09-03 17:30:06,451 - agents.rapid7_collector - GLPI-VCSI - ERROR - Erreur de requête HTTP pour le serveur VICPRDSPPTRDS01: Invalid URL 'None': No scheme supplied. Perhaps you meant https://None?
2025-09-03 17:30:06,452 - agents.rapid7_collector - GLPI-VCSI - ERROR - Erreur de requête HTTP pour le serveur vicprddmatfbe01: Invalid URL 'None': No scheme supplied. Perhaps you meant https://None?
2025-09-03 17:30:06,453 - agents.rapid7_collector - GLPI-VCSI - ERROR - Erreur de requête HTTP pour le serveur vicppddocwfbe04: Invalid URL 'None': No scheme supplied. Perhaps you meant https://None?
2025-09-03 17:30:06,407 - agents.rapid7_collector - GLPI-VCSI - ERROR - Erreur de requête HTTP pour le serveur vicuatlippfbe01: Invalid URL 'None': No scheme supplied. Perhaps you meant https://None?
2025-09-03 17:30:06,370 - agents.rapid7_collector - GLPI-VCSI - ERROR - Erreur de requête HTTP pour le serveur vicppdhermfbe02: Invalid URL 'None': No scheme supplied. Perhaps you meant https://None?
2025-09-03 17:30:06,454 - agents.rapid7_collector - GLPI-VCSI - ERROR - Erreur de requête HTTP pour le serveur VM-NC0-20: Invalid URL 'None': No scheme supplied. Perhaps you meant https://None?
2025-09-03 17:30:06,455 - agents.rapid7_collector - GLPI-VCSI - ERROR - Erreur de requête HTTP pour le serveur VCFHOMMULTSQL14: Invalid URL 'None': No scheme supplied. Perhaps you meant https://None?
2025-09-03 17:30:06,412 - agents.rapid7_collector - GLPI-VCSI - ERROR - Erreur de requête HTTP pour le serveur vicrecmatifbe03: Invalid URL 'None': No scheme supplied. Perhaps you meant https://None?
2025-09-03 17:30:06,413 - agents.rapid7_collector - GLPI-VCSI - ERROR - Erreur de requête HTTP pour le serveur vicprdcsgpsql01: Invalid URL 'None': No scheme supplied. Perhaps you meant https://None?
2025-09-03 17:30:06,414 - agents.rapid7_collector - GLPI-VCSI - ERROR - Erreur de requête HTTP pour le serveur vicuatlippfbe02: Invalid URL 'None': No scheme supplied. Perhaps you meant https://None?
2025-09-03 17:30:06,414 - agents.rapid7_collector - GLPI-VCSI - ERROR - Erreur de requête HTTP pour le serveur vicuatlippfbe03: Invalid URL 'None': No scheme supplied. Perhaps you meant https://None?
2025-09-03 17:30:06,414 - agents.rapid7_collector - GLPI-VCSI - ERROR - Erreur de requête HTTP pour le serveur vicrecdprgfbe02: Invalid URL 'None': No scheme supplied. Perhaps you meant https://None?
2025-09-03 17:30:06,415 - agents.rapid7_collector - GLPI-VCSI - ERROR - Erreur de requête HTTP pour le serveur vicprdcsgpsql02: Invalid URL 'None': No scheme supplied. Perhaps you meant https://None?
2025-09-03 17:30:06,443 - agents.rapid7_collector - GLPI-VCSI - ERROR - Erreur de requête HTTP pour le serveur vicprdcsgpsql05: Invalid URL 'None': No scheme supplied. Perhaps you meant https://None?
2025-09-03 17:30:06,444 - agents.rapid7_collector - GLPI-VCSI - ERROR - Erreur de requête HTTP pour le serveur vicprdinfrpry04: Invalid URL 'None': No scheme supplied. Perhaps you meant https://None?
2025-09-03 17:30:06,459 - agents.rapid7_collector - GLPI-VCSI - ERROR - Erreur de requête HTTP pour le serveur vm-nc0-16: Invalid URL 'None': No scheme supplied. Perhaps you meant https://None?
2025-09-03 17:30:06,453 - agents.rapid7_collector - GLPI-VCSI - ERROR - Erreur de requête HTTP pour le serveur VCFPRDBPRMBOT03: Invalid URL 'None': No scheme supplied. Perhaps you meant https://None?
2025-09-03 17:30:06,454 - agents.rapid7_collector - GLPI-VCSI - ERROR - Erreur de requête HTTP pour le serveur vm-nc0-13: Invalid URL 'None': No scheme supplied. Perhaps you meant https://None?
2025-09-03 17:30:06,455 - agents.rapid7_collector - GLPI-VCSI - ERROR - Erreur de requête HTTP pour le serveur vm-nc0-02: Invalid URL 'None': No scheme supplied. Perhaps you meant https://None?
2025-09-03 17:30:06,456 - agents.rapid7_collector - GLPI-VCSI - ERROR - Erreur de requête HTTP pour le serveur VICPRDSPPTRDS02: Invalid URL 'None': No scheme supplied. Perhaps you meant https://None?
2025-09-03 17:30:06,378 - agents.rapid7_collector - GLPI-VCSI - ERROR - Erreur de requête HTTP pour le serveur vicprdradiapp03: Invalid URL 'None': No scheme supplied. Perhaps you meant https://None?
2025-09-03 17:30:06,456 - agents.rapid7_collector - GLPI-VCSI - ERROR - Erreur de requête HTTP pour le serveur vm-nc0-11: Invalid URL 'None': No scheme supplied. Perhaps you meant https://None?
2025-09-03 17:30:06,457 - agents.rapid7_collector - GLPI-VCSI - ERROR - Erreur de requête HTTP pour le serveur VICDEVMSBIGTW02: Invalid URL 'None': No scheme supplied. Perhaps you meant https://None?
2025-09-03 17:30:06,457 - agents.rapid7_collector - GLPI-VCSI - ERROR - Erreur de requête HTTP pour le serveur vicprddmatfbe07: Invalid URL 'None': No scheme supplied. Perhaps you meant https://None?
2025-09-03 17:30:06,458 - agents.rapid7_collector - GLPI-VCSI - ERROR - Erreur de requête HTTP pour le serveur vichomsc12app02: Invalid URL 'None': No scheme supplied. Perhaps you meant https://None?
2025-09-03 17:30:06,378 - agents.rapid7_collector - GLPI-VCSI - ERROR - Erreur de requête HTTP pour le serveur vicppdmsbisql02: Invalid URL 'None': No scheme supplied. Perhaps you meant https://None?
2025-09-03 17:30:06,379 - agents.rapid7_collector - GLPI-VCSI - ERROR - Erreur de requête HTTP pour le serveur vicprdlippfbe17: Invalid URL 'None': No scheme supplied. Perhaps you meant https://None?
2025-09-03 17:30:06,380 - agents.rapid7_collector - GLPI-VCSI - ERROR - Erreur de requête HTTP pour le serveur VICPRDOCRATRT11: Invalid URL 'None': No scheme supplied. Perhaps you meant https://None?
2025-09-03 17:30:06,366 - agents.rapid7_collector - GLPI-VCSI - ERROR - Erreur de requête HTTP pour le serveur vicreccsgpsql01: Invalid URL 'None': No scheme supplied. Perhaps you meant https://None?
2025-09-03 17:30:06,390 - agents.rapid7_collector - GLPI-VCSI - ERROR - Erreur de requête HTTP pour le serveur vicrecmatifbe02: Invalid URL 'None': No scheme supplied. Perhaps you meant https://None?
2025-09-03 17:30:06,367 - agents.rapid7_collector - GLPI-VCSI - ERROR - Erreur de requête HTTP pour le serveur vinprdvmwavce01: Invalid URL 'None': No scheme supplied. Perhaps you meant https://None?
2025-09-03 17:30:06,368 - agents.rapid7_collector - GLPI-VCSI - ERROR - Erreur de requête HTTP pour le serveur vicprdmatifbe02: Invalid URL 'None': No scheme supplied. Perhaps you meant https://None?
2025-09-03 17:30:06,403 - agents.rapid7_collector - GLPI-VCSI - ERROR - Erreur de requête HTTP pour le serveur VICPRDOCRATRT12: Invalid URL 'None': No scheme supplied. Perhaps you meant https://None?
2025-09-03 17:30:06,411 - agents.rapid7_collector - GLPI-VCSI - ERROR - Erreur de requête HTTP pour le serveur vicppddprgfbe01: Invalid URL 'None': No scheme supplied. Perhaps you meant https://None?
2025-09-03 17:30:06,411 - agents.rapid7_collector - GLPI-VCSI - ERROR - Erreur de requête HTTP pour le serveur vicprdzabifbe03: Invalid URL 'None': No scheme supplied. Perhaps you meant https://None?
2025-09-03 17:30:06,458 - agents.rapid7_collector - GLPI-VCSI - ERROR - Erreur de requête HTTP pour le serveur SOFPRDNUVSQL001: Invalid URL 'None': No scheme supplied. Perhaps you meant https://None?
2025-09-03 17:30:06,459 - agents.rapid7_collector - GLPI-VCSI - ERROR - Erreur de requête HTTP pour le serveur vicuatdmatfbe01: Invalid URL 'None': No scheme supplied. Perhaps you meant https://None?
2025-09-03 17:30:06,459 - agents.rapid7_collector - GLPI-VCSI - ERROR - Erreur de requête HTTP pour le serveur vicprdcsgpsql03: Invalid URL 'None': No scheme supplied. Perhaps you meant https://None?
2025-09-03 17:30:06,380 - agents.rapid7_collector - GLPI-VCSI - ERROR - Erreur de requête HTTP pour le serveur vicprdradiapp04: Invalid URL 'None': No scheme supplied. Perhaps you meant https://None?
2025-09-03 17:30:06,460 - agents.rapid7_collector - GLPI-VCSI - ERROR - Erreur de requête HTTP pour le serveur vm-nc0-17: Invalid URL 'None': No scheme supplied. Perhaps you meant https://None?
2025-09-03 17:30:06,461 - agents.rapid7_collector - GLPI-VCSI - ERROR - Erreur de requête HTTP pour le serveur VICPRDVREATRT01: Invalid URL 'None': No scheme supplied. Perhaps you meant https://None?
2025-09-03 17:30:06,461 - agents.rapid7_collector - GLPI-VCSI - ERROR - Erreur de requête HTTP pour le serveur SRVNCDDPRINT: Invalid URL 'None': No scheme supplied. Perhaps you meant https://None?
2025-09-03 17:30:06,462 - agents.rapid7_collector - GLPI-VCSI - ERROR - Erreur de requête HTTP pour le serveur vm-nc0-5007: Invalid URL 'None': No scheme supplied. Perhaps you meant https://None?
2025-09-03 17:30:06,462 - agents.rapid7_collector - GLPI-VCSI - ERROR - Erreur de requête HTTP pour le serveur VCFDEVGWPWBI01: Invalid URL 'None': No scheme supplied. Perhaps you meant https://None?
2025-09-03 17:30:06,463 - agents.rapid7_collector - GLPI-VCSI - ERROR - Erreur de requête HTTP pour le serveur VCFDEVMIISFRT13: Invalid URL 'None': No scheme supplied. Perhaps you meant https://None?
2025-09-03 17:30:06,464 - agents.rapid7_collector - GLPI-VCSI - ERROR - Erreur de requête HTTP pour le serveur TMANEOS06: Invalid URL 'None': No scheme supplied. Perhaps you meant https://None?
2025-09-03 17:30:06,464 - agents.rapid7_collector - GLPI-VCSI - ERROR - Erreur de requête HTTP pour le serveur VCFDEVMUTUIIS01: Invalid URL 'None': No scheme supplied. Perhaps you meant https://None?
2025-09-03 17:30:06,465 - agents.rapid7_collector - GLPI-VCSI - ERROR - Erreur de requête HTTP pour le serveur VCFDEVPMQYAPP01: Invalid URL 'None': No scheme supplied. Perhaps you meant https://None?
2025-09-03 17:30:06,465 - agents.rapid7_collector - GLPI-VCSI - ERROR - Erreur de requête HTTP pour le serveur VCFDEVMIISFRT12: Invalid URL 'None': No scheme supplied. Perhaps you meant https://None?
2025-09-03 17:30:06,466 - agents.rapid7_collector - GLPI-VCSI - ERROR - Erreur de requête HTTP pour le serveur TMANEOS05: Invalid URL 'None': No scheme supplied. Perhaps you meant https://None?
2025-09-03 17:30:06,466 - agents.rapid7_collector - GLPI-VCSI - ERROR - Erreur de requête HTTP pour le serveur VCFDEVGRIMAPP01: Invalid URL 'None': No scheme supplied. Perhaps you meant https://None?
2025-09-03 17:30:06,467 - agents.rapid7_collector - GLPI-VCSI - ERROR - Erreur de requête HTTP pour le serveur VCFDEVMBTHAPP11: Invalid URL 'None': No scheme supplied. Perhaps you meant https://None?
2025-09-03 17:30:06,467 - agents.rapid7_collector - GLPI-VCSI - ERROR - Erreur de requête HTTP pour le serveur VCFDSSRS16APP01: Invalid URL 'None': No scheme supplied. Perhaps you meant https://None?
2025-09-03 17:30:06,468 - agents.rapid7_collector - GLPI-VCSI - ERROR - Erreur de requête HTTP pour le serveur VCFDEVALDSAPP01: Invalid URL 'None': No scheme supplied. Perhaps you meant https://None?
2025-09-03 17:30:06,468 - agents.rapid7_collector - GLPI-VCSI - ERROR - Erreur de requête HTTP pour le serveur TMANEOS04: Invalid URL 'None': No scheme supplied. Perhaps you meant https://None?
2025-09-03 17:30:06,469 - agents.rapid7_collector - GLPI-VCSI - ERROR - Erreur de requête HTTP pour le serveur VCFDEVMIISFRT11: Invalid URL 'None': No scheme supplied. Perhaps you meant https://None?
2025-09-03 17:30:06,470 - agents.rapid7_collector - GLPI-VCSI - ERROR - Erreur de requête HTTP pour le serveur VCFDEVMULTSQL14: Invalid URL 'None': No scheme supplied. Perhaps you meant https://None?
2025-09-03 17:30:06,470 - agents.rapid7_collector - GLPI-VCSI - ERROR - Erreur de requête HTTP pour le serveur VCFDEVANRHEN11: Invalid URL 'None': No scheme supplied. Perhaps you meant https://None?
2025-09-03 17:30:06,470 - agents.rapid7_collector - GLPI-VCSI - ERROR - Erreur de requête HTTP pour le serveur VCFDMSBISSAS11: Invalid URL 'None': No scheme supplied. Perhaps you meant https://None?
2025-09-03 17:30:06,471 - agents.rapid7_collector - GLPI-VCSI - ERROR - Erreur de requête HTTP pour le serveur SRVDANAEL01: Invalid URL 'None': No scheme supplied. Perhaps you meant https://None?
2025-09-03 17:30:06,471 - agents.rapid7_collector - GLPI-VCSI - ERROR - Erreur de requête HTTP pour le serveur VCFDEVMUTUEN01: Invalid URL 'None': No scheme supplied. Perhaps you meant https://None?
2025-09-03 17:30:06,485 - agents.rapid7_collector - GLPI-VCSI - ERROR - Erreur de requête HTTP pour le serveur SOFPRDLICTAL01: Invalid URL 'None': No scheme supplied. Perhaps you meant https://None?
2025-09-03 17:30:06,472 - agents.rapid7_collector - GLPI-VCSI - ERROR - Erreur de requête HTTP pour le serveur VCFDEVANRHEN01: Invalid URL 'None': No scheme supplied. Perhaps you meant https://None?
2025-09-03 17:30:06,473 - agents.rapid7_collector - GLPI-VCSI - ERROR - Erreur de requête HTTP pour le serveur VCFDMSBISQL15: Invalid URL 'None': No scheme supplied. Perhaps you meant https://None?
2025-09-03 17:30:06,473 - agents.rapid7_collector - GLPI-VCSI - ERROR - Erreur de requête HTTP pour le serveur vicprdnetwgtw08: Invalid URL 'None': No scheme supplied. Perhaps you meant https://None?
2025-09-03 17:30:06,474 - agents.rapid7_collector - GLPI-VCSI - ERROR - Erreur de requête HTTP pour le serveur vicprdnetwgtw09: Invalid URL 'None': No scheme supplied. Perhaps you meant https://None?
2025-09-03 17:30:06,474 - agents.rapid7_collector - GLPI-VCSI - ERROR - Erreur de requête HTTP pour le serveur VCFDSIADSQL16: Invalid URL 'None': No scheme supplied. Perhaps you meant https://None?
2025-09-03 17:30:06,475 - agents.rapid7_collector - GLPI-VCSI - ERROR - Erreur de requête HTTP pour le serveur VCFDEVMULTSQL12: Invalid URL 'None': No scheme supplied. Perhaps you meant https://None?
2025-09-03 17:30:06,475 - agents.rapid7_collector - GLPI-VCSI - ERROR - Erreur de requête HTTP pour le serveur vicprdnetwgtw10: Invalid URL 'None': No scheme supplied. Perhaps you meant https://None?
2025-09-03 17:30:06,476 - agents.rapid7_collector - GLPI-VCSI - ERROR - Erreur de requête HTTP pour le serveur vicprdlippfbe18: Invalid URL 'None': No scheme supplied. Perhaps you meant https://None?
2025-09-03 17:30:06,476 - agents.rapid7_collector - GLPI-VCSI - ERROR - Erreur de requête HTTP pour le serveur VCFDEVSCCMTST11: Invalid URL 'None': No scheme supplied. Perhaps you meant https://None?
2025-09-03 17:30:06,477 - agents.rapid7_collector - GLPI-VCSI - ERROR - Erreur de requête HTTP pour le serveur VCFDEVMULTSQL11: Invalid URL 'None': No scheme supplied. Perhaps you meant https://None?
2025-09-03 17:30:06,477 - agents.rapid7_collector - GLPI-VCSI - ERROR - Erreur de requête HTTP pour le serveur vicppdredmfbe02: Invalid URL 'None': No scheme supplied. Perhaps you meant https://None?
2025-09-03 17:30:06,478 - agents.rapid7_collector - GLPI-VCSI - ERROR - Erreur de requête HTTP pour le serveur vicprdnetwgtw11: Invalid URL 'None': No scheme supplied. Perhaps you meant https://None?
2025-09-03 17:30:06,485 - agents.rapid7_collector - GLPI-VCSI - ERROR - Erreur de requête HTTP pour le serveur SOFPRDFRWSUS: Invalid URL 'None': No scheme supplied. Perhaps you meant https://None?
2025-09-03 17:30:06,472 - agents.rapid7_collector - GLPI-VCSI - ERROR - Erreur de requête HTTP pour le serveur VCFDEVARH3APP02: Invalid URL 'None': No scheme supplied. Perhaps you meant https://None?
2025-09-03 17:30:06,478 - agents.rapid7_collector - GLPI-VCSI - ERROR - Erreur de requête HTTP pour le serveur vicprdnetwgtw12: Invalid URL 'None': No scheme supplied. Perhaps you meant https://None?
2025-09-03 17:30:06,493 - agents.rapid7_collector - GLPI-VCSI - ERROR - Erreur de requête HTTP pour le serveur VCFHOMMUTUAPI01: Invalid URL 'None': No scheme supplied. Perhaps you meant https://None?
2025-09-03 17:30:06,489 - agents.rapid7_collector - GLPI-VCSI - ERROR - Erreur de requête HTTP pour le serveur VCFHOMGRIMAPP02: Invalid URL 'None': No scheme supplied. Perhaps you meant https://None?
2025-09-03 17:30:06,480 - agents.rapid7_collector - GLPI-VCSI - ERROR - Erreur de requête HTTP pour le serveur VIN-0054: Invalid URL 'None': No scheme supplied. Perhaps you meant https://None?
2025-09-03 17:30:06,483 - agents.rapid7_collector - GLPI-VCSI - ERROR - Erreur de requête HTTP pour le serveur sofprdlicscia01: Invalid URL 'None': No scheme supplied. Perhaps you meant https://None?
2025-09-03 17:30:06,479 - agents.rapid7_collector - GLPI-VCSI - ERROR - Erreur de requête HTTP pour le serveur vm-nc0-10: Invalid URL 'None': No scheme supplied. Perhaps you meant https://None?
2025-09-03 17:30:06,486 - agents.rapid7_collector - GLPI-VCSI - ERROR - Erreur de requête HTTP pour le serveur SOFPRDFFTSE05: Invalid URL 'None': No scheme supplied. Perhaps you meant https://None?
2025-09-03 17:30:06,486 - agents.rapid7_collector - GLPI-VCSI - ERROR - Erreur de requête HTTP pour le serveur SOFPRDFFTSE06: Invalid URL 'None': No scheme supplied. Perhaps you meant https://None?
2025-09-03 17:30:06,481 - agents.rapid7_collector - GLPI-VCSI - ERROR - Erreur de requête HTTP pour le serveur SOFPRDFRIT01: Invalid URL 'None': No scheme supplied. Perhaps you meant https://None?
2025-09-03 17:30:06,480 - agents.rapid7_collector - GLPI-VCSI - ERROR - Erreur de requête HTTP pour le serveur vm-nc0-5003: Invalid URL 'None': No scheme supplied. Perhaps you meant https://None?
2025-09-03 17:30:06,487 - agents.rapid7_collector - GLPI-VCSI - ERROR - Erreur de requête HTTP pour le serveur SOFPRDLICACAD01: Invalid URL 'None': No scheme supplied. Perhaps you meant https://None?
2025-09-03 17:30:06,487 - agents.rapid7_collector - GLPI-VCSI - ERROR - Erreur de requête HTTP pour le serveur SOFPRDTEKLA01: Invalid URL 'None': No scheme supplied. Perhaps you meant https://None?
2025-09-03 17:30:06,488 - agents.rapid7_collector - GLPI-VCSI - ERROR - Erreur de requête HTTP pour le serveur SOFPRDFFTSE04: Invalid URL 'None': No scheme supplied. Perhaps you meant https://None?
2025-09-03 17:30:06,490 - agents.rapid7_collector - GLPI-VCSI - ERROR - Erreur de requête HTTP pour le serveur SOFPRDFFTSE01: Invalid URL 'None': No scheme supplied. Perhaps you meant https://None?
2025-09-03 17:30:06,483 - agents.rapid7_collector - GLPI-VCSI - ERROR - Erreur de requête HTTP pour le serveur SOFPRDHEBECT01: Invalid URL 'None': No scheme supplied. Perhaps you meant https://None?
2025-09-03 17:30:06,489 - agents.rapid7_collector - GLPI-VCSI - ERROR - Erreur de requête HTTP pour le serveur VCFHOMMUTUBCK01: Invalid URL 'None': No scheme supplied. Perhaps you meant https://None?
2025-09-03 17:30:06,490 - agents.rapid7_collector - GLPI-VCSI - ERROR - Erreur de requête HTTP pour le serveur VCFHOMMUTUBCK11: Invalid URL 'None': No scheme supplied. Perhaps you meant https://None?
2025-09-03 17:30:06,488 - agents.rapid7_collector - GLPI-VCSI - ERROR - Erreur de requête HTTP pour le serveur VCFLABMSBISQL1: Invalid URL 'None': No scheme supplied. Perhaps you meant https://None?
2025-09-03 17:30:06,491 - agents.rapid7_collector - GLPI-VCSI - ERROR - Erreur de requête HTTP pour le serveur VCFHOMGWPWBI01: Invalid URL 'None': No scheme supplied. Perhaps you meant https://None?
2025-09-03 17:30:06,491 - agents.rapid7_collector - GLPI-VCSI - ERROR - Erreur de requête HTTP pour le serveur VCFHOMMUTUAPI11: Invalid URL 'None': No scheme supplied. Perhaps you meant https://None?
2025-09-03 17:30:06,492 - agents.rapid7_collector - GLPI-VCSI - ERROR - Erreur de requête HTTP pour le serveur VCFHOMVTHEFTP01: Invalid URL 'None': No scheme supplied. Perhaps you meant https://None?
2025-09-03 17:30:06,479 - agents.rapid7_collector - GLPI-VCSI - ERROR - Erreur de requête HTTP pour le serveur vicprdinfrfbe03: Invalid URL 'None': No scheme supplied. Perhaps you meant https://None?
2025-09-03 17:30:06,493 - agents.rapid7_collector - GLPI-VCSI - ERROR - Erreur de requête HTTP pour le serveur VCFDEVWEFLOG11: Invalid URL 'None': No scheme supplied. Perhaps you meant https://None?
2025-09-03 17:30:06,502 - agents.rapid7_collector - GLPI-VCSI - ERROR - Erreur de requête HTTP pour le serveur VCFHOMARH3APP01: Invalid URL 'None': No scheme supplied. Perhaps you meant https://None?
2025-09-03 17:30:06,511 - agents.rapid7_collector - GLPI-VCSI - ERROR - Erreur de requête HTTP pour le serveur VCFHSIADSQL16: Invalid URL 'None': No scheme supplied. Perhaps you meant https://None?
2025-09-03 17:30:06,495 - agents.rapid7_collector - GLPI-VCSI - ERROR - Erreur de requête HTTP pour le serveur VCFHOMPOTIAPP11: Invalid URL 'None': No scheme supplied. Perhaps you meant https://None?
2025-09-03 17:30:06,513 - agents.rapid7_collector - GLPI-VCSI - ERROR - Erreur de requête HTTP pour le serveur VCFHMSBISQL15: Invalid URL 'None': No scheme supplied. Perhaps you meant https://None?
2025-09-03 17:30:06,495 - agents.rapid7_collector - GLPI-VCSI - ERROR - Erreur de requête HTTP pour le serveur VCFHOMMUTUBCK21: Invalid URL 'None': No scheme supplied. Perhaps you meant https://None?
2025-09-03 17:30:06,496 - agents.rapid7_collector - GLPI-VCSI - ERROR - Erreur de requête HTTP pour le serveur VCFHOMALDSAPP01: Invalid URL 'None': No scheme supplied. Perhaps you meant https://None?
2025-09-03 17:30:06,496 - agents.rapid7_collector - GLPI-VCSI - ERROR - Erreur de requête HTTP pour le serveur VCFHOMVDOCAPP01: Invalid URL 'None': No scheme supplied. Perhaps you meant https://None?
2025-09-03 17:30:06,497 - agents.rapid7_collector - GLPI-VCSI - ERROR - Erreur de requête HTTP pour le serveur VCFPRDSMTPAPP11: Invalid URL 'None': No scheme supplied. Perhaps you meant https://None?
2025-09-03 17:30:06,498 - agents.rapid7_collector - GLPI-VCSI - ERROR - Erreur de requête HTTP pour le serveur VCFHOMMUTUREF01: Invalid URL 'None': No scheme supplied. Perhaps you meant https://None?
2025-09-03 17:30:06,519 - agents.rapid7_collector - GLPI-VCSI - ERROR - Erreur de requête HTTP pour le serveur VCFHOMMUTUFRT22: Invalid URL 'None': No scheme supplied. Perhaps you meant https://None?
2025-09-03 17:30:06,499 - agents.rapid7_collector - GLPI-VCSI - ERROR - Erreur de requête HTTP pour le serveur VCFPRDSMTPAPP12: Invalid URL 'None': No scheme supplied. Perhaps you meant https://None?
2025-09-03 17:30:06,500 - agents.rapid7_collector - GLPI-VCSI - ERROR - Erreur de requête HTTP pour le serveur VCFHOMITCHAPP11: Invalid URL 'None': No scheme supplied. Perhaps you meant https://None?
2025-09-03 17:30:06,500 - agents.rapid7_collector - GLPI-VCSI - ERROR - Erreur de requête HTTP pour le serveur VCFHOMMBTHAPP11: Invalid URL 'None': No scheme supplied. Perhaps you meant https://None?
2025-09-03 17:30:06,501 - agents.rapid7_collector - GLPI-VCSI - ERROR - Erreur de requête HTTP pour le serveur VCFHOMPMQYAPP01: Invalid URL 'None': No scheme supplied. Perhaps you meant https://None?
2025-09-03 17:30:06,492 - agents.rapid7_collector - GLPI-VCSI - ERROR - Erreur de requête HTTP pour le serveur VCFHOMSAV01: Invalid URL 'None': No scheme supplied. Perhaps you meant https://None?
2025-09-03 17:30:06,503 - agents.rapid7_collector - GLPI-VCSI - ERROR - Erreur de requête HTTP pour le serveur VCFHSSRS16APP01: Invalid URL 'None': No scheme supplied. Perhaps you meant https://None?
2025-09-03 17:30:06,503 - agents.rapid7_collector - GLPI-VCSI - ERROR - Erreur de requête HTTP pour le serveur VCFHOMANRHEN01: Invalid URL 'None': No scheme supplied. Perhaps you meant https://None?
2025-09-03 17:30:06,504 - agents.rapid7_collector - GLPI-VCSI - ERROR - Erreur de requête HTTP pour le serveur VCFDEVALDSAPP02: Invalid URL 'None': No scheme supplied. Perhaps you meant https://None?
2025-09-03 17:30:06,505 - agents.rapid7_collector - GLPI-VCSI - ERROR - Erreur de requête HTTP pour le serveur VCFHMSBISSAS11: Invalid URL 'None': No scheme supplied. Perhaps you meant https://None?
2025-09-03 17:30:06,505 - agents.rapid7_collector - GLPI-VCSI - ERROR - Erreur de requête HTTP pour le serveur VCFPRDRP7ORCH: Invalid URL 'None': No scheme supplied. Perhaps you meant https://None?
2025-09-03 17:30:06,506 - agents.rapid7_collector - GLPI-VCSI - ERROR - Erreur de requête HTTP pour le serveur SRVHANAEL01: Invalid URL 'None': No scheme supplied. Perhaps you meant https://None?
2025-09-03 17:30:06,506 - agents.rapid7_collector - GLPI-VCSI - ERROR - Erreur de requête HTTP pour le serveur VCFHOMVFACSVC01: Invalid URL 'None': No scheme supplied. Perhaps you meant https://None?
2025-09-03 17:30:06,512 - agents.rapid7_collector - GLPI-VCSI - ERROR - Erreur de requête HTTP pour le serveur VCFHOMITOP02: Invalid URL 'None': No scheme supplied. Perhaps you meant https://None?
2025-09-03 17:30:06,512 - agents.rapid7_collector - GLPI-VCSI - ERROR - Erreur de requête HTTP pour le serveur VCFHOMMULTSQL13: Invalid URL 'None': No scheme supplied. Perhaps you meant https://None?
2025-09-03 17:30:06,494 - agents.rapid7_collector - GLPI-VCSI - ERROR - Erreur de requête HTTP pour le serveur VCFHOMMUTUFRT11: Invalid URL 'None': No scheme supplied. Perhaps you meant https://None?
2025-09-03 17:30:06,514 - agents.rapid7_collector - GLPI-VCSI - ERROR - Erreur de requête HTTP pour le serveur VCFDEVMULTSQL52: Invalid URL 'None': No scheme supplied. Perhaps you meant https://None?
2025-09-03 17:30:06,514 - agents.rapid7_collector - GLPI-VCSI - ERROR - Erreur de requête HTTP pour le serveur VCFHOMMULTSQL11: Invalid URL 'None': No scheme supplied. Perhaps you meant https://None?
2025-09-03 17:30:06,495 - agents.rapid7_collector - GLPI-VCSI - ERROR - Erreur de requête HTTP pour le serveur VCFHOMMUTUFRT21: Invalid URL 'None': No scheme supplied. Perhaps you meant https://None?
2025-09-03 17:30:06,517 - agents.rapid7_collector - GLPI-VCSI - ERROR - Erreur de requête HTTP pour le serveur VCFHOMALDSAPP02: Invalid URL 'None': No scheme supplied. Perhaps you meant https://None?
2025-09-03 17:30:06,518 - agents.rapid7_collector - GLPI-VCSI - ERROR - Erreur de requête HTTP pour le serveur VCFHOMVDOCAPP02: Invalid URL 'None': No scheme supplied. Perhaps you meant https://None?
2025-09-03 17:30:06,519 - agents.rapid7_collector - GLPI-VCSI - ERROR - Erreur de requête HTTP pour le serveur VCFHOMMUTUFRT32: Invalid URL 'None': No scheme supplied. Perhaps you meant https://None?
2025-09-03 17:30:06,520 - agents.rapid7_collector - GLPI-VCSI - ERROR - Erreur de requête HTTP pour le serveur VCFHOMMUTUFRT02: Invalid URL 'None': No scheme supplied. Perhaps you meant https://None?
2025-09-03 17:30:06,499 - agents.rapid7_collector - GLPI-VCSI - ERROR - Erreur de requête HTTP pour le serveur VCFHOMMUTUFRT31: Invalid URL 'None': No scheme supplied. Perhaps you meant https://None?
2025-09-03 17:30:06,520 - agents.rapid7_collector - GLPI-VCSI - ERROR - Erreur de requête HTTP pour le serveur VCFHOMMUTUREF02: Invalid URL 'None': No scheme supplied. Perhaps you meant https://None?
2025-09-03 17:30:06,521 - agents.rapid7_collector - GLPI-VCSI - ERROR - Erreur de requête HTTP pour le serveur VCFHOMPOTIAPP12: Invalid URL 'None': No scheme supplied. Perhaps you meant https://None?
2025-09-03 17:30:06,522 - agents.rapid7_collector - GLPI-VCSI - ERROR - Erreur de requête HTTP pour le serveur VCFHOMMUTUAPI12: Invalid URL 'None': No scheme supplied. Perhaps you meant https://None?
2025-09-03 17:30:06,522 - agents.rapid7_collector - GLPI-VCSI - ERROR - Erreur de requête HTTP pour le serveur VCFHOMMUTUBCK02: Invalid URL 'None': No scheme supplied. Perhaps you meant https://None?
2025-09-03 17:30:06,523 - agents.rapid7_collector - GLPI-VCSI - ERROR - Erreur de requête HTTP pour le serveur VCFHOMMUTUBCK12: Invalid URL 'None': No scheme supplied. Perhaps you meant https://None?
2025-09-03 17:30:06,523 - agents.rapid7_collector - GLPI-VCSI - ERROR - Erreur de requête HTTP pour le serveur VICPRDHERMTRT01: Invalid URL 'None': No scheme supplied. Perhaps you meant https://None?
2025-09-03 17:30:06,524 - agents.rapid7_collector - GLPI-VCSI - ERROR - Erreur de requête HTTP pour le serveur VCFHOMMUTUBCK22: Invalid URL 'None': No scheme supplied. Perhaps you meant https://None?
2025-09-03 17:30:06,525 - agents.rapid7_collector - GLPI-VCSI - ERROR - Erreur de requête HTTP pour le serveur VCFHOMMUTUFRT12: Invalid URL 'None': No scheme supplied. Perhaps you meant https://None?
2025-09-03 17:30:06,525 - agents.rapid7_collector - GLPI-VCSI - ERROR - Erreur de requête HTTP pour le serveur VCFHOMMUTUAPI02: Invalid URL 'None': No scheme supplied. Perhaps you meant https://None?
2025-09-03 17:30:06,526 - agents.rapid7_collector - GLPI-VCSI - ERROR - Erreur de requête HTTP pour le serveur VCFHSSRS16APP02: Invalid URL 'None': No scheme supplied. Perhaps you meant https://None?
2025-09-03 17:30:06,526 - agents.rapid7_collector - GLPI-VCSI - ERROR - Erreur de requête HTTP pour le serveur SODPRDDHCP01: Invalid URL 'None': No scheme supplied. Perhaps you meant https://None?
2025-09-03 17:30:06,527 - agents.rapid7_collector - GLPI-VCSI - ERROR - Erreur de requête HTTP pour le serveur SOFPRDRAPIDE04: Invalid URL 'None': No scheme supplied. Perhaps you meant https://None?
2025-09-03 17:30:06,528 - agents.rapid7_collector - GLPI-VCSI - ERROR - Erreur de requête HTTP pour le serveur VCFHOMMULTSQL54: Invalid URL 'None': No scheme supplied. Perhaps you meant https://None?
2025-09-03 17:30:06,528 - agents.rapid7_collector - GLPI-VCSI - ERROR - Erreur de requête HTTP pour le serveur SOFPRDRESTAPI01: Invalid URL 'None': No scheme supplied. Perhaps you meant https://None?
2025-09-03 17:30:06,529 - agents.rapid7_collector - GLPI-VCSI - ERROR - Erreur de requête HTTP pour le serveur SOFPRD4WHEN01: Invalid URL 'None': No scheme supplied. Perhaps you meant https://None?
2025-09-03 17:30:06,530 - agents.rapid7_collector - GLPI-VCSI - ERROR - Erreur de requête HTTP pour le serveur SOFPRDRAPIDE05: Invalid URL 'None': No scheme supplied. Perhaps you meant https://None?
2025-09-03 17:30:06,530 - agents.rapid7_collector - GLPI-VCSI - ERROR - Erreur de requête HTTP pour le serveur SOFPRDRAPIDE01: Invalid URL 'None': No scheme supplied. Perhaps you meant https://None?
2025-09-03 17:30:06,531 - agents.rapid7_collector - GLPI-VCSI - ERROR - Erreur de requête HTTP pour le serveur SF-SIEGE-APP-1: Invalid URL 'None': No scheme supplied. Perhaps you meant https://None?
2025-09-03 17:30:06,531 - agents.rapid7_collector - GLPI-VCSI - ERROR - Erreur de requête HTTP pour le serveur SOFPRDLICRDS01: Invalid URL 'None': No scheme supplied. Perhaps you meant https://None?
2025-09-03 17:30:06,532 - agents.rapid7_collector - GLPI-VCSI - ERROR - Erreur de requête HTTP pour le serveur VICDEVSHVCFBE01: Invalid URL 'None': No scheme supplied. Perhaps you meant https://None?
2025-09-03 17:30:06,532 - agents.rapid7_collector - GLPI-VCSI - ERROR - Erreur de requête HTTP pour le serveur SF-DOMINO2: Invalid URL 'None': No scheme supplied. Perhaps you meant https://None?
2025-09-03 17:30:06,533 - agents.rapid7_collector - GLPI-VCSI - ERROR - Erreur de requête HTTP pour le serveur SOFPRDDOMINO01: Invalid URL 'None': No scheme supplied. Perhaps you meant https://None?
2025-09-03 17:30:06,533 - agents.rapid7_collector - GLPI-VCSI - ERROR - Erreur de requête HTTP pour le serveur VCFHOMMULTSQL51: Invalid URL 'None': No scheme supplied. Perhaps you meant https://None?
2025-09-03 17:30:06,533 - agents.rapid7_collector - GLPI-VCSI - ERROR - Erreur de requête HTTP pour le serveur VCFPRDGINAPP01: Invalid URL 'None': No scheme supplied. Perhaps you meant https://None?
2025-09-03 17:30:06,534 - agents.rapid7_collector - GLPI-VCSI - ERROR - Erreur de requête HTTP pour le serveur SOFPRDLICACAD02: Invalid URL 'None': No scheme supplied. Perhaps you meant https://None?
2025-09-03 17:30:06,534 - agents.rapid7_collector - GLPI-VCSI - ERROR - Erreur de requête HTTP pour le serveur vicprddocwfbe04: Invalid URL 'None': No scheme supplied. Perhaps you meant https://None?
2025-09-03 17:30:06,535 - agents.rapid7_collector - GLPI-VCSI - ERROR - Erreur de requête HTTP pour le serveur vicppdtoscapp01: Invalid URL 'None': No scheme supplied. Perhaps you meant https://None?
2025-09-03 17:30:06,535 - agents.rapid7_collector - GLPI-VCSI - ERROR - Erreur de requête HTTP pour le serveur vicrechermfbe04: Invalid URL 'None': No scheme supplied. Perhaps you meant https://None?
2025-09-03 17:30:06,536 - agents.rapid7_collector - GLPI-VCSI - ERROR - Erreur de requête HTTP pour le serveur VCFDEVMULTSQL51: Invalid URL 'None': No scheme supplied. Perhaps you meant https://None?
2025-09-03 17:30:06,536 - agents.rapid7_collector - GLPI-VCSI - ERROR - Erreur de requête HTTP pour le serveur VCFDEVDTSEL1: Invalid URL 'None': No scheme supplied. Perhaps you meant https://None?
2025-09-03 17:30:06,537 - agents.rapid7_collector - GLPI-VCSI - ERROR - Erreur de requête HTTP pour le serveur VCFPRDFACAPP01: Invalid URL 'None': No scheme supplied. Perhaps you meant https://None?
2025-09-03 17:30:06,537 - agents.rapid7_collector - GLPI-VCSI - ERROR - Erreur de requête HTTP pour le serveur SOFPRDCLEARP01: Invalid URL 'None': No scheme supplied. Perhaps you meant https://None?
2025-09-03 17:30:06,554 - agents.rapid7_collector - GLPI-VCSI - ERROR - Erreur de requête HTTP pour le serveur SOFPRDPWBIG01: Invalid URL 'None': No scheme supplied. Perhaps you meant https://None?
2025-09-03 17:30:06,539 - agents.rapid7_collector - GLPI-VCSI - ERROR - Erreur de requête HTTP pour le serveur SOFPRDPSHLFBE01: Invalid URL 'None': No scheme supplied. Perhaps you meant https://None?
2025-09-03 17:30:06,539 - agents.rapid7_collector - GLPI-VCSI - ERROR - Erreur de requête HTTP pour le serveur SOFPRDCLEARP02: Invalid URL 'None': No scheme supplied. Perhaps you meant https://None?
2025-09-03 17:30:06,540 - agents.rapid7_collector - GLPI-VCSI - ERROR - Erreur de requête HTTP pour le serveur SOFPRDMULTADM01: Invalid URL 'None': No scheme supplied. Perhaps you meant https://None?
2025-09-03 17:30:06,541 - agents.rapid7_collector - GLPI-VCSI - ERROR - Erreur de requête HTTP pour le serveur SOFPRDHARMAN01: Invalid URL 'None': No scheme supplied. Perhaps you meant https://None?
2025-09-03 17:30:06,544 - agents.rapid7_collector - GLPI-VCSI - ERROR - Erreur de requête HTTP pour le serveur SOFPRDCOLLAB01: Invalid URL 'None': No scheme supplied. Perhaps you meant https://None?
2025-09-03 17:30:06,544 - agents.rapid7_collector - GLPI-VCSI - ERROR - Erreur de requête HTTP pour le serveur SOFPRDACADLIC01: Invalid URL 'None': No scheme supplied. Perhaps you meant https://None?
2025-09-03 17:30:06,545 - agents.rapid7_collector - GLPI-VCSI - ERROR - Erreur de requête HTTP pour le serveur SOFPRDTIPSHAR01: Invalid URL 'None': No scheme supplied. Perhaps you meant https://None?
2025-09-03 17:30:06,545 - agents.rapid7_collector - GLPI-VCSI - ERROR - Erreur de requête HTTP pour le serveur SOFPRDTIDAM01: Invalid URL 'None': No scheme supplied. Perhaps you meant https://None?
2025-09-03 17:30:06,546 - agents.rapid7_collector - GLPI-VCSI - ERROR - Erreur de requête HTTP pour le serveur SOFPRDRADIUS: Invalid URL 'None': No scheme supplied. Perhaps you meant https://None?
2025-09-03 17:30:06,561 - agents.rapid7_collector - GLPI-VCSI - ERROR - Erreur de requête HTTP pour le serveur SOFPRDHARORI01: Invalid URL 'None': No scheme supplied. Perhaps you meant https://None?
2025-09-03 17:30:06,547 - agents.rapid7_collector - GLPI-VCSI - ERROR - Erreur de requête HTTP pour le serveur SOFPRDFRDHCP01: Invalid URL 'None': No scheme supplied. Perhaps you meant https://None?
2025-09-03 17:30:06,563 - agents.rapid7_collector - GLPI-VCSI - ERROR - Erreur de requête HTTP pour le serveur SOFPRDLICFSW01: Invalid URL 'None': No scheme supplied. Perhaps you meant https://None?
2025-09-03 17:30:06,548 - agents.rapid7_collector - GLPI-VCSI - ERROR - Erreur de requête HTTP pour le serveur SOFPRDTSECH01: Invalid URL 'None': No scheme supplied. Perhaps you meant https://None?
2025-09-03 17:30:06,549 - agents.rapid7_collector - GLPI-VCSI - ERROR - Erreur de requête HTTP pour le serveur SOFPRDFBOX01: Invalid URL 'None': No scheme supplied. Perhaps you meant https://None?
2025-09-03 17:30:06,550 - agents.rapid7_collector - GLPI-VCSI - ERROR - Erreur de requête HTTP pour le serveur SOFPRDSPMT01: Invalid URL 'None': No scheme supplied. Perhaps you meant https://None?
2025-09-03 17:30:06,551 - agents.rapid7_collector - GLPI-VCSI - ERROR - Erreur de requête HTTP pour le serveur SOFPRDFS01: Invalid URL 'None': No scheme supplied. Perhaps you meant https://None?
2025-09-03 17:30:06,551 - agents.rapid7_collector - GLPI-VCSI - ERROR - Erreur de requête HTTP pour le serveur vicdevbnbpfbe01: Invalid URL 'None': No scheme supplied. Perhaps you meant https://None?
2025-09-03 17:30:06,552 - agents.rapid7_collector - GLPI-VCSI - ERROR - Erreur de requête HTTP pour le serveur SF-SAGE: Invalid URL 'None': No scheme supplied. Perhaps you meant https://None?
2025-09-03 17:30:06,553 - agents.rapid7_collector - GLPI-VCSI - ERROR - Erreur de requête HTTP pour le serveur SOFPRDSPG01: Invalid URL 'None': No scheme supplied. Perhaps you meant https://None?
2025-09-03 17:30:06,553 - agents.rapid7_collector - GLPI-VCSI - ERROR - Erreur de requête HTTP pour le serveur vicprdnetwdns01: Invalid URL 'None': No scheme supplied. Perhaps you meant https://None?
2025-09-03 17:30:06,568 - agents.rapid7_collector - GLPI-VCSI - ERROR - Erreur de requête HTTP pour le serveur VCFPRDBCKPNAS04: Invalid URL 'None': No scheme supplied. Perhaps you meant https://None?
2025-09-03 17:30:06,538 - agents.rapid7_collector - GLPI-VCSI - ERROR - Erreur de requête HTTP pour le serveur SOFPRDSFLIC01: Invalid URL 'None': No scheme supplied. Perhaps you meant https://None?
2025-09-03 17:30:06,555 - agents.rapid7_collector - GLPI-VCSI - ERROR - Erreur de requête HTTP pour le serveur SOFPRDFRTSCOL01: Invalid URL 'None': No scheme supplied. Perhaps you meant https://None?
2025-09-03 17:30:06,570 - agents.rapid7_collector - GLPI-VCSI - ERROR - Erreur de requête HTTP pour le serveur VCFPRDVFACSVC01: Invalid URL 'None': No scheme supplied. Perhaps you meant https://None?
2025-09-03 17:30:06,570 - agents.rapid7_collector - GLPI-VCSI - ERROR - Erreur de requête HTTP pour le serveur VCFPRDMUTUEN01: Invalid URL 'None': No scheme supplied. Perhaps you meant https://None?
2025-09-03 17:30:06,557 - agents.rapid7_collector - GLPI-VCSI - ERROR - Erreur de requête HTTP pour le serveur SOFPRDMAGOTS01: Invalid URL 'None': No scheme supplied. Perhaps you meant https://None?
2025-09-03 17:30:06,558 - agents.rapid7_collector - GLPI-VCSI - ERROR - Erreur de requête HTTP pour le serveur vicprdpgasfbe11: Invalid URL 'None': No scheme supplied. Perhaps you meant https://None?
2025-09-03 17:30:06,559 - agents.rapid7_collector - GLPI-VCSI - ERROR - Erreur de requête HTTP pour le serveur VCFPRDDUMOSI01: Invalid URL 'None': No scheme supplied. Perhaps you meant https://None?
2025-09-03 17:30:06,559 - agents.rapid7_collector - GLPI-VCSI - ERROR - Erreur de requête HTTP pour le serveur vicprddmatfbe09: Invalid URL 'None': No scheme supplied. Perhaps you meant https://None?
2025-09-03 17:30:06,573 - agents.rapid7_collector - GLPI-VCSI - ERROR - Erreur de requête HTTP pour le serveur VCFPRDITOP02: Invalid URL 'None': No scheme supplied. Perhaps you meant https://None?
2025-09-03 17:30:06,573 - agents.rapid7_collector - GLPI-VCSI - ERROR - Erreur de requête HTTP pour le serveur VCFPRDMUTUBCK01: Invalid URL 'None': No scheme supplied. Perhaps you meant https://None?
2025-09-03 17:30:06,574 - agents.rapid7_collector - GLPI-VCSI - ERROR - Erreur de requête HTTP pour le serveur VCFPRDGWPWBI01: Invalid URL 'None': No scheme supplied. Perhaps you meant https://None?
2025-09-03 17:30:06,562 - agents.rapid7_collector - GLPI-VCSI - ERROR - Erreur de requête HTTP pour le serveur SF-GED01: Invalid URL 'None': No scheme supplied. Perhaps you meant https://None?
2025-09-03 17:30:06,575 - agents.rapid7_collector - GLPI-VCSI - ERROR - Erreur de requête HTTP pour le serveur VCFPRDMULTAPP01: Invalid URL 'None': No scheme supplied. Perhaps you meant https://None?
2025-09-03 17:30:06,576 - agents.rapid7_collector - GLPI-VCSI - ERROR - Erreur de requête HTTP pour le serveur VCFPRDSHGTAPP01: Invalid URL 'None': No scheme supplied. Perhaps you meant https://None?
2025-09-03 17:30:06,576 - agents.rapid7_collector - GLPI-VCSI - ERROR - Erreur de requête HTTP pour le serveur VCFPRDMUTUBCK41: Invalid URL 'None': No scheme supplied. Perhaps you meant https://None?
2025-09-03 17:30:06,564 - agents.rapid7_collector - GLPI-VCSI - ERROR - Erreur de requête HTTP pour le serveur VCFDEVMULTSQL53: Invalid URL 'None': No scheme supplied. Perhaps you meant https://None?
2025-09-03 17:30:06,564 - agents.rapid7_collector - GLPI-VCSI - ERROR - Erreur de requête HTTP pour le serveur SOFPRDPWBI01: Invalid URL 'None': No scheme supplied. Perhaps you meant https://None?
2025-09-03 17:30:06,578 - agents.rapid7_collector - GLPI-VCSI - ERROR - Erreur de requête HTTP pour le serveur VCFPRDPSHLFBE03: Invalid URL 'None': No scheme supplied. Perhaps you meant https://None?
2025-09-03 17:30:06,579 - agents.rapid7_collector - GLPI-VCSI - ERROR - Erreur de requête HTTP pour le serveur VCFPRDMUTUAPI11: Invalid URL 'None': No scheme supplied. Perhaps you meant https://None?
2025-09-03 17:30:06,553 - agents.rapid7_collector - GLPI-VCSI - ERROR - Erreur de requête HTTP pour le serveur SOFPRDSFSAGE: Invalid URL 'None': No scheme supplied. Perhaps you meant https://None?
2025-09-03 17:30:06,567 - agents.rapid7_collector - GLPI-VCSI - ERROR - Erreur de requête HTTP pour le serveur VCFPRDBPRMAPP01: Invalid URL 'None': No scheme supplied. Perhaps you meant https://None?
2025-09-03 17:30:06,567 - agents.rapid7_collector - GLPI-VCSI - ERROR - Erreur de requête HTTP pour le serveur VCFPRDMUTUBCK31: Invalid URL 'None': No scheme supplied. Perhaps you meant https://None?
2025-09-03 17:30:06,568 - agents.rapid7_collector - GLPI-VCSI - ERROR - Erreur de requête HTTP pour le serveur VCFPRDMULTSQL53: Invalid URL 'None': No scheme supplied. Perhaps you meant https://None?
2025-09-03 17:30:06,569 - agents.rapid7_collector - GLPI-VCSI - ERROR - Erreur de requête HTTP pour le serveur VCFPRDMUTUBCK11: Invalid URL 'None': No scheme supplied. Perhaps you meant https://None?
2025-09-03 17:30:06,571 - agents.rapid7_collector - GLPI-VCSI - ERROR - Erreur de requête HTTP pour le serveur VCFPRDMUTUAPI01: Invalid URL 'None': No scheme supplied. Perhaps you meant https://None?
2025-09-03 17:30:06,571 - agents.rapid7_collector - GLPI-VCSI - ERROR - Erreur de requête HTTP pour le serveur VCFPRDVSCMAPP01: Invalid URL 'None': No scheme supplied. Perhaps you meant https://None?
2025-09-03 17:30:06,572 - agents.rapid7_collector - GLPI-VCSI - ERROR - Erreur de requête HTTP pour le serveur VCFPRDMUTUBCK21: Invalid URL 'None': No scheme supplied. Perhaps you meant https://None?
2025-09-03 17:30:06,572 - agents.rapid7_collector - GLPI-VCSI - ERROR - Erreur de requête HTTP pour le serveur VCFPRDKPDVEN01: Invalid URL 'None': No scheme supplied. Perhaps you meant https://None?
2025-09-03 17:30:06,574 - agents.rapid7_collector - GLPI-VCSI - ERROR - Erreur de requête HTTP pour le serveur VCFPRDMBTHAPP11: Invalid URL 'None': No scheme supplied. Perhaps you meant https://None?
2025-09-03 17:30:06,577 - agents.rapid7_collector - GLPI-VCSI - ERROR - Erreur de requête HTTP pour le serveur VCFPRDPOTIAPP11: Invalid URL 'None': No scheme supplied. Perhaps you meant https://None?
2025-09-03 17:30:06,577 - agents.rapid7_collector - GLPI-VCSI - ERROR - Erreur de requête HTTP pour le serveur VCFPRDINFRAPP05: Invalid URL 'None': No scheme supplied. Perhaps you meant https://None?
2025-09-03 17:30:06,579 - agents.rapid7_collector - GLPI-VCSI - ERROR - Erreur de requête HTTP pour le serveur VCFPRDITOP01: Invalid URL 'None': No scheme supplied. Perhaps you meant https://None?
2025-09-03 17:30:06,555 - agents.rapid7_collector - GLPI-VCSI - ERROR - Erreur de requête HTTP pour le serveur vicprdnetwdns02: Invalid URL 'None': No scheme supplied. Perhaps you meant https://None?
2025-09-03 17:30:06,556 - agents.rapid7_collector - GLPI-VCSI - ERROR - Erreur de requête HTTP pour le serveur FPC-INTERRACTIF: Invalid URL 'None': No scheme supplied. Perhaps you meant https://None?
2025-09-03 17:30:06,560 - agents.rapid7_collector - GLPI-VCSI - ERROR - Erreur de requête HTTP pour le serveur SOFPRDLICSAP2k: Invalid URL 'None': No scheme supplied. Perhaps you meant https://None?
2025-09-03 17:30:06,560 - agents.rapid7_collector - GLPI-VCSI - ERROR - Erreur de requête HTTP pour le serveur vicprddmatfbe10: Invalid URL 'None': No scheme supplied. Perhaps you meant https://None?
2025-09-03 17:30:06,547 - agents.rapid7_collector - GLPI-VCSI - ERROR - Erreur de requête HTTP pour le serveur SOFPRDFREYAPP01: Invalid URL 'None': No scheme supplied. Perhaps you meant https://None?
2025-09-03 17:30:06,562 - agents.rapid7_collector - GLPI-VCSI - ERROR - Erreur de requête HTTP pour le serveur SOFPRDSFTP01: Invalid URL 'None': No scheme supplied. Perhaps you meant https://None?
2025-09-03 17:30:06,548 - agents.rapid7_collector - GLPI-VCSI - ERROR - Erreur de requête HTTP pour le serveur SF-SQL-2008R2: Invalid URL 'None': No scheme supplied. Perhaps you meant https://None?
2025-09-03 17:30:06,563 - agents.rapid7_collector - GLPI-VCSI - ERROR - Erreur de requête HTTP pour le serveur VCFLABSOLAWAPP01: Invalid URL 'None': No scheme supplied. Perhaps you meant https://None?
2025-09-03 17:30:06,565 - agents.rapid7_collector - GLPI-VCSI - ERROR - Erreur de requête HTTP pour le serveur SOFPRDINTRANET02: Invalid URL 'None': No scheme supplied. Perhaps you meant https://None?
2025-09-03 17:30:06,566 - agents.rapid7_collector - GLPI-VCSI - ERROR - Erreur de requête HTTP pour le serveur SOFPRDINTRANET01: Invalid URL 'None': No scheme supplied. Perhaps you meant https://None?
2025-09-03 17:30:06,566 - agents.rapid7_collector - GLPI-VCSI - ERROR - Erreur de requête HTTP pour le serveur VCFHOMMULTSQL53: Invalid URL 'None': No scheme supplied. Perhaps you meant https://None?
2025-09-03 17:30:06,581 - agents.rapid7_collector - GLPI-VCSI - ERROR - Erreur de requête HTTP pour le serveur VCFPRDMUTUREF01: Invalid URL 'None': No scheme supplied. Perhaps you meant https://None?
2025-09-03 17:30:06,581 - agents.rapid7_collector - GLPI-VCSI - ERROR - Erreur de requête HTTP pour le serveur vicprddmatfbe11: Invalid URL 'None': No scheme supplied. Perhaps you meant https://None?
2025-09-03 17:30:06,582 - agents.rapid7_collector - GLPI-VCSI - ERROR - Erreur de requête HTTP pour le serveur VCFPRDOCRAPP01: Invalid URL 'None': No scheme supplied. Perhaps you meant https://None?
2025-09-03 17:30:06,582 - agents.rapid7_collector - GLPI-VCSI - ERROR - Erreur de requête HTTP pour le serveur VCFPRDBPRMAPP03: Invalid URL 'None': No scheme supplied. Perhaps you meant https://None?
2025-09-03 17:30:06,583 - agents.rapid7_collector - GLPI-VCSI - ERROR - Erreur de requête HTTP pour le serveur VCFPRDBPRMAPP02: Invalid URL 'None': No scheme supplied. Perhaps you meant https://None?
2025-09-03 17:30:06,584 - agents.rapid7_collector - GLPI-VCSI - ERROR - Erreur de requête HTTP pour le serveur VCFPRDMUTUFRT41: Invalid URL 'None': No scheme supplied. Perhaps you meant https://None?
2025-09-03 17:30:06,584 - agents.rapid7_collector - GLPI-VCSI - ERROR - Erreur de requête HTTP pour le serveur VCFPRDALDSAPP01: Invalid URL 'None': No scheme supplied. Perhaps you meant https://None?
2025-09-03 17:30:06,585 - agents.rapid7_collector - GLPI-VCSI - ERROR - Erreur de requête HTTP pour le serveur VCFPRDMUTUFRT11: Invalid URL 'None': No scheme supplied. Perhaps you meant https://None?
2025-09-03 17:30:06,585 - agents.rapid7_collector - GLPI-VCSI - ERROR - Erreur de requête HTTP pour le serveur VCFPRDMUTUFRT01: Invalid URL 'None': No scheme supplied. Perhaps you meant https://None?
2025-09-03 17:30:06,585 - agents.rapid7_collector - GLPI-VCSI - ERROR - Erreur de requête HTTP pour le serveur vicprddmatfbe12: Invalid URL 'None': No scheme supplied. Perhaps you meant https://None?
2025-09-03 17:30:06,586 - agents.rapid7_collector - GLPI-VCSI - ERROR - Erreur de requête HTTP pour le serveur VCFPRDMUTUFRT31: Invalid URL 'None': No scheme supplied. Perhaps you meant https://None?
2025-09-03 17:30:06,587 - agents.rapid7_collector - GLPI-VCSI - ERROR - Erreur de requête HTTP pour le serveur VCFPRDMUTUFRT21: Invalid URL 'None': No scheme supplied. Perhaps you meant https://None?
2025-09-03 17:30:06,587 - agents.rapid7_collector - GLPI-VCSI - ERROR - Erreur de requête HTTP pour le serveur SOFPRDCOCREATE01: Invalid URL 'None': No scheme supplied. Perhaps you meant https://None?
2025-09-03 17:30:06,591 - agents.rapid7_collector - GLPI-VCSI - ERROR - Erreur de requête HTTP pour le serveur SOFPRDSQLCH01: Invalid URL 'None': No scheme supplied. Perhaps you meant https://None?
2025-09-03 17:30:06,587 - agents.rapid7_collector - GLPI-VCSI - ERROR - Erreur de requête HTTP pour le serveur SOFPRDHARCHB01: Invalid URL 'None': No scheme supplied. Perhaps you meant https://None?
2025-09-03 17:30:06,590 - agents.rapid7_collector - GLPI-VCSI - ERROR - Erreur de requête HTTP pour le serveur SOFPRDFRTSMTP01: Invalid URL 'None': No scheme supplied. Perhaps you meant https://None?
2025-09-03 17:30:06,590 - agents.rapid7_collector - GLPI-VCSI - ERROR - Erreur de requête HTTP pour le serveur SF-FIC-SQL: Invalid URL 'None': No scheme supplied. Perhaps you meant https://None?
2025-09-03 17:30:06,592 - agents.rapid7_collector - GLPI-VCSI - ERROR - Erreur de requête HTTP pour le serveur SF-TOMC02: Invalid URL 'None': No scheme supplied. Perhaps you meant https://None?
2025-09-03 17:30:06,591 - agents.rapid7_collector - GLPI-VCSI - ERROR - Erreur de requête HTTP pour le serveur VCFHCLUS01N2: Invalid URL 'None': No scheme supplied. Perhaps you meant https://None?
2025-09-03 17:30:06,589 - agents.rapid7_collector - GLPI-VCSI - ERROR - Erreur de requête HTTP pour le serveur TGPPRDNEVARIS01: Invalid URL 'None': No scheme supplied. Perhaps you meant https://None?
2025-09-03 17:30:06,592 - agents.rapid7_collector - GLPI-VCSI - ERROR - Erreur de requête HTTP pour le serveur SF-SQL: Invalid URL 'None': No scheme supplied. Perhaps you meant https://None?
2025-09-03 17:30:06,593 - agents.rapid7_collector - GLPI-VCSI - ERROR - Erreur de requête HTTP pour le serveur SBF-SIEGEFS2: Invalid URL 'None': No scheme supplied. Perhaps you meant https://None?
2025-09-03 17:30:06,593 - agents.rapid7_collector - GLPI-VCSI - ERROR - Erreur de requête HTTP pour le serveur TERRADOCS: Invalid URL 'None': No scheme supplied. Perhaps you meant https://None?
2025-09-03 17:30:06,594 - agents.rapid7_collector - GLPI-VCSI - ERROR - Erreur de requête HTTP pour le serveur SOFPRDTIPSDB01: Invalid URL 'None': No scheme supplied. Perhaps you meant https://None?
2025-09-03 17:30:06,594 - agents.rapid7_collector - GLPI-VCSI - ERROR - Erreur de requête HTTP pour le serveur EUGENE2: Invalid URL 'None': No scheme supplied. Perhaps you meant https://None?
2025-09-03 17:30:06,595 - agents.rapid7_collector - GLPI-VCSI - ERROR - Erreur de requête HTTP pour le serveur FREYSSIDOCS: Invalid URL 'None': No scheme supplied. Perhaps you meant https://None?
2025-09-03 17:30:06,595 - agents.rapid7_collector - GLPI-VCSI - ERROR - Erreur de requête HTTP pour le serveur SOFPRDBFMULT01: Invalid URL 'None': No scheme supplied. Perhaps you meant https://None?
2025-09-03 17:30:06,596 - agents.rapid7_collector - GLPI-VCSI - ERROR - Erreur de requête HTTP pour le serveur SOFPRDNUVDR01: Invalid URL 'None': No scheme supplied. Perhaps you meant https://None?
2025-09-03 17:30:06,597 - agents.rapid7_collector - GLPI-VCSI - ERROR - Erreur de requête HTTP pour le serveur SOFPRDSIMLAB01: Invalid URL 'None': No scheme supplied. Perhaps you meant https://None?
2025-09-03 17:30:06,597 - agents.rapid7_collector - GLPI-VCSI - ERROR - Erreur de requête HTTP pour le serveur SF-PCHANTIERPP: Invalid URL 'None': No scheme supplied. Perhaps you meant https://None?
2025-09-03 17:30:06,598 - agents.rapid7_collector - GLPI-VCSI - ERROR - Erreur de requête HTTP pour le serveur SF-FIC-TOMC02: Invalid URL 'None': No scheme supplied. Perhaps you meant https://None?
2025-09-03 17:30:06,598 - agents.rapid7_collector - GLPI-VCSI - ERROR - Erreur de requête HTTP pour le serveur SOFPRDHSV3: Invalid URL 'None': No scheme supplied. Perhaps you meant https://None?
2025-09-03 17:30:06,599 - agents.rapid7_collector - GLPI-VCSI - ERROR - Erreur de requête HTTP pour le serveur SOFPRDMAGOTS02: Invalid URL 'None': No scheme supplied. Perhaps you meant https://None?
2025-09-03 17:30:06,600 - agents.rapid7_collector - GLPI-VCSI - ERROR - Erreur de requête HTTP pour le serveur vicprddmatfbe13: Invalid URL 'None': No scheme supplied. Perhaps you meant https://None?
2025-09-03 17:30:06,601 - agents.rapid7_collector - GLPI-VCSI - ERROR - Erreur de requête HTTP pour le serveur SOFPRDPROFIL01: Invalid URL 'None': No scheme supplied. Perhaps you meant https://None?
2025-09-03 17:30:06,603 - agents.rapid7_collector - GLPI-VCSI - ERROR - Erreur de requête HTTP pour le serveur SOFPRDHEBETEC01: Invalid URL 'None': No scheme supplied. Perhaps you meant https://None?
2025-09-03 17:30:06,604 - agents.rapid7_collector - GLPI-VCSI - ERROR - Erreur de requête HTTP pour le serveur SF-TOMC01: Invalid URL 'None': No scheme supplied. Perhaps you meant https://None?
2025-09-03 17:30:06,605 - agents.rapid7_collector - GLPI-VCSI - ERROR - Erreur de requête HTTP pour le serveur SF-FIC-TOMC01: Invalid URL 'None': No scheme supplied. Perhaps you meant https://None?
2025-09-03 17:30:06,607 - agents.rapid7_collector - GLPI-VCSI - ERROR - Erreur de requête HTTP pour le serveur SOFPRDADOSYNC01: Invalid URL 'None': No scheme supplied. Perhaps you meant https://None?
2025-09-03 17:30:06,607 - agents.rapid7_collector - GLPI-VCSI - ERROR - Erreur de requête HTTP pour le serveur SOFPRDMAGODB02: Invalid URL 'None': No scheme supplied. Perhaps you meant https://None?
2025-09-03 17:30:06,608 - agents.rapid7_collector - GLPI-VCSI - ERROR - Erreur de requête HTTP pour le serveur SOFPRDSQLCOLLAB01: Invalid URL 'None': No scheme supplied. Perhaps you meant https://None?
2025-09-03 17:30:06,609 - agents.rapid7_collector - GLPI-VCSI - ERROR - Erreur de requête HTTP pour le serveur VCFPRDINFRAPP04: Invalid URL 'None': No scheme supplied. Perhaps you meant https://None?
2025-09-03 17:30:06,609 - agents.rapid7_collector - GLPI-VCSI - ERROR - Erreur de requête HTTP pour le serveur VCFPRDMUTUREF02: Invalid URL 'None': No scheme supplied. Perhaps you meant https://None?
2025-09-03 17:30:06,610 - agents.rapid7_collector - GLPI-VCSI - ERROR - Erreur de requête HTTP pour le serveur VCFPRDMUTUAPI02: Invalid URL 'None': No scheme supplied. Perhaps you meant https://None?
2025-09-03 17:30:06,610 - agents.rapid7_collector - GLPI-VCSI - ERROR - Erreur de requête HTTP pour le serveur VCFPRDMUTUBCK32: Invalid URL 'None': No scheme supplied. Perhaps you meant https://None?
2025-09-03 17:30:06,610 - agents.rapid7_collector - GLPI-VCSI - ERROR - Erreur de requête HTTP pour le serveur VCFPRDALDSAPP02: Invalid URL 'None': No scheme supplied. Perhaps you meant https://None?
2025-09-03 17:30:06,611 - agents.rapid7_collector - GLPI-VCSI - ERROR - Erreur de requête HTTP pour le serveur VCFPRDPSHLFBE02: Invalid URL 'None': No scheme supplied. Perhaps you meant https://None?
2025-09-03 17:30:06,611 - agents.rapid7_collector - GLPI-VCSI - ERROR - Erreur de requête HTTP pour le serveur VCFPRDMUTUBCK12: Invalid URL 'None': No scheme supplied. Perhaps you meant https://None?
2025-09-03 17:30:06,613 - agents.rapid7_collector - GLPI-VCSI - ERROR - Erreur de requête HTTP pour le serveur VCFPRDIRI2APP14: Invalid URL 'None': No scheme supplied. Perhaps you meant https://None?
2025-09-03 17:30:06,614 - agents.rapid7_collector - GLPI-VCSI - ERROR - Erreur de requête HTTP pour le serveur VCFPRDMUTUBCK42: Invalid URL 'None': No scheme supplied. Perhaps you meant https://None?
2025-09-03 17:30:06,614 - agents.rapid7_collector - GLPI-VCSI - ERROR - Erreur de requête HTTP pour le serveur VCFPRDMUTUFRT32: Invalid URL 'None': No scheme supplied. Perhaps you meant https://None?
2025-09-03 17:30:06,614 - agents.rapid7_collector - GLPI-VCSI - ERROR - Erreur de requête HTTP pour le serveur VCFPRDMUTUFRT12: Invalid URL 'None': No scheme supplied. Perhaps you meant https://None?
2025-09-03 17:30:06,615 - agents.rapid7_collector - GLPI-VCSI - ERROR - Erreur de requête HTTP pour le serveur VCFPRDMUTUBCK22: Invalid URL 'None': No scheme supplied. Perhaps you meant https://None?
2025-09-03 17:30:06,615 - agents.rapid7_collector - GLPI-VCSI - ERROR - Erreur de requête HTTP pour le serveur VCFPRDMUTUFRT52: Invalid URL 'None': No scheme supplied. Perhaps you meant https://None?
2025-09-03 17:30:06,616 - agents.rapid7_collector - GLPI-VCSI - ERROR - Erreur de requête HTTP pour le serveur SOFPRDTIPSDB03: Invalid URL 'None': No scheme supplied. Perhaps you meant https://None?
2025-09-03 17:30:06,616 - agents.rapid7_collector - GLPI-VCSI - ERROR - Erreur de requête HTTP pour le serveur VCFPRDMUTUAPI12: Invalid URL 'None': No scheme supplied. Perhaps you meant https://None?
2025-09-03 17:30:06,617 - agents.rapid7_collector - GLPI-VCSI - ERROR - Erreur de requête HTTP pour le serveur VCFPRDMUTUFRT22: Invalid URL 'None': No scheme supplied. Perhaps you meant https://None?
2025-09-03 17:30:06,617 - agents.rapid7_collector - GLPI-VCSI - ERROR - Erreur de requête HTTP pour le serveur VCFPRDVSCMWEB03: Invalid URL 'None': No scheme supplied. Perhaps you meant https://None?
2025-09-03 17:30:06,618 - agents.rapid7_collector - GLPI-VCSI - ERROR - Erreur de requête HTTP pour le serveur VCFPRDIRI2APP12: Invalid URL 'None': No scheme supplied. Perhaps you meant https://None?
2025-09-03 17:30:06,619 - agents.rapid7_collector - GLPI-VCSI - ERROR - Erreur de requête HTTP pour le serveur VCFPRDMUTUFRT42: Invalid URL 'None': No scheme supplied. Perhaps you meant https://None?
2025-09-03 17:30:06,619 - agents.rapid7_collector - GLPI-VCSI - ERROR - Erreur de requête HTTP pour le serveur VCFPRDOCRAPP02: Invalid URL 'None': No scheme supplied. Perhaps you meant https://None?
2025-09-03 17:30:06,633 - agents.rapid7_collector - GLPI-VCSI - ERROR - Erreur de requête HTTP pour le serveur VCFPRDSCCMADM01: Invalid URL 'None': No scheme supplied. Perhaps you meant https://None?
2025-09-03 17:30:06,634 - agents.rapid7_collector - GLPI-VCSI - ERROR - Erreur de requête HTTP pour le serveur VCFPRDINFOBLOX02: Invalid URL 'None': No scheme supplied. Perhaps you meant https://None?
2025-09-03 17:30:06,634 - agents.rapid7_collector - GLPI-VCSI - ERROR - Erreur de requête HTTP pour le serveur vicprddmatfbe17: Invalid URL 'None': No scheme supplied. Perhaps you meant https://None?
2025-09-03 17:30:06,621 - agents.rapid7_collector - GLPI-VCSI - ERROR - Erreur de requête HTTP pour le serveur VCFPRDVDOCAPP02: Invalid URL 'None': No scheme supplied. Perhaps you meant https://None?
2025-09-03 17:30:06,622 - agents.rapid7_collector - GLPI-VCSI - ERROR - Erreur de requête HTTP pour le serveur vicprddmatfbe15: Invalid URL 'None': No scheme supplied. Perhaps you meant https://None?
2025-09-03 17:30:06,622 - agents.rapid7_collector - GLPI-VCSI - ERROR - Erreur de requête HTTP pour le serveur SOFPRDMAGOTS03: Invalid URL 'None': No scheme supplied. Perhaps you meant https://None?
2025-09-03 17:30:06,637 - agents.rapid7_collector - GLPI-VCSI - ERROR - Erreur de requête HTTP pour le serveur VCFPRDPPACAPP01: Invalid URL 'None': No scheme supplied. Perhaps you meant https://None?
2025-09-03 17:30:06,638 - agents.rapid7_collector - GLPI-VCSI - ERROR - Erreur de requête HTTP pour le serveur VCFPRDPPJLIC01: Invalid URL 'None': No scheme supplied. Perhaps you meant https://None?
2025-09-03 17:30:06,639 - agents.rapid7_collector - GLPI-VCSI - ERROR - Erreur de requête HTTP pour le serveur VCFPRDOCRAPP03: Invalid URL 'None': No scheme supplied. Perhaps you meant https://None?
2025-09-03 17:30:06,624 - agents.rapid7_collector - GLPI-VCSI - ERROR - Erreur de requête HTTP pour le serveur VCFPRDOCRAPP04: Invalid URL 'None': No scheme supplied. Perhaps you meant https://None?
2025-09-03 17:30:06,625 - agents.rapid7_collector - GLPI-VCSI - ERROR - Erreur de requête HTTP pour le serveur VCFPRDMUTUFRT02: Invalid URL 'None': No scheme supplied. Perhaps you meant https://None?
2025-09-03 17:30:06,626 - agents.rapid7_collector - GLPI-VCSI - ERROR - Erreur de requête HTTP pour le serveur SOFPRDBEFILE01: Invalid URL 'None': No scheme supplied. Perhaps you meant https://None?
2025-09-03 17:30:06,627 - agents.rapid7_collector - GLPI-VCSI - ERROR - Erreur de requête HTTP pour le serveur SOFPRDTIPSDB02: Invalid URL 'None': No scheme supplied. Perhaps you meant https://None?
2025-09-03 17:30:06,627 - agents.rapid7_collector - GLPI-VCSI - ERROR - Erreur de requête HTTP pour le serveur MORESTEL01: Invalid URL 'None': No scheme supplied. Perhaps you meant https://None?
2025-09-03 17:30:06,628 - agents.rapid7_collector - GLPI-VCSI - ERROR - Erreur de requête HTTP pour le serveur VCFPRDBCKPNAS20: Invalid URL 'None': No scheme supplied. Perhaps you meant https://None?
2025-09-03 17:30:06,629 - agents.rapid7_collector - GLPI-VCSI - ERROR - Erreur de requête HTTP pour le serveur SOFPRDMAGODB01: Invalid URL 'None': No scheme supplied. Perhaps you meant https://None?
2025-09-03 17:30:06,629 - agents.rapid7_collector - GLPI-VCSI - ERROR - Erreur de requête HTTP pour le serveur vicprddmatfbe16: Invalid URL 'None': No scheme supplied. Perhaps you meant https://None?
2025-09-03 17:30:06,630 - agents.rapid7_collector - GLPI-VCSI - ERROR - Erreur de requête HTTP pour le serveur vicpocunicapp01: Invalid URL 'None': No scheme supplied. Perhaps you meant https://None?
2025-09-03 17:30:06,631 - agents.rapid7_collector - GLPI-VCSI - ERROR - Erreur de requête HTTP pour le serveur SRVSCCMTS03: Invalid URL 'None': No scheme supplied. Perhaps you meant https://None?
2025-09-03 17:30:06,632 - agents.rapid7_collector - GLPI-VCSI - ERROR - Erreur de requête HTTP pour le serveur VCFHCLUS01N1: Invalid URL 'None': No scheme supplied. Perhaps you meant https://None?
2025-09-03 17:30:06,632 - agents.rapid7_collector - GLPI-VCSI - ERROR - Erreur de requête HTTP pour le serveur SRVSCCMTS01: Invalid URL 'None': No scheme supplied. Perhaps you meant https://None?
2025-09-03 17:30:06,632 - agents.rapid7_collector - GLPI-VCSI - ERROR - Erreur de requête HTTP pour le serveur SRVSCCMAPP01: Invalid URL 'None': No scheme supplied. Perhaps you meant https://None?
2025-09-03 17:30:06,620 - agents.rapid7_collector - GLPI-VCSI - ERROR - Erreur de requête HTTP pour le serveur VCFPRDPPACAPP02: Invalid URL 'None': No scheme supplied. Perhaps you meant https://None?
2025-09-03 17:30:06,620 - agents.rapid7_collector - GLPI-VCSI - ERROR - Erreur de requête HTTP pour le serveur VCFPRDDEVOPSA02: Invalid URL 'None': No scheme supplied. Perhaps you meant https://None?
2025-09-03 17:30:06,649 - agents.rapid7_collector - GLPI-VCSI - ERROR - Erreur de requête HTTP pour le serveur VCFPRDDEVOPSA01: Invalid URL 'None': No scheme supplied. Perhaps you meant https://None?
2025-09-03 17:30:06,635 - agents.rapid7_collector - GLPI-VCSI - ERROR - Erreur de requête HTTP pour le serveur VCFPRDINFRAPP06: Invalid URL 'None': No scheme supplied. Perhaps you meant https://None?
2025-09-03 17:30:06,635 - agents.rapid7_collector - GLPI-VCSI - ERROR - Erreur de requête HTTP pour le serveur vicprdcrtxrly01: Invalid URL 'None': No scheme supplied. Perhaps you meant https://None?
2025-09-03 17:30:06,636 - agents.rapid7_collector - GLPI-VCSI - ERROR - Erreur de requête HTTP pour le serveur VCFPRDIRI2APP11: Invalid URL 'None': No scheme supplied. Perhaps you meant https://None?
2025-09-03 17:30:06,651 - agents.rapid7_collector - GLPI-VCSI - ERROR - Erreur de requête HTTP pour le serveur VCFPRDARBHKS01: Invalid URL 'None': No scheme supplied. Perhaps you meant https://None?
2025-09-03 17:30:06,623 - agents.rapid7_collector - GLPI-VCSI - ERROR - Erreur de requête HTTP pour le serveur vicprdaprxfbe01: Invalid URL 'None': No scheme supplied. Perhaps you meant https://None?
2025-09-03 17:30:06,623 - agents.rapid7_collector - GLPI-VCSI - ERROR - Erreur de requête HTTP pour le serveur VCFPRDPOTIAPP12: Invalid URL 'None': No scheme supplied. Perhaps you meant https://None?
2025-09-03 17:30:06,624 - agents.rapid7_collector - GLPI-VCSI - ERROR - Erreur de requête HTTP pour le serveur vicprddmatfbe14: Invalid URL 'None': No scheme supplied. Perhaps you meant https://None?
2025-09-03 17:30:06,641 - agents.rapid7_collector - GLPI-VCSI - ERROR - Erreur de requête HTTP pour le serveur VCFPRDSMTPAPP02: Invalid URL 'None': No scheme supplied. Perhaps you meant https://None?
2025-09-03 17:30:06,642 - agents.rapid7_collector - GLPI-VCSI - ERROR - Erreur de requête HTTP pour le serveur VCFPRDANSEUDO01: Invalid URL 'None': No scheme supplied. Perhaps you meant https://None?
2025-09-03 17:30:06,642 - agents.rapid7_collector - GLPI-VCSI - ERROR - Erreur de requête HTTP pour le serveur VCFPRDMUTUFRT51: Invalid URL 'None': No scheme supplied. Perhaps you meant https://None?
2025-09-03 17:30:06,642 - agents.rapid7_collector - GLPI-VCSI - ERROR - Erreur de requête HTTP pour le serveur SRVHLDIMP01: Invalid URL 'None': No scheme supplied. Perhaps you meant https://None?
2025-09-03 17:30:06,643 - agents.rapid7_collector - GLPI-VCSI - ERROR - Erreur de requête HTTP pour le serveur SRVANAEL01: Invalid URL 'None': No scheme supplied. Perhaps you meant https://None?
2025-09-03 17:30:06,644 - agents.rapid7_collector - GLPI-VCSI - ERROR - Erreur de requête HTTP pour le serveur VCFPRDSCCMSUP01: Invalid URL 'None': No scheme supplied. Perhaps you meant https://None?
2025-09-03 17:30:06,644 - agents.rapid7_collector - GLPI-VCSI - ERROR - Erreur de requête HTTP pour le serveur VCFPRDKPV01: Invalid URL 'None': No scheme supplied. Perhaps you meant https://None?
2025-09-03 17:30:06,645 - agents.rapid7_collector - GLPI-VCSI - ERROR - Erreur de requête HTTP pour le serveur VCFPRDVSCMWEB01: Invalid URL 'None': No scheme supplied. Perhaps you meant https://None?
2025-09-03 17:30:06,645 - agents.rapid7_collector - GLPI-VCSI - ERROR - Erreur de requête HTTP pour le serveur VCFPRDVDOCAPP01: Invalid URL 'None': No scheme supplied. Perhaps you meant https://None?
2025-09-03 17:30:06,646 - agents.rapid7_collector - GLPI-VCSI - ERROR - Erreur de requête HTTP pour le serveur VCFPRDARH3APP01: Invalid URL 'None': No scheme supplied. Perhaps you meant https://None?
2025-09-03 17:30:06,647 - agents.rapid7_collector - GLPI-VCSI - ERROR - Erreur de requête HTTP pour le serveur VCFPRDAZADMIN01: Invalid URL 'None': No scheme supplied. Perhaps you meant https://None?
2025-09-03 17:30:06,647 - agents.rapid7_collector - GLPI-VCSI - ERROR - Erreur de requête HTTP pour le serveur VCFPRDFILEAPP01: Invalid URL 'None': No scheme supplied. Perhaps you meant https://None?
2025-09-03 17:30:06,648 - agents.rapid7_collector - GLPI-VCSI - ERROR - Erreur de requête HTTP pour le serveur SRVSCCMAPP03: Invalid URL 'None': No scheme supplied. Perhaps you meant https://None?
2025-09-03 17:30:06,648 - agents.rapid7_collector - GLPI-VCSI - ERROR - Erreur de requête HTTP pour le serveur VCFPRDIRI2APP13: Invalid URL 'None': No scheme supplied. Perhaps you meant https://None?
2025-09-03 17:30:06,621 - agents.rapid7_collector - GLPI-VCSI - ERROR - Erreur de requête HTTP pour le serveur VCFPRDMUTUBCK02: Invalid URL 'None': No scheme supplied. Perhaps you meant https://None?
2025-09-03 17:30:06,649 - agents.rapid7_collector - GLPI-VCSI - ERROR - Erreur de requête HTTP pour le serveur VCFPRDDYMAFS01: Invalid URL 'None': No scheme supplied. Perhaps you meant https://None?
2025-09-03 17:30:06,650 - agents.rapid7_collector - GLPI-VCSI - ERROR - Erreur de requête HTTP pour le serveur VCFPRDITCHAPP11: Invalid URL 'None': No scheme supplied. Perhaps you meant https://None?
2025-09-03 17:30:06,651 - agents.rapid7_collector - GLPI-VCSI - ERROR - Erreur de requête HTTP pour le serveur SRVSCCMTS02: Invalid URL 'None': No scheme supplied. Perhaps you meant https://None?
2025-09-03 17:30:06,637 - agents.rapid7_collector - GLPI-VCSI - ERROR - Erreur de requête HTTP pour le serveur VCFPRDSAV01: Invalid URL 'None': No scheme supplied. Perhaps you meant https://None?
2025-09-03 17:30:06,652 - agents.rapid7_collector - GLPI-VCSI - ERROR - Erreur de requête HTTP pour le serveur VCFPRDSIDFDPT01: Invalid URL 'None': No scheme supplied. Perhaps you meant https://None?
2025-09-03 17:30:06,652 - agents.rapid7_collector - GLPI-VCSI - ERROR - Erreur de requête HTTP pour le serveur vicprdldomfbe07: Invalid URL 'None': No scheme supplied. Perhaps you meant https://None?
2025-09-03 17:30:06,653 - agents.rapid7_collector - GLPI-VCSI - ERROR - Erreur de requête HTTP pour le serveur vicdevldomfbe01: Invalid URL 'None': No scheme supplied. Perhaps you meant https://None?
2025-09-03 17:30:06,654 - agents.rapid7_collector - GLPI-VCSI - ERROR - Erreur de requête HTTP pour le serveur VCFPRDPMQYAPP01: Invalid URL 'None': No scheme supplied. Perhaps you meant https://None?
2025-09-03 17:30:06,654 - agents.rapid7_collector - GLPI-VCSI - ERROR - Erreur de requête HTTP pour le serveur vicprddmatfbe18: Invalid URL 'None': No scheme supplied. Perhaps you meant https://None?
2025-09-03 17:30:06,655 - agents.rapid7_collector - GLPI-VCSI - ERROR - Erreur de requête HTTP pour le serveur VCFPRDADSKAPP11: Invalid URL 'None': No scheme supplied. Perhaps you meant https://None?
2025-09-03 17:30:06,655 - agents.rapid7_collector - GLPI-VCSI - ERROR - Erreur de requête HTTP pour le serveur vicppdwecstrt01: Invalid URL 'None': No scheme supplied. Perhaps you meant https://None?
2025-09-03 17:30:06,656 - agents.rapid7_collector - GLPI-VCSI - ERROR - Erreur de requête HTTP pour le serveur vicprdwecstrt01: Invalid URL 'None': No scheme supplied. Perhaps you meant https://None?
2025-09-03 17:30:06,656 - agents.rapid7_collector - GLPI-VCSI - ERROR - Erreur de requête HTTP pour le serveur vicprdsumafbe03: Invalid URL 'None': No scheme supplied. Perhaps you meant https://None?
2025-09-03 17:30:06,657 - agents.rapid7_collector - GLPI-VCSI - ERROR - Erreur de requête HTTP pour le serveur VCFPRDDOCOAPP02: Invalid URL 'None': No scheme supplied. Perhaps you meant https://None?
2025-09-03 17:30:06,657 - agents.rapid7_collector - GLPI-VCSI - ERROR - Erreur de requête HTTP pour le serveur VCFPRDBPRMBOT01: Invalid URL 'None': No scheme supplied. Perhaps you meant https://None?
2025-09-03 17:30:06,658 - agents.rapid7_collector - GLPI-VCSI - ERROR - Erreur de requête HTTP pour le serveur VCFPRDSMTPAPP01: Invalid URL 'None': No scheme supplied. Perhaps you meant https://None?
2025-09-03 17:30:06,658 - agents.rapid7_collector - GLPI-VCSI - ERROR - Erreur de requête HTTP pour le serveur VCFPRDSECNSUS01: Invalid URL 'None': No scheme supplied. Perhaps you meant https://None?
2025-09-03 17:30:06,659 - agents.rapid7_collector - GLPI-VCSI - ERROR - Erreur de requête HTTP pour le serveur vicprdredmfbe02: Invalid URL 'None': No scheme supplied. Perhaps you meant https://None?
2025-09-03 17:30:06,659 - agents.rapid7_collector - GLPI-VCSI - ERROR - Erreur de requête HTTP pour le serveur VCFDEVMUTUIIS02: Invalid URL 'None': No scheme supplied. Perhaps you meant https://None?
2025-09-03 17:30:06,660 - agents.rapid7_collector - GLPI-VCSI - ERROR - Erreur de requête HTTP pour le serveur VCFREFRHYIMP01: Invalid URL 'None': No scheme supplied. Perhaps you meant https://None?
2025-09-03 17:30:06,660 - agents.rapid7_collector - GLPI-VCSI - ERROR - Erreur de requête HTTP pour le serveur VCFPRDMUTUADM01: Invalid URL 'None': No scheme supplied. Perhaps you meant https://None?
2025-09-03 17:30:06,661 - agents.rapid7_collector - GLPI-VCSI - ERROR - Erreur de requête HTTP pour le serveur VCFLEGWSUSADM01: Invalid URL 'None': No scheme supplied. Perhaps you meant https://None?
2025-09-03 17:30:06,661 - agents.rapid7_collector - GLPI-VCSI - ERROR - Erreur de requête HTTP pour le serveur VCFPRDVSCMWEB02: Invalid URL 'None': No scheme supplied. Perhaps you meant https://None?
2025-09-03 17:30:06,662 - agents.rapid7_collector - GLPI-VCSI - ERROR - Erreur de requête HTTP pour le serveur VCFREFRHYTS01: Invalid URL 'None': No scheme supplied. Perhaps you meant https://None?
2025-09-03 17:30:06,663 - agents.rapid7_collector - GLPI-VCSI - ERROR - Erreur de requête HTTP pour le serveur SRVOAPP01: Invalid URL 'None': No scheme supplied. Perhaps you meant https://None?
2025-09-03 17:30:06,664 - agents.rapid7_collector - GLPI-VCSI - ERROR - Erreur de requête HTTP pour le serveur VCFPRDMUTUADM04: Invalid URL 'None': No scheme supplied. Perhaps you meant https://None?
2025-09-03 17:30:06,665 - agents.rapid7_collector - GLPI-VCSI - ERROR - Erreur de requête HTTP pour le serveur SRVOAPP02: Invalid URL 'None': No scheme supplied. Perhaps you meant https://None?
2025-09-03 17:30:06,666 - agents.rapid7_collector - GLPI-VCSI - ERROR - Erreur de requête HTTP pour le serveur SRVOCTRLACCES: Invalid URL 'None': No scheme supplied. Perhaps you meant https://None?
2025-09-03 17:30:06,667 - agents.rapid7_collector - GLPI-VCSI - ERROR - Erreur de requête HTTP pour le serveur victstatyksql01: Invalid URL 'None': No scheme supplied. Perhaps you meant https://None?
2025-09-03 17:30:06,668 - agents.rapid7_collector - GLPI-VCSI - ERROR - Erreur de requête HTTP pour le serveur VCFPRDHABLIC01: Invalid URL 'None': No scheme supplied. Perhaps you meant https://None?
2025-09-03 17:30:06,668 - agents.rapid7_collector - GLPI-VCSI - ERROR - Erreur de requête HTTP pour le serveur VCFREFRHYIMP02: Invalid URL 'None': No scheme supplied. Perhaps you meant https://None?
2025-09-03 17:30:06,669 - agents.rapid7_collector - GLPI-VCSI - ERROR - Erreur de requête HTTP pour le serveur VCFPRDGRIMAPP01: Invalid URL 'None': No scheme supplied. Perhaps you meant https://None?
2025-09-03 17:30:06,670 - agents.rapid7_collector - GLPI-VCSI - ERROR - Erreur de requête HTTP pour le serveur vicppdadmtfbe01: Invalid URL 'None': No scheme supplied. Perhaps you meant https://None?
2025-09-03 17:30:06,670 - agents.rapid7_collector - GLPI-VCSI - ERROR - Erreur de requête HTTP pour le serveur VICPRDFAZCAPP01: Invalid URL 'None': No scheme supplied. Perhaps you meant https://None?
2025-09-03 17:30:06,671 - agents.rapid7_collector - GLPI-VCSI - ERROR - Erreur de requête HTTP pour le serveur VCFPRDPPJLIC02: Invalid URL 'None': No scheme supplied. Perhaps you meant https://None?
2025-09-03 17:30:06,671 - agents.rapid7_collector - GLPI-VCSI - ERROR - Erreur de requête HTTP pour le serveur VCFPCLUS02N2: Invalid URL 'None': No scheme supplied. Perhaps you meant https://None?
2025-09-03 17:30:06,671 - agents.rapid7_collector - GLPI-VCSI - ERROR - Erreur de requête HTTP pour le serveur VCFPRDMUTUADM03: Invalid URL 'None': No scheme supplied. Perhaps you meant https://None?
2025-09-03 17:30:06,672 - agents.rapid7_collector - GLPI-VCSI - ERROR - Erreur de requête HTTP pour le serveur VCFPRDSQMRAPP01: Invalid URL 'None': No scheme supplied. Perhaps you meant https://None?
2025-09-03 17:30:06,672 - agents.rapid7_collector - GLPI-VCSI - ERROR - Erreur de requête HTTP pour le serveur VCFPRDRSOADM01: Invalid URL 'None': No scheme supplied. Perhaps you meant https://None?
2025-09-03 17:30:06,673 - agents.rapid7_collector - GLPI-VCSI - ERROR - Erreur de requête HTTP pour le serveur SRVODDPRINT01: Invalid URL 'None': No scheme supplied. Perhaps you meant https://None?
2025-09-03 17:30:06,674 - agents.rapid7_collector - GLPI-VCSI - ERROR - Erreur de requête HTTP pour le serveur D01PPDADDSWDC01: Invalid URL 'None': No scheme supplied. Perhaps you meant https://None?
2025-09-03 17:30:06,674 - agents.rapid7_collector - GLPI-VCSI - ERROR - Erreur de requête HTTP pour le serveur VCFPCLUS01N2: Invalid URL 'None': No scheme supplied. Perhaps you meant https://None?
2025-09-03 17:30:06,675 - agents.rapid7_collector - GLPI-VCSI - ERROR - Erreur de requête HTTP pour le serveur VDTPPDADDSWDC01: Invalid URL 'None': No scheme supplied. Perhaps you meant https://None?
2025-09-03 17:30:06,676 - agents.rapid7_collector - GLPI-VCSI - ERROR - Erreur de requête HTTP pour le serveur VICPRDFMGCAPP01: Invalid URL 'None': No scheme supplied. Perhaps you meant https://None?
2025-09-03 17:30:06,676 - agents.rapid7_collector - GLPI-VCSI - ERROR - Erreur de requête HTTP pour le serveur SOSPPDADDSWDC01: Invalid URL 'None': No scheme supplied. Perhaps you meant https://None?
2025-09-03 17:30:06,677 - agents.rapid7_collector - GLPI-VCSI - ERROR - Erreur de requête HTTP pour le serveur VGPPPDADDSWDC01: Invalid URL 'None': No scheme supplied. Perhaps you meant https://None?
2025-09-03 17:30:06,677 - agents.rapid7_collector - GLPI-VCSI - ERROR - Erreur de requête HTTP pour le serveur HLDPPDADDSWDC01: Invalid URL 'None': No scheme supplied. Perhaps you meant https://None?
2025-09-03 17:30:06,678 - agents.rapid7_collector - GLPI-VCSI - ERROR - Erreur de requête HTTP pour le serveur SOFPPDADDSWDC01: Invalid URL 'None': No scheme supplied. Perhaps you meant https://None?
2025-09-03 17:30:06,678 - agents.rapid7_collector - GLPI-VCSI - ERROR - Erreur de requête HTTP pour le serveur VCFPPDADDSWDC01: Invalid URL 'None': No scheme supplied. Perhaps you meant https://None?
2025-09-03 17:30:06,679 - agents.rapid7_collector - GLPI-VCSI - ERROR - Erreur de requête HTTP pour le serveur vicprddmatfbe19: Invalid URL 'None': No scheme supplied. Perhaps you meant https://None?
2025-09-03 17:30:06,680 - agents.rapid7_collector - GLPI-VCSI - ERROR - Erreur de requête HTTP pour le serveur SOFPRDFRCDCA01: Invalid URL 'None': No scheme supplied. Perhaps you meant https://None?
2025-09-03 17:30:06,698 - agents.rapid7_collector - GLPI-VCSI - ERROR - Erreur de requête HTTP pour le serveur VCFPMSBISQL15: Invalid URL 'None': No scheme supplied. Perhaps you meant https://None?
2025-09-03 17:30:06,681 - agents.rapid7_collector - GLPI-VCSI - ERROR - Erreur de requête HTTP pour le serveur vicprdldomfbe08: Invalid URL 'None': No scheme supplied. Perhaps you meant https://None?
2025-09-03 17:30:06,682 - agents.rapid7_collector - GLPI-VCSI - ERROR - Erreur de requête HTTP pour le serveur VCFPRDBPRMBOT04: Invalid URL 'None': No scheme supplied. Perhaps you meant https://None?
2025-09-03 17:30:06,682 - agents.rapid7_collector - GLPI-VCSI - ERROR - Erreur de requête HTTP pour le serveur vicprddmatfbe21: Invalid URL 'None': No scheme supplied. Perhaps you meant https://None?
2025-09-03 17:30:06,683 - agents.rapid7_collector - GLPI-VCSI - ERROR - Erreur de requête HTTP pour le serveur SOFFRPRDPDM01: Invalid URL 'None': No scheme supplied. Perhaps you meant https://None?
2025-09-03 17:30:06,683 - agents.rapid7_collector - GLPI-VCSI - ERROR - Erreur de requête HTTP pour le serveur VCFLEGMAGAPP02: Invalid URL 'None': No scheme supplied. Perhaps you meant https://None?
2025-09-03 17:30:06,684 - agents.rapid7_collector - GLPI-VCSI - ERROR - Erreur de requête HTTP pour le serveur VCFPSSRS16APP01: Invalid URL 'None': No scheme supplied. Perhaps you meant https://None?
2025-09-03 17:30:06,685 - agents.rapid7_collector - GLPI-VCSI - ERROR - Erreur de requête HTTP pour le serveur VCFHOMMUTUDMZ02: Invalid URL 'None': No scheme supplied. Perhaps you meant https://None?
2025-09-03 17:30:06,686 - agents.rapid7_collector - GLPI-VCSI - ERROR - Erreur de requête HTTP pour le serveur VCFPRDMUTUDMZ02: Invalid URL 'None': No scheme supplied. Perhaps you meant https://None?
2025-09-03 17:30:06,686 - agents.rapid7_collector - GLPI-VCSI - ERROR - Erreur de requête HTTP pour le serveur VCFLEGADDSWDC02: Invalid URL 'None': No scheme supplied. Perhaps you meant https://None?
2025-09-03 17:30:06,687 - agents.rapid7_collector - GLPI-VCSI - ERROR - Erreur de requête HTTP pour le serveur VCFLEGMUTURDS01: Invalid URL 'None': No scheme supplied. Perhaps you meant https://None?
2025-09-03 17:30:06,688 - agents.rapid7_collector - GLPI-VCSI - ERROR - Erreur de requête HTTP pour le serveur VCFLEGMAGNEN01: Invalid URL 'None': No scheme supplied. Perhaps you meant https://None?
2025-09-03 17:30:06,688 - agents.rapid7_collector - GLPI-VCSI - ERROR - Erreur de requête HTTP pour le serveur VCFPRDINFOBLOX01: Invalid URL 'None': No scheme supplied. Perhaps you meant https://None?
2025-09-03 17:30:06,689 - agents.rapid7_collector - GLPI-VCSI - ERROR - Erreur de requête HTTP pour le serveur VCFPRDADSKAPP12: Invalid URL 'None': No scheme supplied. Perhaps you meant https://None?
2025-09-03 17:30:06,689 - agents.rapid7_collector - GLPI-VCSI - ERROR - Erreur de requête HTTP pour le serveur VCFLEGMUTUADM01: Invalid URL 'None': No scheme supplied. Perhaps you meant https://None?
2025-09-03 17:30:06,690 - agents.rapid7_collector - GLPI-VCSI - ERROR - Erreur de requête HTTP pour le serveur VCFLEGMAGAPP01: Invalid URL 'None': No scheme supplied. Perhaps you meant https://None?
2025-09-03 17:30:06,690 - agents.rapid7_collector - GLPI-VCSI - ERROR - Erreur de requête HTTP pour le serveur VCFHOMFTPDMZ01: Invalid URL 'None': No scheme supplied. Perhaps you meant https://None?
2025-09-03 17:30:06,691 - agents.rapid7_collector - GLPI-VCSI - ERROR - Erreur de requête HTTP pour le serveur VCFPRDMUTUDMZ01: Invalid URL 'None': No scheme supplied. Perhaps you meant https://None?
2025-09-03 17:30:06,691 - agents.rapid7_collector - GLPI-VCSI - ERROR - Erreur de requête HTTP pour le serveur VCFLEGADDSWDC01: Invalid URL 'None': No scheme supplied. Perhaps you meant https://None?
2025-09-03 17:30:06,693 - agents.rapid7_collector - GLPI-VCSI - ERROR - Erreur de requête HTTP pour le serveur VCFHOMMUTUDMZ01: Invalid URL 'None': No scheme supplied. Perhaps you meant https://None?
2025-09-03 17:30:06,695 - agents.rapid7_collector - GLPI-VCSI - ERROR - Erreur de requête HTTP pour le serveur VCFDMZMONEXT01: Invalid URL 'None': No scheme supplied. Perhaps you meant https://None?
2025-09-03 17:30:06,695 - agents.rapid7_collector - GLPI-VCSI - ERROR - Erreur de requête HTTP pour le serveur VCFPSIADSQL16: Invalid URL 'None': No scheme supplied. Perhaps you meant https://None?
2025-09-03 17:30:06,697 - agents.rapid7_collector - GLPI-VCSI - ERROR - Erreur de requête HTTP pour le serveur VCFPRDMUTUADM02: Invalid URL 'None': No scheme supplied. Perhaps you meant https://None?
2025-09-03 17:30:06,680 - agents.rapid7_collector - GLPI-VCSI - ERROR - Erreur de requête HTTP pour le serveur vicprddmatfbe20: Invalid URL 'None': No scheme supplied. Perhaps you meant https://None?
2025-09-03 17:30:06,700 - agents.rapid7_collector - GLPI-VCSI - ERROR - Erreur de requête HTTP pour le serveur VCFPRDVTHEFTP01: Invalid URL 'None': No scheme supplied. Perhaps you meant https://None?
2025-09-03 17:30:06,701 - agents.rapid7_collector - GLPI-VCSI - ERROR - Erreur de requête HTTP pour le serveur VCFPMSBISSAS11: Invalid URL 'None': No scheme supplied. Perhaps you meant https://None?
2025-09-03 17:30:06,701 - agents.rapid7_collector - GLPI-VCSI - ERROR - Erreur de requête HTTP pour le serveur vicprdnetwddi01: Invalid URL 'None': No scheme supplied. Perhaps you meant https://None?
2025-09-03 17:30:06,702 - agents.rapid7_collector - GLPI-VCSI - ERROR - Erreur de requête HTTP pour le serveur vicprdinfrdns01: Invalid URL 'None': No scheme supplied. Perhaps you meant https://None?
2025-09-03 17:30:06,702 - agents.rapid7_collector - GLPI-VCSI - ERROR - Erreur de requête HTTP pour le serveur vicprdinfrapp03: Invalid URL 'None': No scheme supplied. Perhaps you meant https://None?
2025-09-03 17:30:06,703 - agents.rapid7_collector - GLPI-VCSI - ERROR - Erreur de requête HTTP pour le serveur VCFPCLUS05N2: Invalid URL 'None': No scheme supplied. Perhaps you meant https://None?
2025-09-03 17:30:06,705 - agents.rapid7_collector - GLPI-VCSI - ERROR - Erreur de requête HTTP pour le serveur VCFPCLUS03N2: Invalid URL 'None': No scheme supplied. Perhaps you meant https://None?
2025-09-03 17:30:06,705 - agents.rapid7_collector - GLPI-VCSI - ERROR - Erreur de requête HTTP pour le serveur vicprdinfrapp04: Invalid URL 'None': No scheme supplied. Perhaps you meant https://None?
2025-09-03 17:30:06,718 - agents.rapid7_collector - GLPI-VCSI - ERROR - Erreur de requête HTTP pour le serveur vicdevsc12app06: Invalid URL 'None': No scheme supplied. Perhaps you meant https://None?
2025-09-03 17:30:06,705 - agents.rapid7_collector - GLPI-VCSI - ERROR - Erreur de requête HTTP pour le serveur vicprdnetwddi03: Invalid URL 'None': No scheme supplied. Perhaps you meant https://None?
2025-09-03 17:30:06,707 - agents.rapid7_collector - GLPI-VCSI - ERROR - Erreur de requête HTTP pour le serveur vicprdpaloman02: Invalid URL 'None': No scheme supplied. Perhaps you meant https://None?
2025-09-03 17:30:06,708 - agents.rapid7_collector - GLPI-VCSI - ERROR - Erreur de requête HTTP pour le serveur victstatykfbe02: Invalid URL 'None': No scheme supplied. Perhaps you meant https://None?
2025-09-03 17:30:06,708 - agents.rapid7_collector - GLPI-VCSI - ERROR - Erreur de requête HTTP pour le serveur vicprdnetwgtw13: Invalid URL 'None': No scheme supplied. Perhaps you meant https://None?
2025-09-03 17:30:06,708 - agents.rapid7_collector - GLPI-VCSI - ERROR - Erreur de requête HTTP pour le serveur vicprdpaloman01: Invalid URL 'None': No scheme supplied. Perhaps you meant https://None?
2025-09-03 17:30:06,709 - agents.rapid7_collector - GLPI-VCSI - ERROR - Erreur de requête HTTP pour le serveur VCFPRDOFRLIC01: Invalid URL 'None': No scheme supplied. Perhaps you meant https://None?
2025-09-03 17:30:06,710 - agents.rapid7_collector - GLPI-VCSI - ERROR - Erreur de requête HTTP pour le serveur vicdevtoscapp01: Invalid URL 'None': No scheme supplied. Perhaps you meant https://None?
2025-09-03 17:30:06,710 - agents.rapid7_collector - GLPI-VCSI - ERROR - Erreur de requête HTTP pour le serveur vicprdadmnnfs01: Invalid URL 'None': No scheme supplied. Perhaps you meant https://None?
2025-09-03 17:30:06,711 - agents.rapid7_collector - GLPI-VCSI - ERROR - Erreur de requête HTTP pour le serveur vicpocaarcfbe02: Invalid URL 'None': No scheme supplied. Perhaps you meant https://None?
2025-09-03 17:30:06,712 - agents.rapid7_collector - GLPI-VCSI - ERROR - Erreur de requête HTTP pour le serveur vicprdpgasfbe13: Invalid URL 'None': No scheme supplied. Perhaps you meant https://None?
2025-09-03 17:30:06,712 - agents.rapid7_collector - GLPI-VCSI - ERROR - Erreur de requête HTTP pour le serveur vicprdlvudfbe02: Invalid URL 'None': No scheme supplied. Perhaps you meant https://None?
2025-09-03 17:30:06,725 - agents.rapid7_collector - GLPI-VCSI - ERROR - Erreur de requête HTTP pour le serveur VCFPCLUS03N1: Invalid URL 'None': No scheme supplied. Perhaps you meant https://None?
2025-09-03 17:30:06,715 - agents.rapid7_collector - GLPI-VCSI - ERROR - Erreur de requête HTTP pour le serveur VCFPCLUS06N2: Invalid URL 'None': No scheme supplied. Perhaps you meant https://None?
2025-09-03 17:30:06,722 - agents.rapid7_collector - GLPI-VCSI - ERROR - Erreur de requête HTTP pour le serveur vicpocvcntfbe01: Invalid URL 'None': No scheme supplied. Perhaps you meant https://None?
2025-09-03 17:30:06,724 - agents.rapid7_collector - GLPI-VCSI - ERROR - Erreur de requête HTTP pour le serveur VCFPCLUS05N1: Invalid URL 'None': No scheme supplied. Perhaps you meant https://None?
2025-09-03 17:30:06,744 - agents.rapid7_collector - GLPI-VCSI - ERROR - Erreur de requête HTTP pour le serveur VCFPRDSIDTAPP11: Invalid URL 'None': No scheme supplied. Perhaps you meant https://None?
2025-09-03 17:30:06,746 - agents.rapid7_collector - GLPI-VCSI - ERROR - Erreur de requête HTTP pour le serveur vicprdr7asapp01: Invalid URL 'None': No scheme supplied. Perhaps you meant https://None?
2025-09-03 17:30:06,746 - agents.rapid7_collector - GLPI-VCSI - ERROR - Erreur de requête HTTP pour le serveur victstatykgtw01: Invalid URL 'None': No scheme supplied. Perhaps you meant https://None?
2025-09-03 17:30:06,747 - agents.rapid7_collector - GLPI-VCSI - ERROR - Erreur de requête HTTP pour le serveur vicprdhermfbe05: Invalid URL 'None': No scheme supplied. Perhaps you meant https://None?
2025-09-03 17:30:06,747 - agents.rapid7_collector - GLPI-VCSI - ERROR - Erreur de requête HTTP pour le serveur victstatykdsh01: Invalid URL 'None': No scheme supplied. Perhaps you meant https://None?
2025-09-03 17:30:06,748 - agents.rapid7_collector - GLPI-VCSI - ERROR - Erreur de requête HTTP pour le serveur VCFPRDSIDTAPI11: Invalid URL 'None': No scheme supplied. Perhaps you meant https://None?
2025-09-03 17:30:06,749 - agents.rapid7_collector - GLPI-VCSI - ERROR - Erreur de requête HTTP pour le serveur VCFPCLUS07N1: Invalid URL 'None': No scheme supplied. Perhaps you meant https://None?
2025-09-03 17:30:06,750 - agents.rapid7_collector - GLPI-VCSI - ERROR - Erreur de requête HTTP pour le serveur VCFPRDSIDTAPP13: Invalid URL 'None': No scheme supplied. Perhaps you meant https://None?
2025-09-03 17:30:06,750 - agents.rapid7_collector - GLPI-VCSI - ERROR - Erreur de requête HTTP pour le serveur victstatykptl01: Invalid URL 'None': No scheme supplied. Perhaps you meant https://None?
2025-09-03 17:30:06,751 - agents.rapid7_collector - GLPI-VCSI - ERROR - Erreur de requête HTTP pour le serveur TGPPRDTISOWARE1: Invalid URL 'None': No scheme supplied. Perhaps you meant https://None?
2025-09-03 17:30:06,723 - agents.rapid7_collector - GLPI-VCSI - ERROR - Erreur de requête HTTP pour le serveur VCFPSSRS16APP02: Invalid URL 'None': No scheme supplied. Perhaps you meant https://None?
2025-09-03 17:30:06,752 - agents.rapid7_collector - GLPI-VCSI - ERROR - Erreur de requête HTTP pour le serveur vicprdinfrkms02: Invalid URL 'None': No scheme supplied. Perhaps you meant https://None?
2025-09-03 17:30:06,723 - agents.rapid7_collector - GLPI-VCSI - ERROR - Erreur de requête HTTP pour le serveur VCFPRDBCKPNAS21: Invalid URL 'None': No scheme supplied. Perhaps you meant https://None?
2025-09-03 17:30:06,753 - agents.rapid7_collector - GLPI-VCSI - ERROR - Erreur de requête HTTP pour le serveur VCFPRDSIDTBTH11: Invalid URL 'None': No scheme supplied. Perhaps you meant https://None?
2025-09-03 17:30:06,725 - agents.rapid7_collector - GLPI-VCSI - ERROR - Erreur de requête HTTP pour le serveur VCFPRDARBHEN01: Invalid URL 'None': No scheme supplied. Perhaps you meant https://None?
2025-09-03 17:30:06,725 - agents.rapid7_collector - GLPI-VCSI - ERROR - Erreur de requête HTTP pour le serveur VCFBATBNEAPP01: Invalid URL 'None': No scheme supplied. Perhaps you meant https://None?
2025-09-03 17:30:06,733 - agents.rapid7_collector - GLPI-VCSI - ERROR - Erreur de requête HTTP pour le serveur VCFPRDUNIXADM01: Invalid URL 'None': No scheme supplied. Perhaps you meant https://None?
2025-09-03 17:30:06,743 - agents.rapid7_collector - GLPI-VCSI - ERROR - Erreur de requête HTTP pour le serveur vicuatadmtfbe01: Invalid URL 'None': No scheme supplied. Perhaps you meant https://None?
2025-09-03 17:30:06,744 - agents.rapid7_collector - GLPI-VCSI - ERROR - Erreur de requête HTTP pour le serveur VCFPRDSIDTAPP12: Invalid URL 'None': No scheme supplied. Perhaps you meant https://None?
2025-09-03 17:30:06,745 - agents.rapid7_collector - GLPI-VCSI - ERROR - Erreur de requête HTTP pour le serveur vicprdsc12trt09: Invalid URL 'None': No scheme supplied. Perhaps you meant https://None?
2025-09-03 17:30:06,713 - agents.rapid7_collector - GLPI-VCSI - ERROR - Erreur de requête HTTP pour le serveur SRVHLDBCKSQL01: Invalid URL 'None': No scheme supplied. Perhaps you meant https://None?
2025-09-03 17:30:06,722 - agents.rapid7_collector - GLPI-VCSI - ERROR - Erreur de requête HTTP pour le serveur VCFPRDBPRMBOT02: Invalid URL 'None': No scheme supplied. Perhaps you meant https://None?
2025-09-03 17:30:06,722 - agents.rapid7_collector - GLPI-VCSI - ERROR - Erreur de requête HTTP pour le serveur vicdevsc12app04: Invalid URL 'None': No scheme supplied. Perhaps you meant https://None?
2025-09-03 17:30:06,751 - agents.rapid7_collector - GLPI-VCSI - ERROR - Erreur de requête HTTP pour le serveur VCFPRDANRHEN01: Invalid URL 'None': No scheme supplied. Perhaps you meant https://None?
2025-09-03 17:30:06,753 - agents.rapid7_collector - GLPI-VCSI - ERROR - Erreur de requête HTTP pour le serveur victstatykmdb01: Invalid URL 'None': No scheme supplied. Perhaps you meant https://None?
2025-09-03 17:30:06,754 - agents.rapid7_collector - GLPI-VCSI - ERROR - Erreur de requête HTTP pour le serveur VCFPANCLUS01N01: Invalid URL 'None': No scheme supplied. Perhaps you meant https://None?
2025-09-03 17:30:06,755 - agents.rapid7_collector - GLPI-VCSI - ERROR - Erreur de requête HTTP pour le serveur vicprdhermfbe06: Invalid URL 'None': No scheme supplied. Perhaps you meant https://None?
2025-09-03 17:30:06,755 - agents.rapid7_collector - GLPI-VCSI - ERROR - Erreur de requête HTTP pour le serveur GLRESITSV002: Invalid URL 'None': No scheme supplied. Perhaps you meant https://None?
2025-09-03 17:30:06,756 - agents.rapid7_collector - GLPI-VCSI - ERROR - Erreur de requête HTTP pour le serveur VCFPCLUS06N1: Invalid URL 'None': No scheme supplied. Perhaps you meant https://None?
2025-09-03 17:30:06,756 - agents.rapid7_collector - GLPI-VCSI - ERROR - Erreur de requête HTTP pour le serveur VINPRDVEEAAPP02: Invalid URL 'None': No scheme supplied. Perhaps you meant https://None?
2025-09-03 17:30:06,757 - agents.rapid7_collector - GLPI-VCSI - ERROR - Erreur de requête HTTP pour le serveur VCFPRDDTRS11: Invalid URL 'None': No scheme supplied. Perhaps you meant https://None?
2025-09-03 17:30:06,757 - agents.rapid7_collector - GLPI-VCSI - ERROR - Erreur de requête HTTP pour le serveur vicpocetonfbe01: Invalid URL 'None': No scheme supplied. Perhaps you meant https://None?
2025-09-03 17:30:06,758 - agents.rapid7_collector - GLPI-VCSI - ERROR - Erreur de requête HTTP pour le serveur vicpocaarcfbe01: Invalid URL 'None': No scheme supplied. Perhaps you meant https://None?
2025-09-03 17:30:06,758 - agents.rapid7_collector - GLPI-VCSI - ERROR - Erreur de requête HTTP pour le serveur VCFPRDGESQL01: Invalid URL 'None': No scheme supplied. Perhaps you meant https://None?
2025-09-03 17:30:06,759 - agents.rapid7_collector - GLPI-VCSI - ERROR - Erreur de requête HTTP pour le serveur vicppdmsqlapp02: Invalid URL 'None': No scheme supplied. Perhaps you meant https://None?
2025-09-03 17:30:06,765 - agents.rapid7_collector - GLPI-VCSI - ERROR - Erreur de requête HTTP pour le serveur vicpocaarcfbe03: Invalid URL 'None': No scheme supplied. Perhaps you meant https://None?
2025-09-03 17:30:06,766 - agents.rapid7_collector - GLPI-VCSI - ERROR - Erreur de requête HTTP pour le serveur vicdevedyrapp01: Invalid URL 'None': No scheme supplied. Perhaps you meant https://None?
2025-09-03 17:30:06,766 - agents.rapid7_collector - GLPI-VCSI - ERROR - Erreur de requête HTTP pour le serveur vicppdtoscapp02: Invalid URL 'None': No scheme supplied. Perhaps you meant https://None?
2025-09-03 17:30:06,767 - agents.rapid7_collector - GLPI-VCSI - ERROR - Erreur de requête HTTP pour le serveur vicprdadmnadm01: Invalid URL 'None': No scheme supplied. Perhaps you meant https://None?
2025-09-03 17:30:06,767 - agents.rapid7_collector - GLPI-VCSI - ERROR - Erreur de requête HTTP pour le serveur vicdevinfaapp02: Invalid URL 'None': No scheme supplied. Perhaps you meant https://None?
2025-09-03 17:30:06,768 - agents.rapid7_collector - GLPI-VCSI - ERROR - Erreur de requête HTTP pour le serveur vicdevinfaapp01: Invalid URL 'None': No scheme supplied. Perhaps you meant https://None?
2025-09-03 17:30:06,768 - agents.rapid7_collector - GLPI-VCSI - ERROR - Erreur de requête HTTP pour le serveur vicprddocwfbe06: Invalid URL 'None': No scheme supplied. Perhaps you meant https://None?
2025-09-03 17:30:06,769 - agents.rapid7_collector - GLPI-VCSI - ERROR - Erreur de requête HTTP pour le serveur vicppdinfaapp01: Invalid URL 'None': No scheme supplied. Perhaps you meant https://None?
2025-09-03 17:30:06,769 - agents.rapid7_collector - GLPI-VCSI - ERROR - Erreur de requête HTTP pour le serveur vicprdr7ivdwh01: Invalid URL 'None': No scheme supplied. Perhaps you meant https://None?
2025-09-03 17:30:06,706 - agents.rapid7_collector - GLPI-VCSI - ERROR - Erreur de requête HTTP pour le serveur vicprdnetwgtw14: Invalid URL 'None': No scheme supplied. Perhaps you meant https://None?
2025-09-03 17:30:06,720 - agents.rapid7_collector - GLPI-VCSI - ERROR - Erreur de requête HTTP pour le serveur VCFHOMVDOCFS11: Invalid URL 'None': No scheme supplied. Perhaps you meant https://None?
2025-09-03 17:30:06,770 - agents.rapid7_collector - GLPI-VCSI - ERROR - Erreur de requête HTTP pour le serveur vicppdinfaapp02: Invalid URL 'None': No scheme supplied. Perhaps you meant https://None?
2025-09-03 17:30:06,714 - agents.rapid7_collector - GLPI-VCSI - ERROR - Erreur de requête HTTP pour le serveur VCFPANCLUS01N02: Invalid URL 'None': No scheme supplied. Perhaps you meant https://None?
2025-09-03 17:30:06,771 - agents.rapid7_collector - GLPI-VCSI - ERROR - Erreur de requête HTTP pour le serveur vicuatinfaapp01: Invalid URL 'None': No scheme supplied. Perhaps you meant https://None?
2025-09-03 17:30:06,771 - agents.rapid7_collector - GLPI-VCSI - ERROR - Erreur de requête HTTP pour le serveur VCFPRDRP7SCA02: Invalid URL 'None': No scheme supplied. Perhaps you meant https://None?
2025-09-03 17:30:06,714 - agents.rapid7_collector - GLPI-VCSI - ERROR - Erreur de requête HTTP pour le serveur vicprdmhanfbe01: Invalid URL 'None': No scheme supplied. Perhaps you meant https://None?
2025-09-03 17:30:06,772 - agents.rapid7_collector - GLPI-VCSI - ERROR - Erreur de requête HTTP pour le serveur vicuatinfaapp02: Invalid URL 'None': No scheme supplied. Perhaps you meant https://None?
2025-09-03 17:30:06,772 - agents.rapid7_collector - GLPI-VCSI - ERROR - Erreur de requête HTTP pour le serveur vicpocinfrfbe02: Invalid URL 'None': No scheme supplied. Perhaps you meant https://None?
2025-09-03 17:30:06,772 - agents.rapid7_collector - GLPI-VCSI - ERROR - Erreur de requête HTTP pour le serveur vicprdinfaapp01: Invalid URL 'None': No scheme supplied. Perhaps you meant https://None?
2025-09-03 17:30:06,773 - agents.rapid7_collector - GLPI-VCSI - ERROR - Erreur de requête HTTP pour le serveur vicppdmultadm02: Invalid URL 'None': No scheme supplied. Perhaps you meant https://None?
2025-09-03 17:30:06,773 - agents.rapid7_collector - GLPI-VCSI - ERROR - Erreur de requête HTTP pour le serveur vicrecsc12app02: Invalid URL 'None': No scheme supplied. Perhaps you meant https://None?
2025-09-03 17:30:06,774 - agents.rapid7_collector - GLPI-VCSI - ERROR - Erreur de requête HTTP pour le serveur vicpocatykgtw01: Invalid URL 'None': No scheme supplied. Perhaps you meant https://None?
2025-09-03 17:30:06,774 - agents.rapid7_collector - GLPI-VCSI - ERROR - Erreur de requête HTTP pour le serveur vicprdhermfbe07: Invalid URL 'None': No scheme supplied. Perhaps you meant https://None?
2025-09-03 17:30:06,775 - agents.rapid7_collector - GLPI-VCSI - ERROR - Erreur de requête HTTP pour le serveur vicprdansbadm01: Invalid URL 'None': No scheme supplied. Perhaps you meant https://None?
2025-09-03 17:30:06,785 - agents.rapid7_collector - GLPI-VCSI - ERROR - Erreur de requête HTTP pour le serveur vicprddmatfbe22: Invalid URL 'None': No scheme supplied. Perhaps you meant https://None?
2025-09-03 17:30:06,787 - agents.rapid7_collector - GLPI-VCSI - ERROR - Erreur de requête HTTP pour le serveur vicprddmatfbe23: Invalid URL 'None': No scheme supplied. Perhaps you meant https://None?
2025-09-03 17:30:06,794 - agents.rapid7_collector - GLPI-VCSI - ERROR - Erreur de requête HTTP pour le serveur vicdevxsoardg01: Invalid URL 'None': No scheme supplied. Perhaps you meant https://None?
2025-09-03 17:30:06,787 - agents.rapid7_collector - GLPI-VCSI - ERROR - Erreur de requête HTTP pour le serveur vm-nc0-42: Invalid URL 'None': No scheme supplied. Perhaps you meant https://None?
2025-09-03 17:30:06,787 - agents.rapid7_collector - GLPI-VCSI - ERROR - Erreur de requête HTTP pour le serveur vicprdnsxwen02: Invalid URL 'None': No scheme supplied. Perhaps you meant https://None?
2025-09-03 17:30:06,785 - agents.rapid7_collector - GLPI-VCSI - ERROR - Erreur de requête HTTP pour le serveur vicdevxsoardg02: Invalid URL 'None': No scheme supplied. Perhaps you meant https://None?
2025-09-03 17:30:06,785 - agents.rapid7_collector - GLPI-VCSI - ERROR - Erreur de requête HTTP pour le serveur SRVSUDSTIKDMZ: Invalid URL 'None': No scheme supplied. Perhaps you meant https://None?
2025-09-03 17:30:06,797 - agents.rapid7_collector - GLPI-VCSI - ERROR - Erreur de requête HTTP pour le serveur vicprdinfrtrt03: Invalid URL 'None': No scheme supplied. Perhaps you meant https://None?
2025-09-03 17:30:06,770 - agents.rapid7_collector - GLPI-VCSI - ERROR - Erreur de requête HTTP pour le serveur vicprdinfaapp02: Invalid URL 'None': No scheme supplied. Perhaps you meant https://None?
2025-09-03 17:30:06,778 - agents.rapid7_collector - GLPI-VCSI - ERROR - Erreur de requête HTTP pour le serveur VCFPRDDATAGW01: Invalid URL 'None': No scheme supplied. Perhaps you meant https://None?
2025-09-03 17:30:06,721 - agents.rapid7_collector - GLPI-VCSI - ERROR - Erreur de requête HTTP pour le serveur vicdevsc12app05: Invalid URL 'None': No scheme supplied. Perhaps you meant https://None?
2025-09-03 17:30:06,799 - agents.rapid7_collector - GLPI-VCSI - ERROR - Erreur de requête HTTP pour le serveur VCFPRDSVCPILOT: Invalid URL 'None': No scheme supplied. Perhaps you meant https://None?
2025-09-03 17:30:06,778 - agents.rapid7_collector - GLPI-VCSI - ERROR - Erreur de requête HTTP pour le serveur vicprdxsoardg01: Invalid URL 'None': No scheme supplied. Perhaps you meant https://None?
2025-09-03 17:30:06,781 - agents.rapid7_collector - GLPI-VCSI - ERROR - Erreur de requête HTTP pour le serveur VCFHOMDATAGW01: Invalid URL 'None': No scheme supplied. Perhaps you meant https://None?
2025-09-03 17:30:06,782 - agents.rapid7_collector - GLPI-VCSI - ERROR - Erreur de requête HTTP pour le serveur vicprdinfrtrt02: Invalid URL 'None': No scheme supplied. Perhaps you meant https://None?
2025-09-03 17:30:06,782 - agents.rapid7_collector - GLPI-VCSI - ERROR - Erreur de requête HTTP pour le serveur vicprdxsoardg02: Invalid URL 'None': No scheme supplied. Perhaps you meant https://None?
2025-09-03 17:30:06,783 - agents.rapid7_collector - GLPI-VCSI - ERROR - Erreur de requête HTTP pour le serveur vicprdnsxwen04: Invalid URL 'None': No scheme supplied. Perhaps you meant https://None?
2025-09-03 17:30:06,784 - agents.rapid7_collector - GLPI-VCSI - ERROR - Erreur de requête HTTP pour le serveur vicprdnsxwen01: Invalid URL 'None': No scheme supplied. Perhaps you meant https://None?
2025-09-03 17:30:06,786 - agents.rapid7_collector - GLPI-VCSI - ERROR - Erreur de requête HTTP pour le serveur vicprdnsxwen03: Invalid URL 'None': No scheme supplied. Perhaps you meant https://None?
2025-09-03 17:30:06,798 - agents.rapid7_collector - GLPI-VCSI - ERROR - Erreur de requête HTTP pour le serveur VCFDEVDATAGW01: Invalid URL 'None': No scheme supplied. Perhaps you meant https://None?
2025-09-03 17:30:06,716 - agents.rapid7_collector - GLPI-VCSI - ERROR - Erreur de requête HTTP pour le serveur VCFPRDKIWIAPP01: Invalid URL 'None': No scheme supplied. Perhaps you meant https://None?
2025-09-03 17:30:06,715 - agents.rapid7_collector - GLPI-VCSI - ERROR - Erreur de requête HTTP pour le serveur VCFPCLUS02N1: Invalid URL 'None': No scheme supplied. Perhaps you meant https://None?
2025-09-03 17:30:06,716 - agents.rapid7_collector - GLPI-VCSI - ERROR - Erreur de requête HTTP pour le serveur VCFPCLUS01N1: Invalid URL 'None': No scheme supplied. Perhaps you meant https://None?
2025-09-03 17:30:06,803 - agents.rapid7_collector - GLPI-VCSI - ERROR - Erreur de requête HTTP pour le serveur vm-nc0-15: Invalid URL 'None': No scheme supplied. Perhaps you meant https://None?
2025-09-03 17:30:06,717 - agents.rapid7_collector - GLPI-VCSI - ERROR - Erreur de requête HTTP pour le serveur VCFPCLUS07N2: Invalid URL 'None': No scheme supplied. Perhaps you meant https://None?
2025-09-03 17:30:06,719 - agents.rapid7_collector - GLPI-VCSI - ERROR - Erreur de requête HTTP pour le serveur VCFPRDVDOCFS11: Invalid URL 'None': No scheme supplied. Perhaps you meant https://None?
2025-09-03 17:30:06,798 - agents.rapid7_collector - GLPI-VCSI - ERROR - Erreur de requête HTTP pour le serveur SOFPRDSOFADM001: Invalid URL 'None': No scheme supplied. Perhaps you meant https://None?
2025-09-03 17:30:06,714 - agents.rapid7_collector - GLPI-VCSI - ERROR - Erreur de requête HTTP pour le serveur VCFPRDADMISQl01: Invalid URL 'None': No scheme supplied. Perhaps you meant https://None?
2025-09-03 17:30:06,778 - agents.rapid7_collector - GLPI-VCSI - ERROR - Erreur de requête HTTP pour le serveur vicppdinfrfbe01: Invalid URL 'None': No scheme supplied. Perhaps you meant https://None?
2025-09-03 17:30:06,799 - agents.rapid7_collector - GLPI-VCSI - ERROR - Erreur de requête HTTP pour le serveur vm-nc0-14: Invalid URL 'None': No scheme supplied. Perhaps you meant https://None?
2025-09-03 17:30:06,779 - agents.rapid7_collector - GLPI-VCSI - ERROR - Erreur de requête HTTP pour le serveur vicprdadmtfbe02: Invalid URL 'None': No scheme supplied. Perhaps you meant https://None?
2025-09-03 17:30:06,800 - agents.rapid7_collector - GLPI-VCSI - ERROR - Erreur de requête HTTP pour le serveur vicprdinfrtrt04: Invalid URL 'None': No scheme supplied. Perhaps you meant https://None?
2025-09-03 17:30:06,801 - agents.rapid7_collector - GLPI-VCSI - ERROR - Erreur de requête HTTP pour le serveur vicprdmsbiapp01: Invalid URL 'None': No scheme supplied. Perhaps you meant https://None?
2025-09-03 17:30:06,801 - agents.rapid7_collector - GLPI-VCSI - ERROR - Erreur de requête HTTP pour le serveur vicprdldomfbe09: Invalid URL 'None': No scheme supplied. Perhaps you meant https://None?
2025-09-03 17:30:06,802 - agents.rapid7_collector - GLPI-VCSI - ERROR - Erreur de requête HTTP pour le serveur vicprdexchfbe06: Invalid URL 'None': No scheme supplied. Perhaps you meant https://None?
2025-09-03 17:30:06,803 - agents.rapid7_collector - GLPI-VCSI - ERROR - Erreur de requête HTTP pour le serveur vicprdexchfbe05: Invalid URL 'None': No scheme supplied. Perhaps you meant https://None?
2025-09-03 17:30:06,804 - agents.rapid7_collector - GLPI-VCSI - ERROR - Erreur de requête HTTP pour le serveur victstadmnadm12: Invalid URL 'None': No scheme supplied. Perhaps you meant https://None?
2025-09-03 17:30:06,804 - agents.rapid7_collector - GLPI-VCSI - ERROR - Erreur de requête HTTP pour le serveur VICPOCCSPMNES01: Invalid URL 'None': No scheme supplied. Perhaps you meant https://None?
2025-09-03 17:30:06,817 - agents.rapid7_collector - GLPI-VCSI - ERROR - Erreur de requête HTTP pour le serveur vicrecatykdsh02: Invalid URL 'None': No scheme supplied. Perhaps you meant https://None?
2025-09-03 17:30:06,712 - agents.rapid7_collector - GLPI-VCSI - ERROR - Erreur de requête HTTP pour le serveur VCFREFRHYAPP01: Invalid URL 'None': No scheme supplied. Perhaps you meant https://None?
2025-09-03 17:30:06,805 - agents.rapid7_collector - GLPI-VCSI - ERROR - Erreur de requête HTTP pour le serveur victstadmnsql01: Invalid URL 'None': No scheme supplied. Perhaps you meant https://None?
2025-09-03 17:30:06,806 - agents.rapid7_collector - GLPI-VCSI - ERROR - Erreur de requête HTTP pour le serveur vicprdldomfbe10: Invalid URL 'None': No scheme supplied. Perhaps you meant https://None?
2025-09-03 17:30:06,807 - agents.rapid7_collector - GLPI-VCSI - ERROR - Erreur de requête HTTP pour le serveur vicprdhermfbe08: Invalid URL 'None': No scheme supplied. Perhaps you meant https://None?
2025-09-03 17:30:06,821 - agents.rapid7_collector - GLPI-VCSI - ERROR - Erreur de requête HTTP pour le serveur VGPPRDX4RND01: Invalid URL 'None': No scheme supplied. Perhaps you meant https://None?
2025-09-03 17:30:06,814 - agents.rapid7_collector - GLPI-VCSI - ERROR - Erreur de requête HTTP pour le serveur Surebckp-VirtualLab-SQL-PA4: Invalid URL 'None': No scheme supplied. Perhaps you meant https://None?
2025-09-03 17:30:06,805 - agents.rapid7_collector - GLPI-VCSI - ERROR - Erreur de requête HTTP pour le serveur vicppdsc12app02: Invalid URL 'None': No scheme supplied. Perhaps you meant https://None?
2025-09-03 17:30:06,808 - agents.rapid7_collector - GLPI-VCSI - ERROR - Erreur de requête HTTP pour le serveur vicreccntsapp01: Invalid URL 'None': No scheme supplied. Perhaps you meant https://None?
2025-09-03 17:30:06,807 - agents.rapid7_collector - GLPI-VCSI - ERROR - Erreur de requête HTTP pour le serveur vicreccntsfbe01: Invalid URL 'None': No scheme supplied. Perhaps you meant https://None?
2025-09-03 17:30:06,821 - agents.rapid7_collector - GLPI-VCSI - ERROR - Erreur de requête HTTP pour le serveur ENCPRDAPPADP01: Invalid URL 'None': No scheme supplied. Perhaps you meant https://None?
2025-09-03 17:30:06,811 - agents.rapid7_collector - GLPI-VCSI - ERROR - Erreur de requête HTTP pour le serveur SOFDMZSOFAPP001: Invalid URL 'None': No scheme supplied. Perhaps you meant https://None?
2025-09-03 17:30:06,811 - agents.rapid7_collector - GLPI-VCSI - ERROR - Erreur de requête HTTP pour le serveur vicprdinfanfs01: Invalid URL 'None': No scheme supplied. Perhaps you meant https://None?
2025-09-03 17:30:06,812 - agents.rapid7_collector - GLPI-VCSI - ERROR - Erreur de requête HTTP pour le serveur vicrecatykgtw01: Invalid URL 'None': No scheme supplied. Perhaps you meant https://None?
2025-09-03 17:30:06,813 - agents.rapid7_collector - GLPI-VCSI - ERROR - Erreur de requête HTTP pour le serveur vicppdinfanfs01: Invalid URL 'None': No scheme supplied. Perhaps you meant https://None?
2025-09-03 17:30:06,813 - agents.rapid7_collector - GLPI-VCSI - ERROR - Erreur de requête HTTP pour le serveur TMANEOS03: Invalid URL 'None': No scheme supplied. Perhaps you meant https://None?
2025-09-03 17:30:06,814 - agents.rapid7_collector - GLPI-VCSI - ERROR - Erreur de requête HTTP pour le serveur VCFPDTCLUS02N1: Invalid URL 'None': No scheme supplied. Perhaps you meant https://None?
2025-09-03 17:30:06,814 - agents.rapid7_collector - GLPI-VCSI - ERROR - Erreur de requête HTTP pour le serveur VCFPDTCLUS02N2: Invalid URL 'None': No scheme supplied. Perhaps you meant https://None?
2025-09-03 17:30:06,807 - agents.rapid7_collector - GLPI-VCSI - ERROR - Erreur de requête HTTP pour le serveur SOFPRDSOFAPP003: Invalid URL 'None': No scheme supplied. Perhaps you meant https://None?
2025-09-03 17:30:06,815 - agents.rapid7_collector - GLPI-VCSI - ERROR - Erreur de requête HTTP pour le serveur vicprdsumafbe02: Invalid URL 'None': No scheme supplied. Perhaps you meant https://None?
2025-09-03 17:30:06,816 - agents.rapid7_collector - GLPI-VCSI - ERROR - Erreur de requête HTTP pour le serveur vicrecatyksql01: Invalid URL 'None': No scheme supplied. Perhaps you meant https://None?
2025-09-03 17:30:06,831 - agents.rapid7_collector - GLPI-VCSI - ERROR - Erreur de requête HTTP pour le serveur TPFPRDADM02: Invalid URL 'None': No scheme supplied. Perhaps you meant https://None?
2025-09-03 17:30:06,817 - agents.rapid7_collector - GLPI-VCSI - ERROR - Erreur de requête HTTP pour le serveur VGPPRDX4DBS01: Invalid URL 'None': No scheme supplied. Perhaps you meant https://None?
2025-09-03 17:30:06,808 - agents.rapid7_collector - GLPI-VCSI - ERROR - Erreur de requête HTTP pour le serveur vicrechermfbe05: Invalid URL 'None': No scheme supplied. Perhaps you meant https://None?
2025-09-03 17:30:06,818 - agents.rapid7_collector - GLPI-VCSI - ERROR - Erreur de requête HTTP pour le serveur Surebckp-VirtualLab-SQL-PA3: Invalid URL 'None': No scheme supplied. Perhaps you meant https://None?
2025-09-03 17:30:06,819 - agents.rapid7_collector - GLPI-VCSI - ERROR - Erreur de requête HTTP pour le serveur ENCPRDS3DSQL02: Invalid URL 'None': No scheme supplied. Perhaps you meant https://None?
2025-09-03 17:30:06,819 - agents.rapid7_collector - GLPI-VCSI - ERROR - Erreur de requête HTTP pour le serveur ENCPRDSPIESQL01: Invalid URL 'None': No scheme supplied. Perhaps you meant https://None?
2025-09-03 17:30:06,820 - agents.rapid7_collector - GLPI-VCSI - ERROR - Erreur de requête HTTP pour le serveur Surebckp-VirtualLab-WIN-PA4: Invalid URL 'None': No scheme supplied. Perhaps you meant https://None?
2025-09-03 17:30:06,810 - agents.rapid7_collector - GLPI-VCSI - ERROR - Erreur de requête HTTP pour le serveur victstadmnsql02: Invalid URL 'None': No scheme supplied. Perhaps you meant https://None?
2025-09-03 17:30:06,811 - agents.rapid7_collector - GLPI-VCSI - ERROR - Erreur de requête HTTP pour le serveur VGIPRDSAGE01: Invalid URL 'None': No scheme supplied. Perhaps you meant https://None?
2025-09-03 17:30:06,822 - agents.rapid7_collector - GLPI-VCSI - ERROR - Erreur de requête HTTP pour le serveur ENCPRDADDSADM02: Invalid URL 'None': No scheme supplied. Perhaps you meant https://None?
2025-09-03 17:30:06,824 - agents.rapid7_collector - GLPI-VCSI - ERROR - Erreur de requête HTTP pour le serveur VGPDEVX4APP01: Invalid URL 'None': No scheme supplied. Perhaps you meant https://None?
2025-09-03 17:30:06,825 - agents.rapid7_collector - GLPI-VCSI - ERROR - Erreur de requête HTTP pour le serveur ENCPRDS3DAPP02: Invalid URL 'None': No scheme supplied. Perhaps you meant https://None?
2025-09-03 17:30:06,825 - agents.rapid7_collector - GLPI-VCSI - ERROR - Erreur de requête HTTP pour le serveur GCNSV000001: Invalid URL 'None': No scheme supplied. Perhaps you meant https://None?
2025-09-03 17:30:06,826 - agents.rapid7_collector - GLPI-VCSI - ERROR - Erreur de requête HTTP pour le serveur ENCPRDAUTOLIC03: Invalid URL 'None': No scheme supplied. Perhaps you meant https://None?
2025-09-03 17:30:06,826 - agents.rapid7_collector - GLPI-VCSI - ERROR - Erreur de requête HTTP pour le serveur VGPPRDX4WEB01: Invalid URL 'None': No scheme supplied. Perhaps you meant https://None?
2025-09-03 17:30:06,827 - agents.rapid7_collector - GLPI-VCSI - ERROR - Erreur de requête HTTP pour le serveur ENCPRDAUTOLIC02: Invalid URL 'None': No scheme supplied. Perhaps you meant https://None?
2025-09-03 17:30:06,827 - agents.rapid7_collector - GLPI-VCSI - ERROR - Erreur de requête HTTP pour le serveur vicprdsumafbe01: Invalid URL 'None': No scheme supplied. Perhaps you meant https://None?
2025-09-03 17:30:06,829 - agents.rapid7_collector - GLPI-VCSI - ERROR - Erreur de requête HTTP pour le serveur VGPQALSERSYS01: Invalid URL 'None': No scheme supplied. Perhaps you meant https://None?
2025-09-03 17:30:06,831 - agents.rapid7_collector - GLPI-VCSI - ERROR - Erreur de requête HTTP pour le serveur Surebckp-VirtualLab-WIN-PA3: Invalid URL 'None': No scheme supplied. Perhaps you meant https://None?
2025-09-03 17:30:06,816 - agents.rapid7_collector - GLPI-VCSI - ERROR - Erreur de requête HTTP pour le serveur SOFPRDDSI99: Invalid URL 'None': No scheme supplied. Perhaps you meant https://None?
2025-09-03 17:30:06,831 - agents.rapid7_collector - GLPI-VCSI - ERROR - Erreur de requête HTTP pour le serveur Surebckp-VirtualLab-LIN-PA3: Invalid URL 'None': No scheme supplied. Perhaps you meant https://None?
2025-09-03 17:30:06,832 - agents.rapid7_collector - GLPI-VCSI - ERROR - Erreur de requête HTTP pour le serveur SRVSUDCH: Invalid URL 'None': No scheme supplied. Perhaps you meant https://None?
2025-09-03 17:30:06,832 - agents.rapid7_collector - GLPI-VCSI - ERROR - Erreur de requête HTTP pour le serveur TPFPRDAPP01: Invalid URL 'None': No scheme supplied. Perhaps you meant https://None?
2025-09-03 17:30:06,832 - agents.rapid7_collector - GLPI-VCSI - ERROR - Erreur de requête HTTP pour le serveur Surebckp-VirtualLab-LIN-PA4: Invalid URL 'None': No scheme supplied. Perhaps you meant https://None?
2025-09-03 17:30:06,832 - agents.rapid7_collector - GLPI-VCSI - ERROR - Erreur de requête HTTP pour le serveur ENCPRDAUTOLIC01: Invalid URL 'None': No scheme supplied. Perhaps you meant https://None?
2025-09-03 17:30:06,833 - agents.rapid7_collector - GLPI-VCSI - ERROR - Erreur de requête HTTP pour le serveur vicprdsc12app02: Invalid URL 'None': No scheme supplied. Perhaps you meant https://None?
2025-09-03 17:30:06,833 - agents.rapid7_collector - GLPI-VCSI - ERROR - Erreur de requête HTTP pour le serveur SRVSUDCHDR: Invalid URL 'None': No scheme supplied. Perhaps you meant https://None?
2025-09-03 17:30:06,834 - agents.rapid7_collector - GLPI-VCSI - ERROR - Erreur de requête HTTP pour le serveur vicppdatykgtw03: Invalid URL 'None': No scheme supplied. Perhaps you meant https://None?
2025-09-03 17:30:06,834 - agents.rapid7_collector - GLPI-VCSI - ERROR - Erreur de requête HTTP pour le serveur vicuatedyrapp01: Invalid URL 'None': No scheme supplied. Perhaps you meant https://None?
2025-09-03 17:30:06,835 - agents.rapid7_collector - GLPI-VCSI - ERROR - Erreur de requête HTTP pour le serveur victstedyrapp01: Invalid URL 'None': No scheme supplied. Perhaps you meant https://None?
2025-09-03 17:30:06,835 - agents.rapid7_collector - GLPI-VCSI - ERROR - Erreur de requête HTTP pour le serveur TPFPRDIIS01: Invalid URL 'None': No scheme supplied. Perhaps you meant https://None?
2025-09-03 17:30:06,836 - agents.rapid7_collector - GLPI-VCSI - ERROR - Erreur de requête HTTP pour le serveur SRVSUDW10: Invalid URL 'None': No scheme supplied. Perhaps you meant https://None?
2025-09-03 17:30:06,837 - agents.rapid7_collector - GLPI-VCSI - ERROR - Erreur de requête HTTP pour le serveur vicpocadmnnxs01: Invalid URL 'None': No scheme supplied. Perhaps you meant https://None?
2025-09-03 17:30:06,838 - agents.rapid7_collector - GLPI-VCSI - ERROR - Erreur de requête HTTP pour le serveur vicrecadmnnxs01: Invalid URL 'None': No scheme supplied. Perhaps you meant https://None?
2025-09-03 17:30:06,838 - agents.rapid7_collector - GLPI-VCSI - ERROR - Erreur de requête HTTP pour le serveur SRVSOLUMATIDF-2: Invalid URL 'None': No scheme supplied. Perhaps you meant https://None?
2025-09-03 17:30:06,839 - agents.rapid7_collector - GLPI-VCSI - ERROR - Erreur de requête HTTP pour le serveur VCFPRDBFSIMP01: Invalid URL 'None': No scheme supplied. Perhaps you meant https://None?
2025-09-03 17:30:06,840 - agents.rapid7_collector - GLPI-VCSI - ERROR - Erreur de requête HTTP pour le serveur VCFCBCEOSIRIS: Invalid URL 'None': No scheme supplied. Perhaps you meant https://None?
2025-09-03 17:30:06,840 - agents.rapid7_collector - GLPI-VCSI - ERROR - Erreur de requête HTTP pour le serveur VGPPRDX4APP01: Invalid URL 'None': No scheme supplied. Perhaps you meant https://None?
2025-09-03 17:30:06,840 - agents.rapid7_collector - GLPI-VCSI - ERROR - Erreur de requête HTTP pour le serveur SRVSUDINFRA: Invalid URL 'None': No scheme supplied. Perhaps you meant https://None?
2025-09-03 17:30:06,841 - agents.rapid7_collector - GLPI-VCSI - ERROR - Erreur de requête HTTP pour le serveur vicpocatykfbe04: Invalid URL 'None': No scheme supplied. Perhaps you meant https://None?
2025-09-03 17:30:06,842 - agents.rapid7_collector - GLPI-VCSI - ERROR - Erreur de requête HTTP pour le serveur vicppdatyksql04: Invalid URL 'None': No scheme supplied. Perhaps you meant https://None?
2025-09-03 17:30:06,842 - agents.rapid7_collector - GLPI-VCSI - ERROR - Erreur de requête HTTP pour le serveur vicppdatykgtw04: Invalid URL 'None': No scheme supplied. Perhaps you meant https://None?
2025-09-03 17:30:06,843 - agents.rapid7_collector - GLPI-VCSI - ERROR - Erreur de requête HTTP pour le serveur vicppdatykdsh02: Invalid URL 'None': No scheme supplied. Perhaps you meant https://None?
2025-09-03 17:30:06,849 - agents.rapid7_collector - GLPI-VCSI - ERROR - Erreur de requête HTTP pour le serveur vinprdvmwavdt01: Invalid URL 'None': No scheme supplied. Perhaps you meant https://None?
2025-09-03 17:30:06,844 - agents.rapid7_collector - GLPI-VCSI - ERROR - Erreur de requête HTTP pour le serveur SRVSUDIMP: Invalid URL 'None': No scheme supplied. Perhaps you meant https://None?
2025-09-03 17:30:06,844 - agents.rapid7_collector - GLPI-VCSI - ERROR - Erreur de requête HTTP pour le serveur vicpocaarcfbe04: Invalid URL 'None': No scheme supplied. Perhaps you meant https://None?
2025-09-03 17:30:06,845 - agents.rapid7_collector - GLPI-VCSI - ERROR - Erreur de requête HTTP pour le serveur vicppdatyksql05: Invalid URL 'None': No scheme supplied. Perhaps you meant https://None?
2025-09-03 17:30:06,845 - agents.rapid7_collector - GLPI-VCSI - ERROR - Erreur de requête HTTP pour le serveur vichomcntsapp01: Invalid URL 'None': No scheme supplied. Perhaps you meant https://None?
2025-09-03 17:30:06,845 - agents.rapid7_collector - GLPI-VCSI - ERROR - Erreur de requête HTTP pour le serveur vicpocadmnadm07: Invalid URL 'None': No scheme supplied. Perhaps you meant https://None?
2025-09-03 17:30:06,846 - agents.rapid7_collector - GLPI-VCSI - ERROR - Erreur de requête HTTP pour le serveur vicppdatyksql06: Invalid URL 'None': No scheme supplied. Perhaps you meant https://None?
2025-09-03 17:30:06,846 - agents.rapid7_collector - GLPI-VCSI - ERROR - Erreur de requête HTTP pour le serveur vichomcntssyr01: Invalid URL 'None': No scheme supplied. Perhaps you meant https://None?
2025-09-03 17:30:06,847 - agents.rapid7_collector - GLPI-VCSI - ERROR - Erreur de requête HTTP pour le serveur vichomcntsmdb01: Invalid URL 'None': No scheme supplied. Perhaps you meant https://None?
2025-09-03 17:30:06,847 - agents.rapid7_collector - GLPI-VCSI - ERROR - Erreur de requête HTTP pour le serveur vicpocaarcfbe05: Invalid URL 'None': No scheme supplied. Perhaps you meant https://None?
2025-09-03 17:30:06,848 - agents.rapid7_collector - GLPI-VCSI - ERROR - Erreur de requête HTTP pour le serveur vicpocadmnadm09: Invalid URL 'None': No scheme supplied. Perhaps you meant https://None?
2025-09-03 17:30:06,848 - agents.rapid7_collector - GLPI-VCSI - ERROR - Erreur de requête HTTP pour le serveur vicprdzscagtw01: Invalid URL 'None': No scheme supplied. Perhaps you meant https://None?
2025-09-03 17:30:06,848 - agents.rapid7_collector - GLPI-VCSI - ERROR - Erreur de requête HTTP pour le serveur vicprdadmnnxs01: Invalid URL 'None': No scheme supplied. Perhaps you meant https://None?
2025-09-03 17:30:06,854 - agents.rapid7_collector - GLPI-VCSI - ERROR - Erreur de requête HTTP pour le serveur VCFPRDVSTFAPP11: Invalid URL 'None': No scheme supplied. Perhaps you meant https://None?
2025-09-03 17:30:06,849 - agents.rapid7_collector - GLPI-VCSI - ERROR - Erreur de requête HTTP pour le serveur vicdevadmnadm01: Invalid URL 'None': No scheme supplied. Perhaps you meant https://None?
2025-09-03 17:30:06,850 - agents.rapid7_collector - GLPI-VCSI - ERROR - Erreur de requête HTTP pour le serveur vicppdtoscapp04: Invalid URL 'None': No scheme supplied. Perhaps you meant https://None?
2025-09-03 17:30:06,850 - agents.rapid7_collector - GLPI-VCSI - ERROR - Erreur de requête HTTP pour le serveur victstatykgtw02: Invalid URL 'None': No scheme supplied. Perhaps you meant https://None?
2025-09-03 17:30:06,858 - agents.rapid7_collector - GLPI-VCSI - ERROR - Erreur de requête HTTP pour le serveur VCFLEGMUTUADM01_65898fc3340c459987e55561c977bc22: Invalid URL 'None': No scheme supplied. Perhaps you meant https://None?
2025-09-03 17:30:06,851 - agents.rapid7_collector - GLPI-VCSI - ERROR - Erreur de requête HTTP pour le serveur victstatykdsh02: Invalid URL 'None': No scheme supplied. Perhaps you meant https://None?
2025-09-03 17:30:06,860 - agents.rapid7_collector - GLPI-VCSI - ERROR - Erreur de requête HTTP pour le serveur vicprdinfrtrt04_27211814a4484231a92ebe54562ce9f4: Invalid URL 'None': No scheme supplied. Perhaps you meant https://None?
2025-09-03 17:30:06,852 - agents.rapid7_collector - GLPI-VCSI - ERROR - Erreur de requête HTTP pour le serveur VCFPRDRP7SCA01: Invalid URL 'None': No scheme supplied. Perhaps you meant https://None?
2025-09-03 17:30:06,843 - agents.rapid7_collector - GLPI-VCSI - ERROR - Erreur de requête HTTP pour le serveur VCFDEVEASYMAT01: Invalid URL 'None': No scheme supplied. Perhaps you meant https://None?
2025-09-03 17:30:06,854 - agents.rapid7_collector - GLPI-VCSI - ERROR - Erreur de requête HTTP pour le serveur vicprdsc12edt01_restored: Invalid URL 'None': No scheme supplied. Perhaps you meant https://None?
2025-09-03 17:30:06,855 - agents.rapid7_collector - GLPI-VCSI - ERROR - Erreur de requête HTTP pour le serveur SF-TOMC01_314031bd6ba54405afbde823299ad8de: Invalid URL 'None': No scheme supplied. Perhaps you meant https://None?
2025-09-03 17:30:06,851 - agents.rapid7_collector - GLPI-VCSI - ERROR - Erreur de requête HTTP pour le serveur vicprdwecslog01: Invalid URL 'None': No scheme supplied. Perhaps you meant https://None?
2025-09-03 17:30:06,857 - agents.rapid7_collector - GLPI-VCSI - ERROR - Erreur de requête HTTP pour le serveur vicprdldomfbe11: Invalid URL 'None': No scheme supplied. Perhaps you meant https://None?
2025-09-03 17:30:06,857 - agents.rapid7_collector - GLPI-VCSI - ERROR - Erreur de requête HTTP pour le serveur vicdevadmnadm02: Invalid URL 'None': No scheme supplied. Perhaps you meant https://None?
2025-09-03 17:30:06,858 - agents.rapid7_collector - GLPI-VCSI - ERROR - Erreur de requête HTTP pour le serveur vicprddocwfbe04_0abb395c26f240ab898b2bf0f03360cd: Invalid URL 'None': No scheme supplied. Perhaps you meant https://None?
2025-09-03 17:30:06,856 - agents.rapid7_collector - GLPI-VCSI - ERROR - Erreur de requête HTTP pour le serveur vicprdexchfbe09: Invalid URL 'None': No scheme supplied. Perhaps you meant https://None?
2025-09-03 17:30:06,859 - agents.rapid7_collector - GLPI-VCSI - ERROR - Erreur de requête HTTP pour le serveur vicppdcertfbe02: Invalid URL 'None': No scheme supplied. Perhaps you meant https://None?
2025-09-03 17:30:06,859 - agents.rapid7_collector - GLPI-VCSI - ERROR - Erreur de requête HTTP pour le serveur vicprdsc12syr07_restored: Invalid URL 'None': No scheme supplied. Perhaps you meant https://None?
2025-09-03 17:30:06,852 - agents.rapid7_collector - GLPI-VCSI - ERROR - Erreur de requête HTTP pour le serveur victstatyksql02: Invalid URL 'None': No scheme supplied. Perhaps you meant https://None?
2025-09-03 17:30:06,861 - agents.rapid7_collector - GLPI-VCSI - ERROR - Erreur de requête HTTP pour le serveur SOFPRDMAGOTS02_b7b28758004f410282ef2f9e39e1380e: Invalid URL 'None': No scheme supplied. Perhaps you meant https://None?
2025-09-03 17:30:06,861 - agents.rapid7_collector - GLPI-VCSI - ERROR - Erreur de requête HTTP pour le serveur vicprddmatfbe21_fbb199017f0442bb9b526370df39fce4: Invalid URL 'None': No scheme supplied. Perhaps you meant https://None?
2025-09-03 17:30:06,862 - agents.rapid7_collector - GLPI-VCSI - ERROR - Erreur de requête HTTP pour le serveur vicprdsc12app02_restored: Invalid URL 'None': No scheme supplied. Perhaps you meant https://None?
2025-09-03 17:30:06,862 - agents.rapid7_collector - GLPI-VCSI - ERROR - Erreur de requête HTTP pour le serveur MORESTEL01_a3982dc58e0046ef991c4dee08c502ac: Invalid URL 'None': No scheme supplied. Perhaps you meant https://None?
2025-09-03 17:30:06,863 - agents.rapid7_collector - GLPI-VCSI - ERROR - Erreur de requête HTTP pour le serveur VCFPRDVSCMWEB03_ee424bfd6e0441b493f12a557a20eae1: Invalid URL 'None': No scheme supplied. Perhaps you meant https://None?
2025-09-03 17:30:06,863 - agents.rapid7_collector - GLPI-VCSI - ERROR - Erreur de requête HTTP pour le serveur vicprdwecstrt01_a8c654365798452cadb1022f6d66f17d: Invalid URL 'None': No scheme supplied. Perhaps you meant https://None?
2025-09-03 17:30:06,864 - agents.rapid7_collector - GLPI-VCSI - ERROR - Erreur de requête HTTP pour le serveur vicprdsc12adm01_restored: Invalid URL 'None': No scheme supplied. Perhaps you meant https://None?
2025-09-03 17:30:06,864 - agents.rapid7_collector - GLPI-VCSI - ERROR - Erreur de requête HTTP pour le serveur vicprdzscagtw02: Invalid URL 'None': No scheme supplied. Perhaps you meant https://None?
2025-09-03 17:30:06,865 - agents.rapid7_collector - GLPI-VCSI - ERROR - Erreur de requête HTTP pour le serveur VGPPRDASC01: Invalid URL 'None': No scheme supplied. Perhaps you meant https://None?
2025-09-03 17:30:06,865 - agents.rapid7_collector - GLPI-VCSI - ERROR - Erreur de requête HTTP pour le serveur SF-TOMC02_1dff4c8b69c54265a0465f459d568cbc: Invalid URL 'None': No scheme supplied. Perhaps you meant https://None?
2025-09-03 17:30:06,866 - agents.rapid7_collector - GLPI-VCSI - ERROR - Erreur de requête HTTP pour le serveur vicprdexchfbe10: Invalid URL 'None': No scheme supplied. Perhaps you meant https://None?
2025-09-03 17:30:06,866 - agents.rapid7_collector - GLPI-VCSI - ERROR - Erreur de requête HTTP pour le serveur VCFPRDADMISQl01_78711f30e98c49d0bb94e4ac88302815: Invalid URL 'None': No scheme supplied. Perhaps you meant https://None?
2025-09-03 17:30:06,867 - agents.rapid7_collector - GLPI-VCSI - ERROR - Erreur de requête HTTP pour le serveur VCFDEVMULTSQL52_8f9e4bf6bfee4c179e78171ae0c68fc5: Invalid URL 'None': No scheme supplied. Perhaps you meant https://None?
2025-09-03 17:30:06,867 - agents.rapid7_collector - GLPI-VCSI - ERROR - Erreur de requête HTTP pour le serveur VCFHSIADSQL16_48b013ecaf7e4d14a8759bbe9ef27c20: Invalid URL 'None': No scheme supplied. Perhaps you meant https://None?
2025-09-03 17:30:06,868 - agents.rapid7_collector - GLPI-VCSI - ERROR - Erreur de requête HTTP pour le serveur VCFHCLUS01N2_50baf0a2993846a6aa937b048c59d87a: Invalid URL 'None': No scheme supplied. Perhaps you meant https://None?
2025-09-03 17:30:06,869 - agents.rapid7_collector - GLPI-VCSI - ERROR - Erreur de requête HTTP pour le serveur vicprdsicofil01_restored: Invalid URL 'None': No scheme supplied. Perhaps you meant https://None?
2025-09-03 17:30:06,884 - agents.rapid7_collector - GLPI-VCSI - ERROR - Erreur de requête HTTP pour le serveur 55ad63b380a640e1b435330cd9d5406f: Invalid URL 'None': No scheme supplied. Perhaps you meant https://None?
2025-09-03 17:30:06,870 - agents.rapid7_collector - GLPI-VCSI - ERROR - Erreur de requête HTTP pour le serveur vicprdsc12mdb04_restored: Invalid URL 'None': No scheme supplied. Perhaps you meant https://None?
2025-09-03 17:30:06,886 - agents.rapid7_collector - GLPI-VCSI - ERROR - Erreur de requête HTTP pour le serveur ffae2948e9c6483f9c812e16db767bce: Invalid URL 'None': No scheme supplied. Perhaps you meant https://None?
2025-09-03 17:30:06,871 - agents.rapid7_collector - GLPI-VCSI - ERROR - Erreur de requête HTTP pour le serveur VCFPRDFILEARB01: Invalid URL 'None': No scheme supplied. Perhaps you meant https://None?
2025-09-03 17:30:06,871 - agents.rapid7_collector - GLPI-VCSI - ERROR - Erreur de requête HTTP pour le serveur vicprdsemafbe01: Invalid URL 'None': No scheme supplied. Perhaps you meant https://None?
2025-09-03 17:30:06,872 - agents.rapid7_collector - GLPI-VCSI - ERROR - Erreur de requête HTTP pour le serveur vicppdsemafbe01: Invalid URL 'None': No scheme supplied. Perhaps you meant https://None?
2025-09-03 17:30:06,872 - agents.rapid7_collector - GLPI-VCSI - ERROR - Erreur de requête HTTP pour le serveur vicuatsemafbe01: Invalid URL 'None': No scheme supplied. Perhaps you meant https://None?
2025-09-03 17:30:06,873 - agents.rapid7_collector - GLPI-VCSI - ERROR - Erreur de requête HTTP pour le serveur vicdevshvcfbe02: Invalid URL 'None': No scheme supplied. Perhaps you meant https://None?
2025-09-03 17:30:06,873 - agents.rapid7_collector - GLPI-VCSI - ERROR - Erreur de requête HTTP pour le serveur SRVSENG: Invalid URL 'None': No scheme supplied. Perhaps you meant https://None?
2025-09-03 17:30:06,874 - agents.rapid7_collector - GLPI-VCSI - ERROR - Erreur de requête HTTP pour le serveur victstadmnadm14: Invalid URL 'None': No scheme supplied. Perhaps you meant https://None?
2025-09-03 17:30:06,875 - agents.rapid7_collector - GLPI-VCSI - ERROR - Erreur de requête HTTP pour le serveur VCFPRDFTPDMZ01: Invalid URL 'None': No scheme supplied. Perhaps you meant https://None?
2025-09-03 17:30:06,875 - agents.rapid7_collector - GLPI-VCSI - ERROR - Erreur de requête HTTP pour le serveur VCFPRDLICTSL01: Invalid URL 'None': No scheme supplied. Perhaps you meant https://None?
2025-09-03 17:30:06,876 - agents.rapid7_collector - GLPI-VCSI - ERROR - Erreur de requête HTTP pour le serveur sofprdmpdmlt01: Invalid URL 'None': No scheme supplied. Perhaps you meant https://None?
2025-09-03 17:30:06,877 - agents.rapid7_collector - GLPI-VCSI - ERROR - Erreur de requête HTTP pour le serveur SRVSUDDRTO: Invalid URL 'None': No scheme supplied. Perhaps you meant https://None?
2025-09-03 17:30:06,877 - agents.rapid7_collector - GLPI-VCSI - ERROR - Erreur de requête HTTP pour le serveur VCFPRDINFRAPP07: Invalid URL 'None': No scheme supplied. Perhaps you meant https://None?
2025-09-03 17:30:06,878 - agents.rapid7_collector - GLPI-VCSI - ERROR - Erreur de requête HTTP pour le serveur VCFPRDBCKPNAS23: Invalid URL 'None': No scheme supplied. Perhaps you meant https://None?
2025-09-03 17:30:06,878 - agents.rapid7_collector - GLPI-VCSI - ERROR - Erreur de requête HTTP pour le serveur VCFPRDFILEAPP02: Invalid URL 'None': No scheme supplied. Perhaps you meant https://None?
2025-09-03 17:30:06,879 - agents.rapid7_collector - GLPI-VCSI - ERROR - Erreur de requête HTTP pour le serveur 5ab984e90e6f4008938abd1c8bee2385: Invalid URL 'None': No scheme supplied. Perhaps you meant https://None?
2025-09-03 17:30:06,880 - agents.rapid7_collector - GLPI-VCSI - ERROR - Erreur de requête HTTP pour le serveur ae234336024f45e99c9a641a7d8ae202: Invalid URL 'None': No scheme supplied. Perhaps you meant https://None?
2025-09-03 17:30:06,881 - agents.rapid7_collector - GLPI-VCSI - ERROR - Erreur de requête HTTP pour le serveur SOFPRDFFTSE01_d171529bcf504b52aebda5c4c24b2a5c: Invalid URL 'None': No scheme supplied. Perhaps you meant https://None?
2025-09-03 17:30:06,882 - agents.rapid7_collector - GLPI-VCSI - ERROR - Erreur de requête HTTP pour le serveur VCFPRDBCKPNAS22: Invalid URL 'None': No scheme supplied. Perhaps you meant https://None?
2025-09-03 17:30:06,882 - agents.rapid7_collector - GLPI-VCSI - ERROR - Erreur de requête HTTP pour le serveur 7a78931135be4eedb57b93e575780167: Invalid URL 'None': No scheme supplied. Perhaps you meant https://None?
2025-09-03 17:30:06,883 - agents.rapid7_collector - GLPI-VCSI - ERROR - Erreur de requête HTTP pour le serveur VCFDEVMULTSQL11_51376941b36f48099936d3e591d2c0d2: Invalid URL 'None': No scheme supplied. Perhaps you meant https://None?
2025-09-03 17:30:06,869 - agents.rapid7_collector - GLPI-VCSI - ERROR - Erreur de requête HTTP pour le serveur vicppdsccmsql01_a8810883245442daadd7c5b12b416231: Invalid URL 'None': No scheme supplied. Perhaps you meant https://None?
2025-09-03 17:30:06,885 - agents.rapid7_collector - GLPI-VCSI - ERROR - Erreur de requête HTTP pour le serveur 96960063ad3449b9891570d80d7a619d: Invalid URL 'None': No scheme supplied. Perhaps you meant https://None?
2025-09-03 17:30:06,870 - agents.rapid7_collector - GLPI-VCSI - ERROR - Erreur de requête HTTP pour le serveur vicprdzscagtw03: Invalid URL 'None': No scheme supplied. Perhaps you meant https://None?
2025-09-03 17:30:06,888 - agents.rapid7_collector - GLPI-VCSI - ERROR - Erreur de requête HTTP pour le serveur 51ed01bd29e14604b06c0cc65312c174: Invalid URL 'None': No scheme supplied. Perhaps you meant https://None?
2025-09-03 17:30:06,888 - agents.rapid7_collector - GLPI-VCSI - ERROR - Erreur de requête HTTP pour le serveur ed9efc4db7a7434abc2bdaddea6625ea: Invalid URL 'None': No scheme supplied. Perhaps you meant https://None?
2025-09-03 17:30:06,889 - agents.rapid7_collector - GLPI-VCSI - ERROR - Erreur de requête HTTP pour le serveur vicprdvrnicol01: Invalid URL 'None': No scheme supplied. Perhaps you meant https://None?
2025-09-03 17:30:06,890 - agents.rapid7_collector - GLPI-VCSI - ERROR - Erreur de requête HTTP pour le serveur vicprdvreaops23: Invalid URL 'None': No scheme supplied. Perhaps you meant https://None?
2025-09-03 17:30:06,891 - agents.rapid7_collector - GLPI-VCSI - ERROR - Erreur de requête HTTP pour le serveur vicprdvreawsa22: Invalid URL 'None': No scheme supplied. Perhaps you meant https://None?
2025-09-03 17:30:06,891 - agents.rapid7_collector - GLPI-VCSI - ERROR - Erreur de requête HTTP pour le serveur vicprdhpeiap01: Invalid URL 'None': No scheme supplied. Perhaps you meant https://None?
2025-09-03 17:30:06,892 - agents.rapid7_collector - GLPI-VCSI - ERROR - Erreur de requête HTTP pour le serveur vicprdhpeovgd01: Invalid URL 'None': No scheme supplied. Perhaps you meant https://None?
2025-09-03 17:30:06,893 - agents.rapid7_collector - GLPI-VCSI - ERROR - Erreur de requête HTTP pour le serveur vicprdvreavra21: Invalid URL 'None': No scheme supplied. Perhaps you meant https://None?
2025-09-03 17:30:06,894 - agents.rapid7_collector - GLPI-VCSI - ERROR - Erreur de requête HTTP pour le serveur 7005662174244286ba1e775c797bf3b8: Invalid URL 'None': No scheme supplied. Perhaps you meant https://None?
2025-09-03 17:30:06,894 - agents.rapid7_collector - GLPI-VCSI - ERROR - Erreur de requête HTTP pour le serveur vicprdvreavrlcm02: Invalid URL 'None': No scheme supplied. Perhaps you meant https://None?
2025-09-03 17:30:06,895 - agents.rapid7_collector - GLPI-VCSI - ERROR - Erreur de requête HTTP pour le serveur 7fbf04891a984fa48bb5c42068c89eca: Invalid URL 'None': No scheme supplied. Perhaps you meant https://None?
2025-09-03 17:30:06,895 - agents.rapid7_collector - GLPI-VCSI - ERROR - Erreur de requête HTTP pour le serveur c22a4a3f9c3846e88c8323b69afbf4b6: Invalid URL 'None': No scheme supplied. Perhaps you meant https://None?
2025-09-03 17:30:06,896 - agents.rapid7_collector - GLPI-VCSI - ERROR - Erreur de requête HTTP pour le serveur vicprdarubman01: Invalid URL 'None': No scheme supplied. Perhaps you meant https://None?
2025-09-03 17:30:06,896 - agents.rapid7_collector - GLPI-VCSI - ERROR - Erreur de requête HTTP pour le serveur vicprdvrnipla01: Invalid URL 'None': No scheme supplied. Perhaps you meant https://None?
2025-09-03 17:30:06,897 - agents.rapid7_collector - GLPI-VCSI - ERROR - Erreur de requête HTTP pour le serveur vicprdvreaops21: Invalid URL 'None': No scheme supplied. Perhaps you meant https://None?
2025-09-03 17:30:06,897 - agents.rapid7_collector - GLPI-VCSI - ERROR - Erreur de requête HTTP pour le serveur vicprdvreawsa21: Invalid URL 'None': No scheme supplied. Perhaps you meant https://None?
2025-09-03 17:30:06,898 - agents.rapid7_collector - GLPI-VCSI - ERROR - Erreur de requête HTTP pour le serveur vicprdvreaops22: Invalid URL 'None': No scheme supplied. Perhaps you meant https://None?
2025-09-03 17:30:06,898 - agents.rapid7_collector - GLPI-VCSI - ERROR - Erreur de requête HTTP pour le serveur 24e98b80146e4a51abd9fd341884161b: Invalid URL 'None': No scheme supplied. Perhaps you meant https://None?
2025-09-03 17:30:06,899 - agents.rapid7_collector - GLPI-VCSI - ERROR - Erreur de requête HTTP pour le serveur vicprdnsxmen01: Invalid URL 'None': No scheme supplied. Perhaps you meant https://None?
2025-09-03 17:30:06,899 - agents.rapid7_collector - GLPI-VCSI - ERROR - Erreur de requête HTTP pour le serveur 48ad248b5f21414783bbf2503bc2e520: Invalid URL 'None': No scheme supplied. Perhaps you meant https://None?
2025-09-03 17:30:06,900 - agents.rapid7_collector - GLPI-VCSI - ERROR - Erreur de requête HTTP pour le serveur vicprdvreawsa23: Invalid URL 'None': No scheme supplied. Perhaps you meant https://None?
2025-09-03 17:30:06,900 - agents.rapid7_collector - GLPI-VCSI - ERROR - Erreur de requête HTTP pour le serveur 555daeafc31c43cb89bc33eb730a5be0: Invalid URL 'None': No scheme supplied. Perhaps you meant https://None?
2025-09-03 17:30:06,901 - agents.rapid7_collector - GLPI-VCSI - ERROR - Erreur de requête HTTP pour le serveur vicprdhpeovvc01: Invalid URL 'None': No scheme supplied. Perhaps you meant https://None?
2025-09-03 17:30:06,901 - agents.rapid7_collector - GLPI-VCSI - ERROR - Erreur de requête HTTP pour le serveur vicprdvreavra23: Invalid URL 'None': No scheme supplied. Perhaps you meant https://None?
2025-09-03 17:30:06,902 - agents.rapid7_collector - GLPI-VCSI - ERROR - Erreur de requête HTTP pour le serveur 8306f3e2c0e3404283cdfe2cc52070f6: Invalid URL 'None': No scheme supplied. Perhaps you meant https://None?
2025-09-03 17:30:06,902 - agents.rapid7_collector - GLPI-VCSI - ERROR - Erreur de requête HTTP pour le serveur 8aa12b18168c4792bc73004cd0e0218c: Invalid URL 'None': No scheme supplied. Perhaps you meant https://None?
2025-09-03 17:30:06,903 - agents.rapid7_collector - GLPI-VCSI - ERROR - Erreur de requête HTTP pour le serveur vicprdpakresx02: Invalid URL 'None': No scheme supplied. Perhaps you meant https://None?
2025-09-03 17:30:06,903 - agents.rapid7_collector - GLPI-VCSI - ERROR - Erreur de requête HTTP pour le serveur fadb0caa606048269b143d96d4c30e22: Invalid URL 'None': No scheme supplied. Perhaps you meant https://None?
2025-09-03 17:30:06,904 - agents.rapid7_collector - GLPI-VCSI - ERROR - Erreur de requête HTTP pour le serveur vicprdvmwnsxw01c: Invalid URL 'None': No scheme supplied. Perhaps you meant https://None?
2025-09-03 17:30:06,904 - agents.rapid7_collector - GLPI-VCSI - ERROR - Erreur de requête HTTP pour le serveur vicprdvmwnsxw01a: Invalid URL 'None': No scheme supplied. Perhaps you meant https://None?
2025-09-03 17:30:06,905 - agents.rapid7_collector - GLPI-VCSI - ERROR - Erreur de requête HTTP pour le serveur vicprdvmwnsxw01b: Invalid URL 'None': No scheme supplied. Perhaps you meant https://None?
2025-09-03 17:30:06,905 - agents.rapid7_collector - GLPI-VCSI - ERROR - Erreur de requête HTTP pour le serveur vicprdveeaprx16: Invalid URL 'None': No scheme supplied. Perhaps you meant https://None?
2025-09-03 17:30:06,906 - agents.rapid7_collector - GLPI-VCSI - ERROR - Erreur de requête HTTP pour le serveur vicprdveeaprx15: Invalid URL 'None': No scheme supplied. Perhaps you meant https://None?
2025-09-03 17:30:06,907 - agents.rapid7_collector - GLPI-VCSI - ERROR - Erreur de requête HTTP pour le serveur vicprdveeaprx17: Invalid URL 'None': No scheme supplied. Perhaps you meant https://None?
2025-09-03 17:30:06,907 - agents.rapid7_collector - GLPI-VCSI - ERROR - Erreur de requête HTTP pour le serveur vicprdonvwfbe02: Invalid URL 'None': No scheme supplied. Perhaps you meant https://None?
2025-09-03 17:30:06,908 - agents.rapid7_collector - GLPI-VCSI - ERROR - Erreur de requête HTTP pour le serveur vicprdvmwavnfs01: Invalid URL 'None': No scheme supplied. Perhaps you meant https://None?
2025-09-03 17:30:06,908 - agents.rapid7_collector - GLPI-VCSI - ERROR - Erreur de requête HTTP pour le serveur vicprdveeaone05: Invalid URL 'None': No scheme supplied. Perhaps you meant https://None?
2025-09-03 17:30:06,916 - agents.rapid7_collector - GLPI-VCSI - ERROR - Erreur de requête HTTP pour le serveur vicprdvmwnsxm01c: Invalid URL 'None': No scheme supplied. Perhaps you meant https://None?
2025-09-03 17:30:06,909 - agents.rapid7_collector - GLPI-VCSI - ERROR - Erreur de requête HTTP pour le serveur vicprd3paradm01: Invalid URL 'None': No scheme supplied. Perhaps you meant https://None?
2025-09-03 17:30:06,909 - agents.rapid7_collector - GLPI-VCSI - ERROR - Erreur de requête HTTP pour le serveur vicprdveeabck05: Invalid URL 'None': No scheme supplied. Perhaps you meant https://None?
2025-09-03 17:30:06,910 - agents.rapid7_collector - GLPI-VCSI - ERROR - Erreur de requête HTTP pour le serveur vicprdvmwsddcmgr01: Invalid URL 'None': No scheme supplied. Perhaps you meant https://None?
2025-09-03 17:30:06,911 - agents.rapid7_collector - GLPI-VCSI - ERROR - Erreur de requête HTTP pour le serveur vicprdvreaops24: Invalid URL 'None': No scheme supplied. Perhaps you meant https://None?
2025-09-03 17:30:06,911 - agents.rapid7_collector - GLPI-VCSI - ERROR - Erreur de requête HTTP pour le serveur vicprdveeaflr05: Invalid URL 'None': No scheme supplied. Perhaps you meant https://None?
2025-09-03 17:30:06,912 - agents.rapid7_collector - GLPI-VCSI - ERROR - Erreur de requête HTTP pour le serveur vicprdvreaops25: Invalid URL 'None': No scheme supplied. Perhaps you meant https://None?
2025-09-03 17:30:06,912 - agents.rapid7_collector - GLPI-VCSI - ERROR - Erreur de requête HTTP pour le serveur vicprdnetwddi04: Invalid URL 'None': No scheme supplied. Perhaps you meant https://None?
2025-09-03 17:30:06,913 - agents.rapid7_collector - GLPI-VCSI - ERROR - Erreur de requête HTTP pour le serveur vicprdnetwddi02: Invalid URL 'None': No scheme supplied. Perhaps you meant https://None?
2025-09-03 17:30:06,913 - agents.rapid7_collector - GLPI-VCSI - ERROR - Erreur de requête HTTP pour le serveur vicprdchmkfbe01: Invalid URL 'None': No scheme supplied. Perhaps you meant https://None?
2025-09-03 17:30:06,914 - agents.rapid7_collector - GLPI-VCSI - ERROR - Erreur de requête HTTP pour le serveur vicprdvmwnsxm01a: Invalid URL 'None': No scheme supplied. Perhaps you meant https://None?
2025-09-03 17:30:06,909 - agents.rapid7_collector - GLPI-VCSI - ERROR - Erreur de requête HTTP pour le serveur vicprdonvwgdb01: Invalid URL 'None': No scheme supplied. Perhaps you meant https://None?
2025-09-03 17:30:06,917 - agents.rapid7_collector - GLPI-VCSI - ERROR - Erreur de requête HTTP pour le serveur vicprdvmwnsxm01b: Invalid URL 'None': No scheme supplied. Perhaps you meant https://None?
2025-09-03 17:30:06,918 - agents.rapid7_collector - GLPI-VCSI - ERROR - Erreur de requête HTTP pour le serveur vicprdchmkfbe02: Invalid URL 'None': No scheme supplied. Perhaps you meant https://None?
2025-09-03 17:30:06,919 - agents.rapid7_collector - GLPI-VCSI - ERROR - Erreur de requête HTTP pour le serveur vicpocnetlog01: Invalid URL 'None': No scheme supplied. Perhaps you meant https://None?
2025-09-03 17:30:06,919 - agents.rapid7_collector - GLPI-VCSI - ERROR - Erreur de requête HTTP pour le serveur vicprdveeafrt05: Invalid URL 'None': No scheme supplied. Perhaps you meant https://None?
2025-09-03 17:30:06,920 - agents.rapid7_collector - GLPI-VCSI - ERROR - Erreur de requête HTTP pour le serveur vicpocnetlog02: Invalid URL 'None': No scheme supplied. Perhaps you meant https://None?
2025-09-03 17:30:06,921 - agents.rapid7_collector - GLPI-VCSI - ERROR - Erreur de requête HTTP pour le serveur vicprdnsxmen02: Invalid URL 'None': No scheme supplied. Perhaps you meant https://None?
2025-09-03 17:30:06,921 - agents.rapid7_collector - GLPI-VCSI - ERROR - Erreur de requête HTTP pour le serveur vicprdvrealog23: Invalid URL 'None': No scheme supplied. Perhaps you meant https://None?
2025-09-03 17:30:06,922 - agents.rapid7_collector - GLPI-VCSI - ERROR - Erreur de requête HTTP pour le serveur vicprdvreavra22: Invalid URL 'None': No scheme supplied. Perhaps you meant https://None?
2025-09-03 17:30:06,922 - agents.rapid7_collector - GLPI-VCSI - ERROR - Erreur de requête HTTP pour le serveur vicprdveeaprx14: Invalid URL 'None': No scheme supplied. Perhaps you meant https://None?
2025-09-03 17:30:06,923 - agents.rapid7_collector - GLPI-VCSI - ERROR - Erreur de requête HTTP pour le serveur vicprdbrokfbe03: Invalid URL 'None': No scheme supplied. Perhaps you meant https://None?
2025-09-03 17:30:06,923 - agents.rapid7_collector - GLPI-VCSI - ERROR - Erreur de requête HTTP pour le serveur vicprdbrokfbe01: Invalid URL 'None': No scheme supplied. Perhaps you meant https://None?
2025-09-03 17:30:06,924 - agents.rapid7_collector - GLPI-VCSI - ERROR - Erreur de requête HTTP pour le serveur vicprdchmkfbe03: Invalid URL 'None': No scheme supplied. Perhaps you meant https://None?
2025-09-03 17:30:06,925 - agents.rapid7_collector - GLPI-VCSI - ERROR - Erreur de requête HTTP pour le serveur vicprdvmwavce02: Invalid URL 'None': No scheme supplied. Perhaps you meant https://None?
2025-09-03 17:30:06,925 - agents.rapid7_collector - GLPI-VCSI - ERROR - Erreur de requête HTTP pour le serveur vicprdvrealog21: Invalid URL 'None': No scheme supplied. Perhaps you meant https://None?
2025-09-03 17:30:06,925 - agents.rapid7_collector - GLPI-VCSI - ERROR - Erreur de requête HTTP pour le serveur vicprdvmwavce03: Invalid URL 'None': No scheme supplied. Perhaps you meant https://None?
2025-09-03 17:30:06,926 - agents.rapid7_collector - GLPI-VCSI - ERROR - Erreur de requête HTTP pour le serveur vicprdvrealog22: Invalid URL 'None': No scheme supplied. Perhaps you meant https://None?
2025-09-03 17:30:06,926 - agents.rapid7_collector - GLPI-VCSI - ERROR - Erreur de requête HTTP pour le serveur vicdevsmkping01: Invalid URL 'None': No scheme supplied. Perhaps you meant https://None?
2025-09-03 17:30:06,927 - agents.rapid7_collector - GLPI-VCSI - ERROR - Erreur de requête HTTP pour le serveur SOFPRDNUVSQL001_08d63272bb99447e8db3721d7141c4ee: Invalid URL 'None': No scheme supplied. Perhaps you meant https://None?
2025-09-03 17:30:06,941 - agents.rapid7_collector - GLPI-VCSI - ERROR - Erreur de requête HTTP pour le serveur vicprdsccmsql01_65d5032c5a7f443082a5cf47621c85e4: Invalid URL 'None': No scheme supplied. Perhaps you meant https://None?
2025-09-03 17:30:06,928 - agents.rapid7_collector - GLPI-VCSI - ERROR - Erreur de requête HTTP pour le serveur 0c68153c9a504bfb9b2450a94ec40e1e: Invalid URL 'None': No scheme supplied. Perhaps you meant https://None?
2025-09-03 17:30:06,928 - agents.rapid7_collector - GLPI-VCSI - ERROR - Erreur de requête HTTP pour le serveur 8fde371e77214743a96c413808bd5019: Invalid URL 'None': No scheme supplied. Perhaps you meant https://None?
2025-09-03 17:30:06,929 - agents.rapid7_collector - GLPI-VCSI - ERROR - Erreur de requête HTTP pour le serveur SOFFRPRDSQL05: Invalid URL 'None': No scheme supplied. Perhaps you meant https://None?
2025-09-03 17:30:06,930 - agents.rapid7_collector - GLPI-VCSI - ERROR - Erreur de requête HTTP pour le serveur 0af410fd451e45a585a6311d825acfb1: Invalid URL 'None': No scheme supplied. Perhaps you meant https://None?
2025-09-03 17:30:06,931 - agents.rapid7_collector - GLPI-VCSI - ERROR - Erreur de requête HTTP pour le serveur 2c18a2fb787244b2a2883b5449b3ccf0: Invalid URL 'None': No scheme supplied. Perhaps you meant https://None?
2025-09-03 17:30:06,931 - agents.rapid7_collector - GLPI-VCSI - ERROR - Erreur de requête HTTP pour le serveur 64a9ba0cec5c4a8692f85e599a31a95a: Invalid URL 'None': No scheme supplied. Perhaps you meant https://None?
2025-09-03 17:30:06,932 - agents.rapid7_collector - GLPI-VCSI - ERROR - Erreur de requête HTTP pour le serveur 1abc01ee6f29477384792d625f608553: Invalid URL 'None': No scheme supplied. Perhaps you meant https://None?
2025-09-03 17:30:06,932 - agents.rapid7_collector - GLPI-VCSI - ERROR - Erreur de requête HTTP pour le serveur c3e2062983a74427baecc75b48b4a998: Invalid URL 'None': No scheme supplied. Perhaps you meant https://None?
2025-09-03 17:30:06,933 - agents.rapid7_collector - GLPI-VCSI - ERROR - Erreur de requête HTTP pour le serveur 76affd46892240238382a2c26630ce28: Invalid URL 'None': No scheme supplied. Perhaps you meant https://None?
2025-09-03 17:30:06,934 - agents.rapid7_collector - GLPI-VCSI - ERROR - Erreur de requête HTTP pour le serveur 8abba4382fc442d39ee02813608ace21: Invalid URL 'None': No scheme supplied. Perhaps you meant https://None?
2025-09-03 17:30:06,934 - agents.rapid7_collector - GLPI-VCSI - ERROR - Erreur de requête HTTP pour le serveur aeae1adb77be4471bd71e656023900b3: Invalid URL 'None': No scheme supplied. Perhaps you meant https://None?
2025-09-03 17:30:06,935 - agents.rapid7_collector - GLPI-VCSI - ERROR - Erreur de requête HTTP pour le serveur c225ed7e9f7c4a6893b22a15be084c46: Invalid URL 'None': No scheme supplied. Perhaps you meant https://None?
2025-09-03 17:30:06,936 - agents.rapid7_collector - GLPI-VCSI - ERROR - Erreur de requête HTTP pour le serveur VICPRDFAZCAPP01_7c1c667646a2431ba3ee68ccd9367801: Invalid URL 'None': No scheme supplied. Perhaps you meant https://None?
2025-09-03 17:30:06,936 - agents.rapid7_collector - GLPI-VCSI - ERROR - Erreur de requête HTTP pour le serveur vicppdedapfbe01_8ae234a369824da2b5635b3962bdb538: Invalid URL 'None': No scheme supplied. Perhaps you meant https://None?
2025-09-03 17:30:06,937 - agents.rapid7_collector - GLPI-VCSI - ERROR - Erreur de requête HTTP pour le serveur vicprdcicdadm04: Invalid URL 'None': No scheme supplied. Perhaps you meant https://None?
2025-09-03 17:30:06,937 - agents.rapid7_collector - GLPI-VCSI - ERROR - Erreur de requête HTTP pour le serveur SOFPRDNUVSQL001_cf9a0684715d4e3e8dd6c699be8d5e1f: Invalid URL 'None': No scheme supplied. Perhaps you meant https://None?
2025-09-03 17:30:06,938 - agents.rapid7_collector - GLPI-VCSI - ERROR - Erreur de requête HTTP pour le serveur SOFPRDHEBETEC01_06bf5cd25f74499a981a758a6d59a1a6: Invalid URL 'None': No scheme supplied. Perhaps you meant https://None?
2025-09-03 17:30:06,939 - agents.rapid7_collector - GLPI-VCSI - ERROR - Erreur de requête HTTP pour le serveur VCFPCLUS07N1_ab3f4a50e4e4472f8c33a42b5b79c169: Invalid URL 'None': No scheme supplied. Perhaps you meant https://None?
2025-09-03 17:30:06,939 - agents.rapid7_collector - GLPI-VCSI - ERROR - Erreur de requête HTTP pour le serveur VCFPCLUS02N1_8c5051143bbc4360a13b2d639d50685d: Invalid URL 'None': No scheme supplied. Perhaps you meant https://None?
2025-09-03 17:30:06,940 - agents.rapid7_collector - GLPI-VCSI - ERROR - Erreur de requête HTTP pour le serveur ENCPRDPRIMSQL01_f93c0ddc6af84000bccf4b6740bd3e77: Invalid URL 'None': No scheme supplied. Perhaps you meant https://None?
2025-09-03 17:30:06,940 - agents.rapid7_collector - GLPI-VCSI - ERROR - Erreur de requête HTTP pour le serveur SOFPRDFRCDCA01_7a31f5fbc9b04ba1bf0ac824d6191c15: Invalid URL 'None': No scheme supplied. Perhaps you meant https://None?
2025-09-03 17:30:06,927 - agents.rapid7_collector - GLPI-VCSI - ERROR - Erreur de requête HTTP pour le serveur VCFPCLUS03N2_2221cee57b2d4992aa44e7c23eec3324: Invalid URL 'None': No scheme supplied. Perhaps you meant https://None?
2025-09-03 17:30:06,941 - agents.rapid7_collector - GLPI-VCSI - ERROR - Erreur de requête HTTP pour le serveur VCFPCLUS02N2_098ff7f52dee4e0aa8351c0543c44824: Invalid URL 'None': No scheme supplied. Perhaps you meant https://None?
2025-09-03 17:30:06,942 - agents.rapid7_collector - GLPI-VCSI - ERROR - Erreur de requête HTTP pour le serveur az-vbp-01: Invalid URL 'None': No scheme supplied. Perhaps you meant https://None?
2025-09-03 17:30:06,951 - agents.rapid7_collector - GLPI-VCSI - ERROR - Erreur de requête HTTP pour le serveur d6daae96e9f54c3d8761233d267652cd: Invalid URL 'None': No scheme supplied. Perhaps you meant https://None?
2025-09-03 17:30:06,946 - agents.rapid7_collector - GLPI-VCSI - ERROR - Erreur de requête HTTP pour le serveur DCBPPDAutomationWorker: Invalid URL 'None': No scheme supplied. Perhaps you meant https://None?
2025-09-03 17:30:06,948 - agents.rapid7_collector - GLPI-VCSI - ERROR - Erreur de requête HTTP pour le serveur 5bb999502750496bb933f1e210f8b931: Invalid URL 'None': No scheme supplied. Perhaps you meant https://None?
2025-09-03 17:30:06,949 - agents.rapid7_collector - GLPI-VCSI - ERROR - Erreur de requête HTTP pour le serveur c0de138770cc4ab1b6851af6eb397935: Invalid URL 'None': No scheme supplied. Perhaps you meant https://None?
2025-09-03 17:30:06,947 - agents.rapid7_collector - GLPI-VCSI - ERROR - Erreur de requête HTTP pour le serveur veeam-linux-helper-appliance-w0wrm: Invalid URL 'None': No scheme supplied. Perhaps you meant https://None?
2025-09-03 17:30:06,952 - agents.rapid7_collector - GLPI-VCSI - ERROR - Erreur de requête HTTP pour le serveur 69e914f286544fc183ffe6a3d86c9b4f: Invalid URL 'None': No scheme supplied. Perhaps you meant https://None?
2025-09-03 17:30:06,953 - agents.rapid7_collector - GLPI-VCSI - ERROR - Erreur de requête HTTP pour le serveur 788a2a7329b64adcb4565590277904e0: Invalid URL 'None': No scheme supplied. Perhaps you meant https://None?
2025-09-03 17:30:06,953 - agents.rapid7_collector - GLPI-VCSI - ERROR - Erreur de requête HTTP pour le serveur 98ecf61821bd4087b3cfaa2f7fad4c76: Invalid URL 'None': No scheme supplied. Perhaps you meant https://None?
2025-09-03 17:30:06,954 - agents.rapid7_collector - GLPI-VCSI - ERROR - Erreur de requête HTTP pour le serveur vwan-test-vm: Invalid URL 'None': No scheme supplied. Perhaps you meant https://None?
2025-09-03 17:30:06,954 - agents.rapid7_collector - GLPI-VCSI - ERROR - Erreur de requête HTTP pour le serveur 978a94a953fa407797be127582f2a425: Invalid URL 'None': No scheme supplied. Perhaps you meant https://None?
2025-09-03 17:30:06,955 - agents.rapid7_collector - GLPI-VCSI - ERROR - Erreur de requête HTTP pour le serveur baab43ffa43d423caad3745c9641cb8a: Invalid URL 'None': No scheme supplied. Perhaps you meant https://None?
2025-09-03 17:30:06,956 - agents.rapid7_collector - GLPI-VCSI - ERROR - Erreur de requête HTTP pour le serveur f5bea82910dd4abfb2d72cc6726cedfc: Invalid URL 'None': No scheme supplied. Perhaps you meant https://None?
2025-09-03 17:30:06,968 - agents.rapid7_collector - GLPI-VCSI - INFO - Collecte Rapid7 terminée. 0 serveurs traités avec succès.
2025-09-03 17:30:06,970 - agents.rapid7_collector - GLPI-VCSI - INFO - Aucune donnée brute à normaliser. Retourne une liste vide.
2025-09-03 17:30:06,971 - workers.server_agents_worker - WARNING - Aucune donnée à traiter pour la source : GLPI - GLPI-VCSI
2025-09-03 17:30:06,988 - agents.agent_manager - INFO - Données exportées avec succès vers exports\all_agents.json
2025-09-03 17:30:06,988 - agents.agent_manager - INFO - Phase de collecte terminée. Récupération des résultats...
2025-09-03 17:30:06,989 - main - INFO - Application terminée
