2025-09-03 16:00:26,044 - root - INFO - Configuration de logging chargée avec succès.
2025-09-03 16:00:26,044 - main - INFO - Application démarrée
2025-09-03 16:00:26,064 - GLPI - GLPI-VCSI - INFO - https://inventory.vinci-construction.net/apirest.php/, ihJH4Qnvr44Xtxnu3CC9linJliWQi9ZoPEqRHJqr, wxwhMRRQQM8o3WILWgRPjCN5hZDZAWKliZwM8D3H
2025-09-03 16:00:26,069 - agents.agent_manager - INFO - Démarrage de la collecte et du traitement en parallèle...
2025-09-03 16:00:26,071 - workers.server_agents_worker - INFO - Démarrage de la collecte et du traitement pour la source : CHECKMK - VIC-T1
2025-09-03 16:00:26,072 - workers.server_agents_worker - INFO - Démarrage de la collecte et du traitement pour la source : CHECKMK - VIC-T0
2025-09-03 16:00:26,073 - workers.server_agents_worker - INFO - Démarrage de la collecte et du traitement pour la source : CHECKMK - OXYA-T0
2025-09-03 16:00:26,075 - workers.server_agents_worker - INFO - Démarrage de la collecte et du traitement pour la source : GLPI - GLPI-VCSI
2025-09-03 16:00:26,321 - GLPI - GLPI-VCSI - INFO - <Response [200]>
2025-09-03 16:00:26,534 - CHECKMK - VIC-T0 - INFO - Normalisation terminée. 92 serveurs normalisés.
2025-09-03 16:00:26,535 - workers.server_agents_worker - INFO - Collecte terminée : 92 serveurs trouvés pour la source : CHECKMK - VIC-T0
2025-09-03 16:00:26,537 - workers.server_agents_worker - INFO - Données normalisées pour 'CHECKMK - VIC-T0' exportées avec succès vers exports\CHECKMK - VIC-T0.json
2025-09-03 16:00:26,572 - CHECKMK - OXYA-T0 - INFO - Normalisation terminée. 31 serveurs normalisés.
2025-09-03 16:00:26,572 - workers.server_agents_worker - INFO - Collecte terminée : 31 serveurs trouvés pour la source : CHECKMK - OXYA-T0
2025-09-03 16:00:26,575 - workers.server_agents_worker - INFO - Données normalisées pour 'CHECKMK - OXYA-T0' exportées avec succès vers exports\CHECKMK - OXYA-T0.json
2025-09-03 16:00:26,795 - GLPI - GLPI-VCSI - INFO - <Response [200]>
2025-09-03 16:00:26,803 - utils.data_normalizer - WARNING - Aucune stratégie de normalisation trouvée pour le type: glpi. Retourne les données brutes.
2025-09-03 16:00:26,803 - utils.data_normalizer - WARNING - Aucune stratégie de normalisation trouvée pour le type: glpi. Retourne les données brutes.
2025-09-03 16:00:26,804 - utils.data_normalizer - WARNING - Aucune stratégie de normalisation trouvée pour le type: glpi. Retourne les données brutes.
2025-09-03 16:00:26,804 - utils.data_normalizer - WARNING - Aucune stratégie de normalisation trouvée pour le type: glpi. Retourne les données brutes.
2025-09-03 16:00:26,805 - utils.data_normalizer - WARNING - Aucune stratégie de normalisation trouvée pour le type: glpi. Retourne les données brutes.
2025-09-03 16:00:26,807 - utils.data_normalizer - WARNING - Aucune stratégie de normalisation trouvée pour le type: glpi. Retourne les données brutes.
2025-09-03 16:00:26,807 - utils.data_normalizer - WARNING - Aucune stratégie de normalisation trouvée pour le type: glpi. Retourne les données brutes.
2025-09-03 16:00:26,808 - utils.data_normalizer - WARNING - Aucune stratégie de normalisation trouvée pour le type: glpi. Retourne les données brutes.
2025-09-03 16:00:26,808 - utils.data_normalizer - WARNING - Aucune stratégie de normalisation trouvée pour le type: glpi. Retourne les données brutes.
2025-09-03 16:00:26,808 - utils.data_normalizer - WARNING - Aucune stratégie de normalisation trouvée pour le type: glpi. Retourne les données brutes.
2025-09-03 16:00:26,809 - utils.data_normalizer - WARNING - Aucune stratégie de normalisation trouvée pour le type: glpi. Retourne les données brutes.
2025-09-03 16:00:26,809 - utils.data_normalizer - WARNING - Aucune stratégie de normalisation trouvée pour le type: glpi. Retourne les données brutes.
2025-09-03 16:00:26,810 - utils.data_normalizer - WARNING - Aucune stratégie de normalisation trouvée pour le type: glpi. Retourne les données brutes.
2025-09-03 16:00:26,810 - utils.data_normalizer - WARNING - Aucune stratégie de normalisation trouvée pour le type: glpi. Retourne les données brutes.
2025-09-03 16:00:26,810 - utils.data_normalizer - WARNING - Aucune stratégie de normalisation trouvée pour le type: glpi. Retourne les données brutes.
2025-09-03 16:00:26,811 - utils.data_normalizer - WARNING - Aucune stratégie de normalisation trouvée pour le type: glpi. Retourne les données brutes.
2025-09-03 16:00:26,811 - utils.data_normalizer - WARNING - Aucune stratégie de normalisation trouvée pour le type: glpi. Retourne les données brutes.
2025-09-03 16:00:26,811 - utils.data_normalizer - WARNING - Aucune stratégie de normalisation trouvée pour le type: glpi. Retourne les données brutes.
2025-09-03 16:00:26,812 - utils.data_normalizer - WARNING - Aucune stratégie de normalisation trouvée pour le type: glpi. Retourne les données brutes.
2025-09-03 16:00:26,812 - utils.data_normalizer - WARNING - Aucune stratégie de normalisation trouvée pour le type: glpi. Retourne les données brutes.
2025-09-03 16:00:26,812 - utils.data_normalizer - WARNING - Aucune stratégie de normalisation trouvée pour le type: glpi. Retourne les données brutes.
2025-09-03 16:00:26,813 - utils.data_normalizer - WARNING - Aucune stratégie de normalisation trouvée pour le type: glpi. Retourne les données brutes.
2025-09-03 16:00:26,813 - utils.data_normalizer - WARNING - Aucune stratégie de normalisation trouvée pour le type: glpi. Retourne les données brutes.
2025-09-03 16:00:26,813 - utils.data_normalizer - WARNING - Aucune stratégie de normalisation trouvée pour le type: glpi. Retourne les données brutes.
2025-09-03 16:00:26,813 - utils.data_normalizer - WARNING - Aucune stratégie de normalisation trouvée pour le type: glpi. Retourne les données brutes.
2025-09-03 16:00:26,814 - utils.data_normalizer - WARNING - Aucune stratégie de normalisation trouvée pour le type: glpi. Retourne les données brutes.
2025-09-03 16:00:26,814 - utils.data_normalizer - WARNING - Aucune stratégie de normalisation trouvée pour le type: glpi. Retourne les données brutes.
2025-09-03 16:00:26,814 - utils.data_normalizer - WARNING - Aucune stratégie de normalisation trouvée pour le type: glpi. Retourne les données brutes.
2025-09-03 16:00:26,815 - utils.data_normalizer - WARNING - Aucune stratégie de normalisation trouvée pour le type: glpi. Retourne les données brutes.
2025-09-03 16:00:26,815 - utils.data_normalizer - WARNING - Aucune stratégie de normalisation trouvée pour le type: glpi. Retourne les données brutes.
2025-09-03 16:00:26,816 - utils.data_normalizer - WARNING - Aucune stratégie de normalisation trouvée pour le type: glpi. Retourne les données brutes.
2025-09-03 16:00:26,817 - utils.data_normalizer - WARNING - Aucune stratégie de normalisation trouvée pour le type: glpi. Retourne les données brutes.
2025-09-03 16:00:26,817 - utils.data_normalizer - WARNING - Aucune stratégie de normalisation trouvée pour le type: glpi. Retourne les données brutes.
2025-09-03 16:00:26,817 - utils.data_normalizer - WARNING - Aucune stratégie de normalisation trouvée pour le type: glpi. Retourne les données brutes.
2025-09-03 16:00:26,818 - utils.data_normalizer - WARNING - Aucune stratégie de normalisation trouvée pour le type: glpi. Retourne les données brutes.
2025-09-03 16:00:26,818 - utils.data_normalizer - WARNING - Aucune stratégie de normalisation trouvée pour le type: glpi. Retourne les données brutes.
2025-09-03 16:00:26,818 - utils.data_normalizer - WARNING - Aucune stratégie de normalisation trouvée pour le type: glpi. Retourne les données brutes.
2025-09-03 16:00:26,819 - utils.data_normalizer - WARNING - Aucune stratégie de normalisation trouvée pour le type: glpi. Retourne les données brutes.
2025-09-03 16:00:26,819 - utils.data_normalizer - WARNING - Aucune stratégie de normalisation trouvée pour le type: glpi. Retourne les données brutes.
2025-09-03 16:00:26,819 - utils.data_normalizer - WARNING - Aucune stratégie de normalisation trouvée pour le type: glpi. Retourne les données brutes.
2025-09-03 16:00:26,820 - utils.data_normalizer - WARNING - Aucune stratégie de normalisation trouvée pour le type: glpi. Retourne les données brutes.
2025-09-03 16:00:26,820 - utils.data_normalizer - WARNING - Aucune stratégie de normalisation trouvée pour le type: glpi. Retourne les données brutes.
2025-09-03 16:00:26,821 - utils.data_normalizer - WARNING - Aucune stratégie de normalisation trouvée pour le type: glpi. Retourne les données brutes.
2025-09-03 16:00:26,821 - utils.data_normalizer - WARNING - Aucune stratégie de normalisation trouvée pour le type: glpi. Retourne les données brutes.
2025-09-03 16:00:26,821 - utils.data_normalizer - WARNING - Aucune stratégie de normalisation trouvée pour le type: glpi. Retourne les données brutes.
2025-09-03 16:00:26,822 - utils.data_normalizer - WARNING - Aucune stratégie de normalisation trouvée pour le type: glpi. Retourne les données brutes.
2025-09-03 16:00:26,822 - utils.data_normalizer - WARNING - Aucune stratégie de normalisation trouvée pour le type: glpi. Retourne les données brutes.
2025-09-03 16:00:26,822 - utils.data_normalizer - WARNING - Aucune stratégie de normalisation trouvée pour le type: glpi. Retourne les données brutes.
2025-09-03 16:00:26,823 - utils.data_normalizer - WARNING - Aucune stratégie de normalisation trouvée pour le type: glpi. Retourne les données brutes.
2025-09-03 16:00:26,823 - utils.data_normalizer - WARNING - Aucune stratégie de normalisation trouvée pour le type: glpi. Retourne les données brutes.
2025-09-03 16:00:26,823 - utils.data_normalizer - WARNING - Aucune stratégie de normalisation trouvée pour le type: glpi. Retourne les données brutes.
2025-09-03 16:00:26,823 - utils.data_normalizer - WARNING - Aucune stratégie de normalisation trouvée pour le type: glpi. Retourne les données brutes.
2025-09-03 16:00:26,824 - utils.data_normalizer - WARNING - Aucune stratégie de normalisation trouvée pour le type: glpi. Retourne les données brutes.
2025-09-03 16:00:26,824 - utils.data_normalizer - WARNING - Aucune stratégie de normalisation trouvée pour le type: glpi. Retourne les données brutes.
2025-09-03 16:00:26,826 - utils.data_normalizer - WARNING - Aucune stratégie de normalisation trouvée pour le type: glpi. Retourne les données brutes.
2025-09-03 16:00:26,826 - utils.data_normalizer - WARNING - Aucune stratégie de normalisation trouvée pour le type: glpi. Retourne les données brutes.
2025-09-03 16:00:26,827 - utils.data_normalizer - WARNING - Aucune stratégie de normalisation trouvée pour le type: glpi. Retourne les données brutes.
2025-09-03 16:00:26,827 - utils.data_normalizer - WARNING - Aucune stratégie de normalisation trouvée pour le type: glpi. Retourne les données brutes.
2025-09-03 16:00:26,827 - utils.data_normalizer - WARNING - Aucune stratégie de normalisation trouvée pour le type: glpi. Retourne les données brutes.
2025-09-03 16:00:26,827 - utils.data_normalizer - WARNING - Aucune stratégie de normalisation trouvée pour le type: glpi. Retourne les données brutes.
2025-09-03 16:00:26,827 - utils.data_normalizer - WARNING - Aucune stratégie de normalisation trouvée pour le type: glpi. Retourne les données brutes.
2025-09-03 16:00:26,828 - utils.data_normalizer - WARNING - Aucune stratégie de normalisation trouvée pour le type: glpi. Retourne les données brutes.
2025-09-03 16:00:26,828 - utils.data_normalizer - WARNING - Aucune stratégie de normalisation trouvée pour le type: glpi. Retourne les données brutes.
2025-09-03 16:00:26,828 - utils.data_normalizer - WARNING - Aucune stratégie de normalisation trouvée pour le type: glpi. Retourne les données brutes.
2025-09-03 16:00:26,828 - utils.data_normalizer - WARNING - Aucune stratégie de normalisation trouvée pour le type: glpi. Retourne les données brutes.
2025-09-03 16:00:26,829 - utils.data_normalizer - WARNING - Aucune stratégie de normalisation trouvée pour le type: glpi. Retourne les données brutes.
2025-09-03 16:00:26,829 - utils.data_normalizer - WARNING - Aucune stratégie de normalisation trouvée pour le type: glpi. Retourne les données brutes.
2025-09-03 16:00:26,829 - utils.data_normalizer - WARNING - Aucune stratégie de normalisation trouvée pour le type: glpi. Retourne les données brutes.
2025-09-03 16:00:26,829 - utils.data_normalizer - WARNING - Aucune stratégie de normalisation trouvée pour le type: glpi. Retourne les données brutes.
2025-09-03 16:00:26,830 - utils.data_normalizer - WARNING - Aucune stratégie de normalisation trouvée pour le type: glpi. Retourne les données brutes.
2025-09-03 16:00:26,830 - utils.data_normalizer - WARNING - Aucune stratégie de normalisation trouvée pour le type: glpi. Retourne les données brutes.
2025-09-03 16:00:26,830 - utils.data_normalizer - WARNING - Aucune stratégie de normalisation trouvée pour le type: glpi. Retourne les données brutes.
2025-09-03 16:00:26,830 - utils.data_normalizer - WARNING - Aucune stratégie de normalisation trouvée pour le type: glpi. Retourne les données brutes.
2025-09-03 16:00:26,831 - utils.data_normalizer - WARNING - Aucune stratégie de normalisation trouvée pour le type: glpi. Retourne les données brutes.
2025-09-03 16:00:26,831 - utils.data_normalizer - WARNING - Aucune stratégie de normalisation trouvée pour le type: glpi. Retourne les données brutes.
2025-09-03 16:00:26,831 - utils.data_normalizer - WARNING - Aucune stratégie de normalisation trouvée pour le type: glpi. Retourne les données brutes.
2025-09-03 16:00:26,831 - utils.data_normalizer - WARNING - Aucune stratégie de normalisation trouvée pour le type: glpi. Retourne les données brutes.
2025-09-03 16:00:26,831 - utils.data_normalizer - WARNING - Aucune stratégie de normalisation trouvée pour le type: glpi. Retourne les données brutes.
2025-09-03 16:00:26,832 - utils.data_normalizer - WARNING - Aucune stratégie de normalisation trouvée pour le type: glpi. Retourne les données brutes.
2025-09-03 16:00:26,832 - utils.data_normalizer - WARNING - Aucune stratégie de normalisation trouvée pour le type: glpi. Retourne les données brutes.
2025-09-03 16:00:26,832 - utils.data_normalizer - WARNING - Aucune stratégie de normalisation trouvée pour le type: glpi. Retourne les données brutes.
2025-09-03 16:00:26,832 - utils.data_normalizer - WARNING - Aucune stratégie de normalisation trouvée pour le type: glpi. Retourne les données brutes.
2025-09-03 16:00:26,833 - utils.data_normalizer - WARNING - Aucune stratégie de normalisation trouvée pour le type: glpi. Retourne les données brutes.
2025-09-03 16:00:26,833 - utils.data_normalizer - WARNING - Aucune stratégie de normalisation trouvée pour le type: glpi. Retourne les données brutes.
2025-09-03 16:00:26,833 - utils.data_normalizer - WARNING - Aucune stratégie de normalisation trouvée pour le type: glpi. Retourne les données brutes.
2025-09-03 16:00:26,834 - utils.data_normalizer - WARNING - Aucune stratégie de normalisation trouvée pour le type: glpi. Retourne les données brutes.
2025-09-03 16:00:26,834 - utils.data_normalizer - WARNING - Aucune stratégie de normalisation trouvée pour le type: glpi. Retourne les données brutes.
2025-09-03 16:00:26,834 - utils.data_normalizer - WARNING - Aucune stratégie de normalisation trouvée pour le type: glpi. Retourne les données brutes.
2025-09-03 16:00:26,834 - utils.data_normalizer - WARNING - Aucune stratégie de normalisation trouvée pour le type: glpi. Retourne les données brutes.
2025-09-03 16:00:26,835 - utils.data_normalizer - WARNING - Aucune stratégie de normalisation trouvée pour le type: glpi. Retourne les données brutes.
2025-09-03 16:00:26,835 - utils.data_normalizer - WARNING - Aucune stratégie de normalisation trouvée pour le type: glpi. Retourne les données brutes.
2025-09-03 16:00:26,835 - utils.data_normalizer - WARNING - Aucune stratégie de normalisation trouvée pour le type: glpi. Retourne les données brutes.
2025-09-03 16:00:26,836 - utils.data_normalizer - WARNING - Aucune stratégie de normalisation trouvée pour le type: glpi. Retourne les données brutes.
2025-09-03 16:00:26,836 - utils.data_normalizer - WARNING - Aucune stratégie de normalisation trouvée pour le type: glpi. Retourne les données brutes.
2025-09-03 16:00:26,836 - utils.data_normalizer - WARNING - Aucune stratégie de normalisation trouvée pour le type: glpi. Retourne les données brutes.
2025-09-03 16:00:26,837 - utils.data_normalizer - WARNING - Aucune stratégie de normalisation trouvée pour le type: glpi. Retourne les données brutes.
2025-09-03 16:00:26,837 - utils.data_normalizer - WARNING - Aucune stratégie de normalisation trouvée pour le type: glpi. Retourne les données brutes.
2025-09-03 16:00:26,837 - utils.data_normalizer - WARNING - Aucune stratégie de normalisation trouvée pour le type: glpi. Retourne les données brutes.
2025-09-03 16:00:26,838 - utils.data_normalizer - WARNING - Aucune stratégie de normalisation trouvée pour le type: glpi. Retourne les données brutes.
2025-09-03 16:00:26,838 - utils.data_normalizer - WARNING - Aucune stratégie de normalisation trouvée pour le type: glpi. Retourne les données brutes.
2025-09-03 16:00:26,838 - utils.data_normalizer - WARNING - Aucune stratégie de normalisation trouvée pour le type: glpi. Retourne les données brutes.
2025-09-03 16:00:26,839 - utils.data_normalizer - WARNING - Aucune stratégie de normalisation trouvée pour le type: glpi. Retourne les données brutes.
2025-09-03 16:00:26,839 - utils.data_normalizer - WARNING - Aucune stratégie de normalisation trouvée pour le type: glpi. Retourne les données brutes.
2025-09-03 16:00:26,840 - utils.data_normalizer - WARNING - Aucune stratégie de normalisation trouvée pour le type: glpi. Retourne les données brutes.
2025-09-03 16:00:26,840 - utils.data_normalizer - WARNING - Aucune stratégie de normalisation trouvée pour le type: glpi. Retourne les données brutes.
2025-09-03 16:00:26,840 - utils.data_normalizer - WARNING - Aucune stratégie de normalisation trouvée pour le type: glpi. Retourne les données brutes.
2025-09-03 16:00:26,841 - utils.data_normalizer - WARNING - Aucune stratégie de normalisation trouvée pour le type: glpi. Retourne les données brutes.
2025-09-03 16:00:26,841 - utils.data_normalizer - WARNING - Aucune stratégie de normalisation trouvée pour le type: glpi. Retourne les données brutes.
2025-09-03 16:00:26,841 - utils.data_normalizer - WARNING - Aucune stratégie de normalisation trouvée pour le type: glpi. Retourne les données brutes.
2025-09-03 16:00:26,842 - utils.data_normalizer - WARNING - Aucune stratégie de normalisation trouvée pour le type: glpi. Retourne les données brutes.
2025-09-03 16:00:26,842 - utils.data_normalizer - WARNING - Aucune stratégie de normalisation trouvée pour le type: glpi. Retourne les données brutes.
2025-09-03 16:00:26,842 - utils.data_normalizer - WARNING - Aucune stratégie de normalisation trouvée pour le type: glpi. Retourne les données brutes.
2025-09-03 16:00:26,843 - utils.data_normalizer - WARNING - Aucune stratégie de normalisation trouvée pour le type: glpi. Retourne les données brutes.
2025-09-03 16:00:26,843 - utils.data_normalizer - WARNING - Aucune stratégie de normalisation trouvée pour le type: glpi. Retourne les données brutes.
2025-09-03 16:00:26,844 - utils.data_normalizer - WARNING - Aucune stratégie de normalisation trouvée pour le type: glpi. Retourne les données brutes.
2025-09-03 16:00:26,844 - utils.data_normalizer - WARNING - Aucune stratégie de normalisation trouvée pour le type: glpi. Retourne les données brutes.
2025-09-03 16:00:26,844 - utils.data_normalizer - WARNING - Aucune stratégie de normalisation trouvée pour le type: glpi. Retourne les données brutes.
2025-09-03 16:00:26,845 - utils.data_normalizer - WARNING - Aucune stratégie de normalisation trouvée pour le type: glpi. Retourne les données brutes.
2025-09-03 16:00:26,845 - utils.data_normalizer - WARNING - Aucune stratégie de normalisation trouvée pour le type: glpi. Retourne les données brutes.
2025-09-03 16:00:26,845 - utils.data_normalizer - WARNING - Aucune stratégie de normalisation trouvée pour le type: glpi. Retourne les données brutes.
2025-09-03 16:00:26,846 - utils.data_normalizer - WARNING - Aucune stratégie de normalisation trouvée pour le type: glpi. Retourne les données brutes.
2025-09-03 16:00:26,846 - utils.data_normalizer - WARNING - Aucune stratégie de normalisation trouvée pour le type: glpi. Retourne les données brutes.
2025-09-03 16:00:26,847 - utils.data_normalizer - WARNING - Aucune stratégie de normalisation trouvée pour le type: glpi. Retourne les données brutes.
2025-09-03 16:00:26,847 - utils.data_normalizer - WARNING - Aucune stratégie de normalisation trouvée pour le type: glpi. Retourne les données brutes.
2025-09-03 16:00:26,847 - utils.data_normalizer - WARNING - Aucune stratégie de normalisation trouvée pour le type: glpi. Retourne les données brutes.
2025-09-03 16:00:26,848 - utils.data_normalizer - WARNING - Aucune stratégie de normalisation trouvée pour le type: glpi. Retourne les données brutes.
2025-09-03 16:00:26,848 - utils.data_normalizer - WARNING - Aucune stratégie de normalisation trouvée pour le type: glpi. Retourne les données brutes.
2025-09-03 16:00:26,849 - utils.data_normalizer - WARNING - Aucune stratégie de normalisation trouvée pour le type: glpi. Retourne les données brutes.
2025-09-03 16:00:26,850 - utils.data_normalizer - WARNING - Aucune stratégie de normalisation trouvée pour le type: glpi. Retourne les données brutes.
2025-09-03 16:00:26,851 - utils.data_normalizer - WARNING - Aucune stratégie de normalisation trouvée pour le type: glpi. Retourne les données brutes.
2025-09-03 16:00:26,851 - utils.data_normalizer - WARNING - Aucune stratégie de normalisation trouvée pour le type: glpi. Retourne les données brutes.
2025-09-03 16:00:26,852 - utils.data_normalizer - WARNING - Aucune stratégie de normalisation trouvée pour le type: glpi. Retourne les données brutes.
2025-09-03 16:00:26,853 - utils.data_normalizer - WARNING - Aucune stratégie de normalisation trouvée pour le type: glpi. Retourne les données brutes.
2025-09-03 16:00:26,853 - utils.data_normalizer - WARNING - Aucune stratégie de normalisation trouvée pour le type: glpi. Retourne les données brutes.
2025-09-03 16:00:26,853 - utils.data_normalizer - WARNING - Aucune stratégie de normalisation trouvée pour le type: glpi. Retourne les données brutes.
2025-09-03 16:00:26,854 - utils.data_normalizer - WARNING - Aucune stratégie de normalisation trouvée pour le type: glpi. Retourne les données brutes.
2025-09-03 16:00:26,855 - utils.data_normalizer - WARNING - Aucune stratégie de normalisation trouvée pour le type: glpi. Retourne les données brutes.
2025-09-03 16:00:26,855 - utils.data_normalizer - WARNING - Aucune stratégie de normalisation trouvée pour le type: glpi. Retourne les données brutes.
2025-09-03 16:00:26,857 - utils.data_normalizer - WARNING - Aucune stratégie de normalisation trouvée pour le type: glpi. Retourne les données brutes.
2025-09-03 16:00:26,858 - utils.data_normalizer - WARNING - Aucune stratégie de normalisation trouvée pour le type: glpi. Retourne les données brutes.
2025-09-03 16:00:26,859 - utils.data_normalizer - WARNING - Aucune stratégie de normalisation trouvée pour le type: glpi. Retourne les données brutes.
2025-09-03 16:00:26,860 - utils.data_normalizer - WARNING - Aucune stratégie de normalisation trouvée pour le type: glpi. Retourne les données brutes.
2025-09-03 16:00:26,860 - utils.data_normalizer - WARNING - Aucune stratégie de normalisation trouvée pour le type: glpi. Retourne les données brutes.
2025-09-03 16:00:26,860 - utils.data_normalizer - WARNING - Aucune stratégie de normalisation trouvée pour le type: glpi. Retourne les données brutes.
2025-09-03 16:00:26,861 - utils.data_normalizer - WARNING - Aucune stratégie de normalisation trouvée pour le type: glpi. Retourne les données brutes.
2025-09-03 16:00:26,861 - utils.data_normalizer - WARNING - Aucune stratégie de normalisation trouvée pour le type: glpi. Retourne les données brutes.
2025-09-03 16:00:26,861 - utils.data_normalizer - WARNING - Aucune stratégie de normalisation trouvée pour le type: glpi. Retourne les données brutes.
2025-09-03 16:00:26,861 - utils.data_normalizer - WARNING - Aucune stratégie de normalisation trouvée pour le type: glpi. Retourne les données brutes.
2025-09-03 16:00:26,862 - utils.data_normalizer - WARNING - Aucune stratégie de normalisation trouvée pour le type: glpi. Retourne les données brutes.
2025-09-03 16:00:26,862 - utils.data_normalizer - WARNING - Aucune stratégie de normalisation trouvée pour le type: glpi. Retourne les données brutes.
2025-09-03 16:00:26,862 - utils.data_normalizer - WARNING - Aucune stratégie de normalisation trouvée pour le type: glpi. Retourne les données brutes.
2025-09-03 16:00:26,862 - utils.data_normalizer - WARNING - Aucune stratégie de normalisation trouvée pour le type: glpi. Retourne les données brutes.
2025-09-03 16:00:26,863 - utils.data_normalizer - WARNING - Aucune stratégie de normalisation trouvée pour le type: glpi. Retourne les données brutes.
2025-09-03 16:00:26,863 - utils.data_normalizer - WARNING - Aucune stratégie de normalisation trouvée pour le type: glpi. Retourne les données brutes.
2025-09-03 16:00:26,863 - utils.data_normalizer - WARNING - Aucune stratégie de normalisation trouvée pour le type: glpi. Retourne les données brutes.
2025-09-03 16:00:26,864 - utils.data_normalizer - WARNING - Aucune stratégie de normalisation trouvée pour le type: glpi. Retourne les données brutes.
2025-09-03 16:00:26,864 - utils.data_normalizer - WARNING - Aucune stratégie de normalisation trouvée pour le type: glpi. Retourne les données brutes.
2025-09-03 16:00:26,864 - utils.data_normalizer - WARNING - Aucune stratégie de normalisation trouvée pour le type: glpi. Retourne les données brutes.
2025-09-03 16:00:26,865 - utils.data_normalizer - WARNING - Aucune stratégie de normalisation trouvée pour le type: glpi. Retourne les données brutes.
2025-09-03 16:00:26,865 - utils.data_normalizer - WARNING - Aucune stratégie de normalisation trouvée pour le type: glpi. Retourne les données brutes.
2025-09-03 16:00:26,865 - utils.data_normalizer - WARNING - Aucune stratégie de normalisation trouvée pour le type: glpi. Retourne les données brutes.
2025-09-03 16:00:26,866 - utils.data_normalizer - WARNING - Aucune stratégie de normalisation trouvée pour le type: glpi. Retourne les données brutes.
2025-09-03 16:00:26,866 - utils.data_normalizer - WARNING - Aucune stratégie de normalisation trouvée pour le type: glpi. Retourne les données brutes.
2025-09-03 16:00:26,866 - utils.data_normalizer - WARNING - Aucune stratégie de normalisation trouvée pour le type: glpi. Retourne les données brutes.
2025-09-03 16:00:26,866 - utils.data_normalizer - WARNING - Aucune stratégie de normalisation trouvée pour le type: glpi. Retourne les données brutes.
2025-09-03 16:00:26,867 - utils.data_normalizer - WARNING - Aucune stratégie de normalisation trouvée pour le type: glpi. Retourne les données brutes.
2025-09-03 16:00:26,867 - utils.data_normalizer - WARNING - Aucune stratégie de normalisation trouvée pour le type: glpi. Retourne les données brutes.
2025-09-03 16:00:26,867 - utils.data_normalizer - WARNING - Aucune stratégie de normalisation trouvée pour le type: glpi. Retourne les données brutes.
2025-09-03 16:00:26,867 - utils.data_normalizer - WARNING - Aucune stratégie de normalisation trouvée pour le type: glpi. Retourne les données brutes.
2025-09-03 16:00:26,868 - utils.data_normalizer - WARNING - Aucune stratégie de normalisation trouvée pour le type: glpi. Retourne les données brutes.
2025-09-03 16:00:26,868 - utils.data_normalizer - WARNING - Aucune stratégie de normalisation trouvée pour le type: glpi. Retourne les données brutes.
2025-09-03 16:00:26,869 - utils.data_normalizer - WARNING - Aucune stratégie de normalisation trouvée pour le type: glpi. Retourne les données brutes.
2025-09-03 16:00:26,870 - utils.data_normalizer - WARNING - Aucune stratégie de normalisation trouvée pour le type: glpi. Retourne les données brutes.
2025-09-03 16:00:26,871 - utils.data_normalizer - WARNING - Aucune stratégie de normalisation trouvée pour le type: glpi. Retourne les données brutes.
2025-09-03 16:00:26,871 - utils.data_normalizer - WARNING - Aucune stratégie de normalisation trouvée pour le type: glpi. Retourne les données brutes.
2025-09-03 16:00:26,872 - utils.data_normalizer - WARNING - Aucune stratégie de normalisation trouvée pour le type: glpi. Retourne les données brutes.
2025-09-03 16:00:26,872 - utils.data_normalizer - WARNING - Aucune stratégie de normalisation trouvée pour le type: glpi. Retourne les données brutes.
2025-09-03 16:00:26,873 - utils.data_normalizer - WARNING - Aucune stratégie de normalisation trouvée pour le type: glpi. Retourne les données brutes.
2025-09-03 16:00:26,873 - utils.data_normalizer - WARNING - Aucune stratégie de normalisation trouvée pour le type: glpi. Retourne les données brutes.
2025-09-03 16:00:26,873 - utils.data_normalizer - WARNING - Aucune stratégie de normalisation trouvée pour le type: glpi. Retourne les données brutes.
2025-09-03 16:00:26,874 - utils.data_normalizer - WARNING - Aucune stratégie de normalisation trouvée pour le type: glpi. Retourne les données brutes.
2025-09-03 16:00:26,874 - utils.data_normalizer - WARNING - Aucune stratégie de normalisation trouvée pour le type: glpi. Retourne les données brutes.
2025-09-03 16:00:26,874 - utils.data_normalizer - WARNING - Aucune stratégie de normalisation trouvée pour le type: glpi. Retourne les données brutes.
2025-09-03 16:00:26,875 - utils.data_normalizer - WARNING - Aucune stratégie de normalisation trouvée pour le type: glpi. Retourne les données brutes.
2025-09-03 16:00:26,875 - utils.data_normalizer - WARNING - Aucune stratégie de normalisation trouvée pour le type: glpi. Retourne les données brutes.
2025-09-03 16:00:26,875 - utils.data_normalizer - WARNING - Aucune stratégie de normalisation trouvée pour le type: glpi. Retourne les données brutes.
2025-09-03 16:00:26,876 - utils.data_normalizer - WARNING - Aucune stratégie de normalisation trouvée pour le type: glpi. Retourne les données brutes.
2025-09-03 16:00:26,876 - utils.data_normalizer - WARNING - Aucune stratégie de normalisation trouvée pour le type: glpi. Retourne les données brutes.
2025-09-03 16:00:26,877 - utils.data_normalizer - WARNING - Aucune stratégie de normalisation trouvée pour le type: glpi. Retourne les données brutes.
2025-09-03 16:00:26,877 - utils.data_normalizer - WARNING - Aucune stratégie de normalisation trouvée pour le type: glpi. Retourne les données brutes.
2025-09-03 16:00:26,877 - utils.data_normalizer - WARNING - Aucune stratégie de normalisation trouvée pour le type: glpi. Retourne les données brutes.
2025-09-03 16:00:26,878 - utils.data_normalizer - WARNING - Aucune stratégie de normalisation trouvée pour le type: glpi. Retourne les données brutes.
2025-09-03 16:00:26,878 - utils.data_normalizer - WARNING - Aucune stratégie de normalisation trouvée pour le type: glpi. Retourne les données brutes.
2025-09-03 16:00:26,878 - utils.data_normalizer - WARNING - Aucune stratégie de normalisation trouvée pour le type: glpi. Retourne les données brutes.
2025-09-03 16:00:26,879 - utils.data_normalizer - WARNING - Aucune stratégie de normalisation trouvée pour le type: glpi. Retourne les données brutes.
2025-09-03 16:00:26,879 - utils.data_normalizer - WARNING - Aucune stratégie de normalisation trouvée pour le type: glpi. Retourne les données brutes.
2025-09-03 16:00:26,879 - utils.data_normalizer - WARNING - Aucune stratégie de normalisation trouvée pour le type: glpi. Retourne les données brutes.
2025-09-03 16:00:26,880 - utils.data_normalizer - WARNING - Aucune stratégie de normalisation trouvée pour le type: glpi. Retourne les données brutes.
2025-09-03 16:00:26,880 - utils.data_normalizer - WARNING - Aucune stratégie de normalisation trouvée pour le type: glpi. Retourne les données brutes.
2025-09-03 16:00:26,880 - utils.data_normalizer - WARNING - Aucune stratégie de normalisation trouvée pour le type: glpi. Retourne les données brutes.
2025-09-03 16:00:26,881 - utils.data_normalizer - WARNING - Aucune stratégie de normalisation trouvée pour le type: glpi. Retourne les données brutes.
2025-09-03 16:00:26,881 - utils.data_normalizer - WARNING - Aucune stratégie de normalisation trouvée pour le type: glpi. Retourne les données brutes.
2025-09-03 16:00:26,882 - utils.data_normalizer - WARNING - Aucune stratégie de normalisation trouvée pour le type: glpi. Retourne les données brutes.
2025-09-03 16:00:26,882 - utils.data_normalizer - WARNING - Aucune stratégie de normalisation trouvée pour le type: glpi. Retourne les données brutes.
2025-09-03 16:00:26,882 - utils.data_normalizer - WARNING - Aucune stratégie de normalisation trouvée pour le type: glpi. Retourne les données brutes.
2025-09-03 16:00:26,883 - utils.data_normalizer - WARNING - Aucune stratégie de normalisation trouvée pour le type: glpi. Retourne les données brutes.
2025-09-03 16:00:26,883 - utils.data_normalizer - WARNING - Aucune stratégie de normalisation trouvée pour le type: glpi. Retourne les données brutes.
2025-09-03 16:00:26,884 - utils.data_normalizer - WARNING - Aucune stratégie de normalisation trouvée pour le type: glpi. Retourne les données brutes.
2025-09-03 16:00:26,884 - utils.data_normalizer - WARNING - Aucune stratégie de normalisation trouvée pour le type: glpi. Retourne les données brutes.
2025-09-03 16:00:26,884 - utils.data_normalizer - WARNING - Aucune stratégie de normalisation trouvée pour le type: glpi. Retourne les données brutes.
2025-09-03 16:00:26,884 - utils.data_normalizer - WARNING - Aucune stratégie de normalisation trouvée pour le type: glpi. Retourne les données brutes.
2025-09-03 16:00:26,885 - utils.data_normalizer - WARNING - Aucune stratégie de normalisation trouvée pour le type: glpi. Retourne les données brutes.
2025-09-03 16:00:26,885 - utils.data_normalizer - WARNING - Aucune stratégie de normalisation trouvée pour le type: glpi. Retourne les données brutes.
2025-09-03 16:00:26,885 - utils.data_normalizer - WARNING - Aucune stratégie de normalisation trouvée pour le type: glpi. Retourne les données brutes.
2025-09-03 16:00:26,886 - utils.data_normalizer - WARNING - Aucune stratégie de normalisation trouvée pour le type: glpi. Retourne les données brutes.
2025-09-03 16:00:26,886 - utils.data_normalizer - WARNING - Aucune stratégie de normalisation trouvée pour le type: glpi. Retourne les données brutes.
2025-09-03 16:00:26,887 - utils.data_normalizer - WARNING - Aucune stratégie de normalisation trouvée pour le type: glpi. Retourne les données brutes.
2025-09-03 16:00:26,887 - utils.data_normalizer - WARNING - Aucune stratégie de normalisation trouvée pour le type: glpi. Retourne les données brutes.
2025-09-03 16:00:26,888 - utils.data_normalizer - WARNING - Aucune stratégie de normalisation trouvée pour le type: glpi. Retourne les données brutes.
2025-09-03 16:00:26,888 - utils.data_normalizer - WARNING - Aucune stratégie de normalisation trouvée pour le type: glpi. Retourne les données brutes.
2025-09-03 16:00:26,889 - utils.data_normalizer - WARNING - Aucune stratégie de normalisation trouvée pour le type: glpi. Retourne les données brutes.
2025-09-03 16:00:26,889 - utils.data_normalizer - WARNING - Aucune stratégie de normalisation trouvée pour le type: glpi. Retourne les données brutes.
2025-09-03 16:00:26,889 - utils.data_normalizer - WARNING - Aucune stratégie de normalisation trouvée pour le type: glpi. Retourne les données brutes.
2025-09-03 16:00:26,890 - utils.data_normalizer - WARNING - Aucune stratégie de normalisation trouvée pour le type: glpi. Retourne les données brutes.
2025-09-03 16:00:26,890 - utils.data_normalizer - WARNING - Aucune stratégie de normalisation trouvée pour le type: glpi. Retourne les données brutes.
2025-09-03 16:00:26,891 - utils.data_normalizer - WARNING - Aucune stratégie de normalisation trouvée pour le type: glpi. Retourne les données brutes.
2025-09-03 16:00:26,891 - utils.data_normalizer - WARNING - Aucune stratégie de normalisation trouvée pour le type: glpi. Retourne les données brutes.
2025-09-03 16:00:26,891 - utils.data_normalizer - WARNING - Aucune stratégie de normalisation trouvée pour le type: glpi. Retourne les données brutes.
2025-09-03 16:00:26,891 - utils.data_normalizer - WARNING - Aucune stratégie de normalisation trouvée pour le type: glpi. Retourne les données brutes.
2025-09-03 16:00:26,892 - utils.data_normalizer - WARNING - Aucune stratégie de normalisation trouvée pour le type: glpi. Retourne les données brutes.
2025-09-03 16:00:26,892 - utils.data_normalizer - WARNING - Aucune stratégie de normalisation trouvée pour le type: glpi. Retourne les données brutes.
2025-09-03 16:00:26,892 - utils.data_normalizer - WARNING - Aucune stratégie de normalisation trouvée pour le type: glpi. Retourne les données brutes.
2025-09-03 16:00:26,892 - utils.data_normalizer - WARNING - Aucune stratégie de normalisation trouvée pour le type: glpi. Retourne les données brutes.
2025-09-03 16:00:26,893 - utils.data_normalizer - WARNING - Aucune stratégie de normalisation trouvée pour le type: glpi. Retourne les données brutes.
2025-09-03 16:00:26,893 - utils.data_normalizer - WARNING - Aucune stratégie de normalisation trouvée pour le type: glpi. Retourne les données brutes.
2025-09-03 16:00:26,893 - utils.data_normalizer - WARNING - Aucune stratégie de normalisation trouvée pour le type: glpi. Retourne les données brutes.
2025-09-03 16:00:26,894 - utils.data_normalizer - WARNING - Aucune stratégie de normalisation trouvée pour le type: glpi. Retourne les données brutes.
2025-09-03 16:00:26,894 - utils.data_normalizer - WARNING - Aucune stratégie de normalisation trouvée pour le type: glpi. Retourne les données brutes.
2025-09-03 16:00:26,894 - utils.data_normalizer - WARNING - Aucune stratégie de normalisation trouvée pour le type: glpi. Retourne les données brutes.
2025-09-03 16:00:26,894 - utils.data_normalizer - WARNING - Aucune stratégie de normalisation trouvée pour le type: glpi. Retourne les données brutes.
2025-09-03 16:00:26,895 - utils.data_normalizer - WARNING - Aucune stratégie de normalisation trouvée pour le type: glpi. Retourne les données brutes.
2025-09-03 16:00:26,895 - utils.data_normalizer - WARNING - Aucune stratégie de normalisation trouvée pour le type: glpi. Retourne les données brutes.
2025-09-03 16:00:26,895 - utils.data_normalizer - WARNING - Aucune stratégie de normalisation trouvée pour le type: glpi. Retourne les données brutes.
2025-09-03 16:00:26,895 - utils.data_normalizer - WARNING - Aucune stratégie de normalisation trouvée pour le type: glpi. Retourne les données brutes.
2025-09-03 16:00:26,896 - utils.data_normalizer - WARNING - Aucune stratégie de normalisation trouvée pour le type: glpi. Retourne les données brutes.
2025-09-03 16:00:26,896 - utils.data_normalizer - WARNING - Aucune stratégie de normalisation trouvée pour le type: glpi. Retourne les données brutes.
2025-09-03 16:00:26,896 - utils.data_normalizer - WARNING - Aucune stratégie de normalisation trouvée pour le type: glpi. Retourne les données brutes.
2025-09-03 16:00:26,897 - utils.data_normalizer - WARNING - Aucune stratégie de normalisation trouvée pour le type: glpi. Retourne les données brutes.
2025-09-03 16:00:26,897 - utils.data_normalizer - WARNING - Aucune stratégie de normalisation trouvée pour le type: glpi. Retourne les données brutes.
2025-09-03 16:00:26,897 - utils.data_normalizer - WARNING - Aucune stratégie de normalisation trouvée pour le type: glpi. Retourne les données brutes.
2025-09-03 16:00:26,898 - utils.data_normalizer - WARNING - Aucune stratégie de normalisation trouvée pour le type: glpi. Retourne les données brutes.
2025-09-03 16:00:26,898 - utils.data_normalizer - WARNING - Aucune stratégie de normalisation trouvée pour le type: glpi. Retourne les données brutes.
2025-09-03 16:00:26,899 - utils.data_normalizer - WARNING - Aucune stratégie de normalisation trouvée pour le type: glpi. Retourne les données brutes.
2025-09-03 16:00:26,899 - utils.data_normalizer - WARNING - Aucune stratégie de normalisation trouvée pour le type: glpi. Retourne les données brutes.
2025-09-03 16:00:26,900 - utils.data_normalizer - WARNING - Aucune stratégie de normalisation trouvée pour le type: glpi. Retourne les données brutes.
2025-09-03 16:00:26,901 - utils.data_normalizer - WARNING - Aucune stratégie de normalisation trouvée pour le type: glpi. Retourne les données brutes.
2025-09-03 16:00:26,901 - utils.data_normalizer - WARNING - Aucune stratégie de normalisation trouvée pour le type: glpi. Retourne les données brutes.
2025-09-03 16:00:26,901 - utils.data_normalizer - WARNING - Aucune stratégie de normalisation trouvée pour le type: glpi. Retourne les données brutes.
2025-09-03 16:00:26,902 - utils.data_normalizer - WARNING - Aucune stratégie de normalisation trouvée pour le type: glpi. Retourne les données brutes.
2025-09-03 16:00:26,902 - utils.data_normalizer - WARNING - Aucune stratégie de normalisation trouvée pour le type: glpi. Retourne les données brutes.
2025-09-03 16:00:26,903 - utils.data_normalizer - WARNING - Aucune stratégie de normalisation trouvée pour le type: glpi. Retourne les données brutes.
2025-09-03 16:00:26,904 - utils.data_normalizer - WARNING - Aucune stratégie de normalisation trouvée pour le type: glpi. Retourne les données brutes.
2025-09-03 16:00:26,904 - utils.data_normalizer - WARNING - Aucune stratégie de normalisation trouvée pour le type: glpi. Retourne les données brutes.
2025-09-03 16:00:26,905 - utils.data_normalizer - WARNING - Aucune stratégie de normalisation trouvée pour le type: glpi. Retourne les données brutes.
2025-09-03 16:00:26,905 - utils.data_normalizer - WARNING - Aucune stratégie de normalisation trouvée pour le type: glpi. Retourne les données brutes.
2025-09-03 16:00:26,906 - utils.data_normalizer - WARNING - Aucune stratégie de normalisation trouvée pour le type: glpi. Retourne les données brutes.
2025-09-03 16:00:26,906 - utils.data_normalizer - WARNING - Aucune stratégie de normalisation trouvée pour le type: glpi. Retourne les données brutes.
2025-09-03 16:00:26,907 - utils.data_normalizer - WARNING - Aucune stratégie de normalisation trouvée pour le type: glpi. Retourne les données brutes.
2025-09-03 16:00:26,907 - utils.data_normalizer - WARNING - Aucune stratégie de normalisation trouvée pour le type: glpi. Retourne les données brutes.
2025-09-03 16:00:26,908 - utils.data_normalizer - WARNING - Aucune stratégie de normalisation trouvée pour le type: glpi. Retourne les données brutes.
2025-09-03 16:00:26,909 - utils.data_normalizer - WARNING - Aucune stratégie de normalisation trouvée pour le type: glpi. Retourne les données brutes.
2025-09-03 16:00:26,909 - utils.data_normalizer - WARNING - Aucune stratégie de normalisation trouvée pour le type: glpi. Retourne les données brutes.
2025-09-03 16:00:26,910 - utils.data_normalizer - WARNING - Aucune stratégie de normalisation trouvée pour le type: glpi. Retourne les données brutes.
2025-09-03 16:00:26,910 - utils.data_normalizer - WARNING - Aucune stratégie de normalisation trouvée pour le type: glpi. Retourne les données brutes.
2025-09-03 16:00:26,911 - utils.data_normalizer - WARNING - Aucune stratégie de normalisation trouvée pour le type: glpi. Retourne les données brutes.
2025-09-03 16:00:26,911 - utils.data_normalizer - WARNING - Aucune stratégie de normalisation trouvée pour le type: glpi. Retourne les données brutes.
2025-09-03 16:00:26,911 - utils.data_normalizer - WARNING - Aucune stratégie de normalisation trouvée pour le type: glpi. Retourne les données brutes.
2025-09-03 16:00:26,912 - utils.data_normalizer - WARNING - Aucune stratégie de normalisation trouvée pour le type: glpi. Retourne les données brutes.
2025-09-03 16:00:26,912 - utils.data_normalizer - WARNING - Aucune stratégie de normalisation trouvée pour le type: glpi. Retourne les données brutes.
2025-09-03 16:00:26,913 - utils.data_normalizer - WARNING - Aucune stratégie de normalisation trouvée pour le type: glpi. Retourne les données brutes.
2025-09-03 16:00:26,913 - utils.data_normalizer - WARNING - Aucune stratégie de normalisation trouvée pour le type: glpi. Retourne les données brutes.
2025-09-03 16:00:26,914 - utils.data_normalizer - WARNING - Aucune stratégie de normalisation trouvée pour le type: glpi. Retourne les données brutes.
2025-09-03 16:00:26,915 - utils.data_normalizer - WARNING - Aucune stratégie de normalisation trouvée pour le type: glpi. Retourne les données brutes.
2025-09-03 16:00:26,915 - utils.data_normalizer - WARNING - Aucune stratégie de normalisation trouvée pour le type: glpi. Retourne les données brutes.
2025-09-03 16:00:26,915 - utils.data_normalizer - WARNING - Aucune stratégie de normalisation trouvée pour le type: glpi. Retourne les données brutes.
2025-09-03 16:00:26,916 - utils.data_normalizer - WARNING - Aucune stratégie de normalisation trouvée pour le type: glpi. Retourne les données brutes.
2025-09-03 16:00:26,916 - utils.data_normalizer - WARNING - Aucune stratégie de normalisation trouvée pour le type: glpi. Retourne les données brutes.
2025-09-03 16:00:26,917 - utils.data_normalizer - WARNING - Aucune stratégie de normalisation trouvée pour le type: glpi. Retourne les données brutes.
2025-09-03 16:00:26,917 - utils.data_normalizer - WARNING - Aucune stratégie de normalisation trouvée pour le type: glpi. Retourne les données brutes.
2025-09-03 16:00:26,918 - utils.data_normalizer - WARNING - Aucune stratégie de normalisation trouvée pour le type: glpi. Retourne les données brutes.
2025-09-03 16:00:26,918 - utils.data_normalizer - WARNING - Aucune stratégie de normalisation trouvée pour le type: glpi. Retourne les données brutes.
2025-09-03 16:00:26,919 - utils.data_normalizer - WARNING - Aucune stratégie de normalisation trouvée pour le type: glpi. Retourne les données brutes.
2025-09-03 16:00:26,919 - utils.data_normalizer - WARNING - Aucune stratégie de normalisation trouvée pour le type: glpi. Retourne les données brutes.
2025-09-03 16:00:26,919 - utils.data_normalizer - WARNING - Aucune stratégie de normalisation trouvée pour le type: glpi. Retourne les données brutes.
2025-09-03 16:00:26,920 - utils.data_normalizer - WARNING - Aucune stratégie de normalisation trouvée pour le type: glpi. Retourne les données brutes.
2025-09-03 16:00:26,921 - utils.data_normalizer - WARNING - Aucune stratégie de normalisation trouvée pour le type: glpi. Retourne les données brutes.
2025-09-03 16:00:26,921 - utils.data_normalizer - WARNING - Aucune stratégie de normalisation trouvée pour le type: glpi. Retourne les données brutes.
2025-09-03 16:00:26,921 - utils.data_normalizer - WARNING - Aucune stratégie de normalisation trouvée pour le type: glpi. Retourne les données brutes.
2025-09-03 16:00:26,921 - utils.data_normalizer - WARNING - Aucune stratégie de normalisation trouvée pour le type: glpi. Retourne les données brutes.
2025-09-03 16:00:26,922 - utils.data_normalizer - WARNING - Aucune stratégie de normalisation trouvée pour le type: glpi. Retourne les données brutes.
2025-09-03 16:00:26,922 - utils.data_normalizer - WARNING - Aucune stratégie de normalisation trouvée pour le type: glpi. Retourne les données brutes.
2025-09-03 16:00:26,922 - utils.data_normalizer - WARNING - Aucune stratégie de normalisation trouvée pour le type: glpi. Retourne les données brutes.
2025-09-03 16:00:26,922 - utils.data_normalizer - WARNING - Aucune stratégie de normalisation trouvée pour le type: glpi. Retourne les données brutes.
2025-09-03 16:00:26,923 - utils.data_normalizer - WARNING - Aucune stratégie de normalisation trouvée pour le type: glpi. Retourne les données brutes.
2025-09-03 16:00:26,923 - utils.data_normalizer - WARNING - Aucune stratégie de normalisation trouvée pour le type: glpi. Retourne les données brutes.
2025-09-03 16:00:26,923 - utils.data_normalizer - WARNING - Aucune stratégie de normalisation trouvée pour le type: glpi. Retourne les données brutes.
2025-09-03 16:00:26,923 - utils.data_normalizer - WARNING - Aucune stratégie de normalisation trouvée pour le type: glpi. Retourne les données brutes.
2025-09-03 16:00:26,924 - utils.data_normalizer - WARNING - Aucune stratégie de normalisation trouvée pour le type: glpi. Retourne les données brutes.
2025-09-03 16:00:26,924 - utils.data_normalizer - WARNING - Aucune stratégie de normalisation trouvée pour le type: glpi. Retourne les données brutes.
2025-09-03 16:00:26,924 - utils.data_normalizer - WARNING - Aucune stratégie de normalisation trouvée pour le type: glpi. Retourne les données brutes.
2025-09-03 16:00:26,925 - utils.data_normalizer - WARNING - Aucune stratégie de normalisation trouvée pour le type: glpi. Retourne les données brutes.
2025-09-03 16:00:26,925 - utils.data_normalizer - WARNING - Aucune stratégie de normalisation trouvée pour le type: glpi. Retourne les données brutes.
2025-09-03 16:00:26,925 - utils.data_normalizer - WARNING - Aucune stratégie de normalisation trouvée pour le type: glpi. Retourne les données brutes.
2025-09-03 16:00:26,925 - utils.data_normalizer - WARNING - Aucune stratégie de normalisation trouvée pour le type: glpi. Retourne les données brutes.
2025-09-03 16:00:26,926 - utils.data_normalizer - WARNING - Aucune stratégie de normalisation trouvée pour le type: glpi. Retourne les données brutes.
2025-09-03 16:00:26,926 - utils.data_normalizer - WARNING - Aucune stratégie de normalisation trouvée pour le type: glpi. Retourne les données brutes.
2025-09-03 16:00:26,926 - utils.data_normalizer - WARNING - Aucune stratégie de normalisation trouvée pour le type: glpi. Retourne les données brutes.
2025-09-03 16:00:26,926 - utils.data_normalizer - WARNING - Aucune stratégie de normalisation trouvée pour le type: glpi. Retourne les données brutes.
2025-09-03 16:00:26,927 - utils.data_normalizer - WARNING - Aucune stratégie de normalisation trouvée pour le type: glpi. Retourne les données brutes.
2025-09-03 16:00:26,927 - utils.data_normalizer - WARNING - Aucune stratégie de normalisation trouvée pour le type: glpi. Retourne les données brutes.
2025-09-03 16:00:26,927 - utils.data_normalizer - WARNING - Aucune stratégie de normalisation trouvée pour le type: glpi. Retourne les données brutes.
2025-09-03 16:00:26,928 - utils.data_normalizer - WARNING - Aucune stratégie de normalisation trouvée pour le type: glpi. Retourne les données brutes.
2025-09-03 16:00:26,928 - utils.data_normalizer - WARNING - Aucune stratégie de normalisation trouvée pour le type: glpi. Retourne les données brutes.
2025-09-03 16:00:26,928 - utils.data_normalizer - WARNING - Aucune stratégie de normalisation trouvée pour le type: glpi. Retourne les données brutes.
2025-09-03 16:00:26,928 - utils.data_normalizer - WARNING - Aucune stratégie de normalisation trouvée pour le type: glpi. Retourne les données brutes.
2025-09-03 16:00:26,930 - utils.data_normalizer - WARNING - Aucune stratégie de normalisation trouvée pour le type: glpi. Retourne les données brutes.
2025-09-03 16:00:26,932 - utils.data_normalizer - WARNING - Aucune stratégie de normalisation trouvée pour le type: glpi. Retourne les données brutes.
2025-09-03 16:00:26,933 - utils.data_normalizer - WARNING - Aucune stratégie de normalisation trouvée pour le type: glpi. Retourne les données brutes.
2025-09-03 16:00:26,934 - utils.data_normalizer - WARNING - Aucune stratégie de normalisation trouvée pour le type: glpi. Retourne les données brutes.
2025-09-03 16:00:26,934 - utils.data_normalizer - WARNING - Aucune stratégie de normalisation trouvée pour le type: glpi. Retourne les données brutes.
2025-09-03 16:00:26,934 - utils.data_normalizer - WARNING - Aucune stratégie de normalisation trouvée pour le type: glpi. Retourne les données brutes.
2025-09-03 16:00:26,935 - utils.data_normalizer - WARNING - Aucune stratégie de normalisation trouvée pour le type: glpi. Retourne les données brutes.
2025-09-03 16:00:26,935 - utils.data_normalizer - WARNING - Aucune stratégie de normalisation trouvée pour le type: glpi. Retourne les données brutes.
2025-09-03 16:00:26,936 - utils.data_normalizer - WARNING - Aucune stratégie de normalisation trouvée pour le type: glpi. Retourne les données brutes.
2025-09-03 16:00:26,937 - utils.data_normalizer - WARNING - Aucune stratégie de normalisation trouvée pour le type: glpi. Retourne les données brutes.
2025-09-03 16:00:26,938 - utils.data_normalizer - WARNING - Aucune stratégie de normalisation trouvée pour le type: glpi. Retourne les données brutes.
2025-09-03 16:00:26,938 - utils.data_normalizer - WARNING - Aucune stratégie de normalisation trouvée pour le type: glpi. Retourne les données brutes.
2025-09-03 16:00:26,938 - utils.data_normalizer - WARNING - Aucune stratégie de normalisation trouvée pour le type: glpi. Retourne les données brutes.
2025-09-03 16:00:26,939 - utils.data_normalizer - WARNING - Aucune stratégie de normalisation trouvée pour le type: glpi. Retourne les données brutes.
2025-09-03 16:00:26,940 - utils.data_normalizer - WARNING - Aucune stratégie de normalisation trouvée pour le type: glpi. Retourne les données brutes.
2025-09-03 16:00:26,940 - utils.data_normalizer - WARNING - Aucune stratégie de normalisation trouvée pour le type: glpi. Retourne les données brutes.
2025-09-03 16:00:26,940 - utils.data_normalizer - WARNING - Aucune stratégie de normalisation trouvée pour le type: glpi. Retourne les données brutes.
2025-09-03 16:00:26,941 - utils.data_normalizer - WARNING - Aucune stratégie de normalisation trouvée pour le type: glpi. Retourne les données brutes.
2025-09-03 16:00:26,941 - utils.data_normalizer - WARNING - Aucune stratégie de normalisation trouvée pour le type: glpi. Retourne les données brutes.
2025-09-03 16:00:26,942 - utils.data_normalizer - WARNING - Aucune stratégie de normalisation trouvée pour le type: glpi. Retourne les données brutes.
2025-09-03 16:00:26,943 - utils.data_normalizer - WARNING - Aucune stratégie de normalisation trouvée pour le type: glpi. Retourne les données brutes.
2025-09-03 16:00:26,943 - utils.data_normalizer - WARNING - Aucune stratégie de normalisation trouvée pour le type: glpi. Retourne les données brutes.
2025-09-03 16:00:26,944 - utils.data_normalizer - WARNING - Aucune stratégie de normalisation trouvée pour le type: glpi. Retourne les données brutes.
2025-09-03 16:00:26,944 - utils.data_normalizer - WARNING - Aucune stratégie de normalisation trouvée pour le type: glpi. Retourne les données brutes.
2025-09-03 16:00:26,944 - utils.data_normalizer - WARNING - Aucune stratégie de normalisation trouvée pour le type: glpi. Retourne les données brutes.
2025-09-03 16:00:26,945 - utils.data_normalizer - WARNING - Aucune stratégie de normalisation trouvée pour le type: glpi. Retourne les données brutes.
2025-09-03 16:00:26,945 - utils.data_normalizer - WARNING - Aucune stratégie de normalisation trouvée pour le type: glpi. Retourne les données brutes.
2025-09-03 16:00:26,947 - utils.data_normalizer - WARNING - Aucune stratégie de normalisation trouvée pour le type: glpi. Retourne les données brutes.
2025-09-03 16:00:26,948 - utils.data_normalizer - WARNING - Aucune stratégie de normalisation trouvée pour le type: glpi. Retourne les données brutes.
2025-09-03 16:00:26,948 - utils.data_normalizer - WARNING - Aucune stratégie de normalisation trouvée pour le type: glpi. Retourne les données brutes.
2025-09-03 16:00:26,949 - utils.data_normalizer - WARNING - Aucune stratégie de normalisation trouvée pour le type: glpi. Retourne les données brutes.
2025-09-03 16:00:26,949 - utils.data_normalizer - WARNING - Aucune stratégie de normalisation trouvée pour le type: glpi. Retourne les données brutes.
2025-09-03 16:00:26,949 - utils.data_normalizer - WARNING - Aucune stratégie de normalisation trouvée pour le type: glpi. Retourne les données brutes.
2025-09-03 16:00:26,950 - utils.data_normalizer - WARNING - Aucune stratégie de normalisation trouvée pour le type: glpi. Retourne les données brutes.
2025-09-03 16:00:26,950 - utils.data_normalizer - WARNING - Aucune stratégie de normalisation trouvée pour le type: glpi. Retourne les données brutes.
2025-09-03 16:00:26,950 - utils.data_normalizer - WARNING - Aucune stratégie de normalisation trouvée pour le type: glpi. Retourne les données brutes.
2025-09-03 16:00:26,951 - utils.data_normalizer - WARNING - Aucune stratégie de normalisation trouvée pour le type: glpi. Retourne les données brutes.
2025-09-03 16:00:26,951 - utils.data_normalizer - WARNING - Aucune stratégie de normalisation trouvée pour le type: glpi. Retourne les données brutes.
2025-09-03 16:00:26,951 - utils.data_normalizer - WARNING - Aucune stratégie de normalisation trouvée pour le type: glpi. Retourne les données brutes.
2025-09-03 16:00:26,952 - utils.data_normalizer - WARNING - Aucune stratégie de normalisation trouvée pour le type: glpi. Retourne les données brutes.
2025-09-03 16:00:26,952 - utils.data_normalizer - WARNING - Aucune stratégie de normalisation trouvée pour le type: glpi. Retourne les données brutes.
2025-09-03 16:00:26,952 - utils.data_normalizer - WARNING - Aucune stratégie de normalisation trouvée pour le type: glpi. Retourne les données brutes.
2025-09-03 16:00:26,953 - utils.data_normalizer - WARNING - Aucune stratégie de normalisation trouvée pour le type: glpi. Retourne les données brutes.
2025-09-03 16:00:26,953 - utils.data_normalizer - WARNING - Aucune stratégie de normalisation trouvée pour le type: glpi. Retourne les données brutes.
2025-09-03 16:00:26,953 - utils.data_normalizer - WARNING - Aucune stratégie de normalisation trouvée pour le type: glpi. Retourne les données brutes.
2025-09-03 16:00:26,953 - utils.data_normalizer - WARNING - Aucune stratégie de normalisation trouvée pour le type: glpi. Retourne les données brutes.
2025-09-03 16:00:26,954 - utils.data_normalizer - WARNING - Aucune stratégie de normalisation trouvée pour le type: glpi. Retourne les données brutes.
2025-09-03 16:00:26,954 - utils.data_normalizer - WARNING - Aucune stratégie de normalisation trouvée pour le type: glpi. Retourne les données brutes.
2025-09-03 16:00:26,955 - utils.data_normalizer - WARNING - Aucune stratégie de normalisation trouvée pour le type: glpi. Retourne les données brutes.
2025-09-03 16:00:26,955 - utils.data_normalizer - WARNING - Aucune stratégie de normalisation trouvée pour le type: glpi. Retourne les données brutes.
2025-09-03 16:00:26,955 - utils.data_normalizer - WARNING - Aucune stratégie de normalisation trouvée pour le type: glpi. Retourne les données brutes.
2025-09-03 16:00:26,955 - utils.data_normalizer - WARNING - Aucune stratégie de normalisation trouvée pour le type: glpi. Retourne les données brutes.
2025-09-03 16:00:26,956 - utils.data_normalizer - WARNING - Aucune stratégie de normalisation trouvée pour le type: glpi. Retourne les données brutes.
2025-09-03 16:00:26,956 - utils.data_normalizer - WARNING - Aucune stratégie de normalisation trouvée pour le type: glpi. Retourne les données brutes.
2025-09-03 16:00:26,956 - utils.data_normalizer - WARNING - Aucune stratégie de normalisation trouvée pour le type: glpi. Retourne les données brutes.
2025-09-03 16:00:26,957 - utils.data_normalizer - WARNING - Aucune stratégie de normalisation trouvée pour le type: glpi. Retourne les données brutes.
2025-09-03 16:00:26,957 - utils.data_normalizer - WARNING - Aucune stratégie de normalisation trouvée pour le type: glpi. Retourne les données brutes.
2025-09-03 16:00:26,958 - utils.data_normalizer - WARNING - Aucune stratégie de normalisation trouvée pour le type: glpi. Retourne les données brutes.
2025-09-03 16:00:26,958 - utils.data_normalizer - WARNING - Aucune stratégie de normalisation trouvée pour le type: glpi. Retourne les données brutes.
2025-09-03 16:00:26,958 - utils.data_normalizer - WARNING - Aucune stratégie de normalisation trouvée pour le type: glpi. Retourne les données brutes.
2025-09-03 16:00:26,958 - utils.data_normalizer - WARNING - Aucune stratégie de normalisation trouvée pour le type: glpi. Retourne les données brutes.
2025-09-03 16:00:26,959 - utils.data_normalizer - WARNING - Aucune stratégie de normalisation trouvée pour le type: glpi. Retourne les données brutes.
2025-09-03 16:00:26,959 - utils.data_normalizer - WARNING - Aucune stratégie de normalisation trouvée pour le type: glpi. Retourne les données brutes.
2025-09-03 16:00:26,959 - utils.data_normalizer - WARNING - Aucune stratégie de normalisation trouvée pour le type: glpi. Retourne les données brutes.
2025-09-03 16:00:26,960 - utils.data_normalizer - WARNING - Aucune stratégie de normalisation trouvée pour le type: glpi. Retourne les données brutes.
2025-09-03 16:00:26,960 - utils.data_normalizer - WARNING - Aucune stratégie de normalisation trouvée pour le type: glpi. Retourne les données brutes.
2025-09-03 16:00:26,960 - utils.data_normalizer - WARNING - Aucune stratégie de normalisation trouvée pour le type: glpi. Retourne les données brutes.
2025-09-03 16:00:26,961 - utils.data_normalizer - WARNING - Aucune stratégie de normalisation trouvée pour le type: glpi. Retourne les données brutes.
2025-09-03 16:00:26,961 - utils.data_normalizer - WARNING - Aucune stratégie de normalisation trouvée pour le type: glpi. Retourne les données brutes.
2025-09-03 16:00:26,961 - utils.data_normalizer - WARNING - Aucune stratégie de normalisation trouvée pour le type: glpi. Retourne les données brutes.
2025-09-03 16:00:26,962 - utils.data_normalizer - WARNING - Aucune stratégie de normalisation trouvée pour le type: glpi. Retourne les données brutes.
2025-09-03 16:00:26,965 - utils.data_normalizer - WARNING - Aucune stratégie de normalisation trouvée pour le type: glpi. Retourne les données brutes.
2025-09-03 16:00:26,986 - utils.data_normalizer - WARNING - Aucune stratégie de normalisation trouvée pour le type: glpi. Retourne les données brutes.
2025-09-03 16:00:26,987 - utils.data_normalizer - WARNING - Aucune stratégie de normalisation trouvée pour le type: glpi. Retourne les données brutes.
2025-09-03 16:00:26,987 - utils.data_normalizer - WARNING - Aucune stratégie de normalisation trouvée pour le type: glpi. Retourne les données brutes.
2025-09-03 16:00:26,988 - utils.data_normalizer - WARNING - Aucune stratégie de normalisation trouvée pour le type: glpi. Retourne les données brutes.
2025-09-03 16:00:26,988 - utils.data_normalizer - WARNING - Aucune stratégie de normalisation trouvée pour le type: glpi. Retourne les données brutes.
2025-09-03 16:00:26,989 - utils.data_normalizer - WARNING - Aucune stratégie de normalisation trouvée pour le type: glpi. Retourne les données brutes.
2025-09-03 16:00:26,989 - utils.data_normalizer - WARNING - Aucune stratégie de normalisation trouvée pour le type: glpi. Retourne les données brutes.
2025-09-03 16:00:26,989 - utils.data_normalizer - WARNING - Aucune stratégie de normalisation trouvée pour le type: glpi. Retourne les données brutes.
2025-09-03 16:00:26,990 - utils.data_normalizer - WARNING - Aucune stratégie de normalisation trouvée pour le type: glpi. Retourne les données brutes.
2025-09-03 16:00:26,990 - utils.data_normalizer - WARNING - Aucune stratégie de normalisation trouvée pour le type: glpi. Retourne les données brutes.
2025-09-03 16:00:26,990 - utils.data_normalizer - WARNING - Aucune stratégie de normalisation trouvée pour le type: glpi. Retourne les données brutes.
2025-09-03 16:00:26,991 - utils.data_normalizer - WARNING - Aucune stratégie de normalisation trouvée pour le type: glpi. Retourne les données brutes.
2025-09-03 16:00:26,991 - utils.data_normalizer - WARNING - Aucune stratégie de normalisation trouvée pour le type: glpi. Retourne les données brutes.
2025-09-03 16:00:26,991 - utils.data_normalizer - WARNING - Aucune stratégie de normalisation trouvée pour le type: glpi. Retourne les données brutes.
2025-09-03 16:00:26,992 - utils.data_normalizer - WARNING - Aucune stratégie de normalisation trouvée pour le type: glpi. Retourne les données brutes.
2025-09-03 16:00:26,992 - utils.data_normalizer - WARNING - Aucune stratégie de normalisation trouvée pour le type: glpi. Retourne les données brutes.
2025-09-03 16:00:26,992 - utils.data_normalizer - WARNING - Aucune stratégie de normalisation trouvée pour le type: glpi. Retourne les données brutes.
2025-09-03 16:00:26,997 - utils.data_normalizer - WARNING - Aucune stratégie de normalisation trouvée pour le type: glpi. Retourne les données brutes.
2025-09-03 16:00:27,006 - utils.data_normalizer - WARNING - Aucune stratégie de normalisation trouvée pour le type: glpi. Retourne les données brutes.
2025-09-03 16:00:27,007 - utils.data_normalizer - WARNING - Aucune stratégie de normalisation trouvée pour le type: glpi. Retourne les données brutes.
2025-09-03 16:00:27,008 - utils.data_normalizer - WARNING - Aucune stratégie de normalisation trouvée pour le type: glpi. Retourne les données brutes.
2025-09-03 16:00:27,008 - utils.data_normalizer - WARNING - Aucune stratégie de normalisation trouvée pour le type: glpi. Retourne les données brutes.
2025-09-03 16:00:27,009 - utils.data_normalizer - WARNING - Aucune stratégie de normalisation trouvée pour le type: glpi. Retourne les données brutes.
2025-09-03 16:00:27,010 - utils.data_normalizer - WARNING - Aucune stratégie de normalisation trouvée pour le type: glpi. Retourne les données brutes.
2025-09-03 16:00:27,010 - utils.data_normalizer - WARNING - Aucune stratégie de normalisation trouvée pour le type: glpi. Retourne les données brutes.
2025-09-03 16:00:27,012 - utils.data_normalizer - WARNING - Aucune stratégie de normalisation trouvée pour le type: glpi. Retourne les données brutes.
2025-09-03 16:00:27,012 - utils.data_normalizer - WARNING - Aucune stratégie de normalisation trouvée pour le type: glpi. Retourne les données brutes.
2025-09-03 16:00:27,012 - utils.data_normalizer - WARNING - Aucune stratégie de normalisation trouvée pour le type: glpi. Retourne les données brutes.
2025-09-03 16:00:27,013 - utils.data_normalizer - WARNING - Aucune stratégie de normalisation trouvée pour le type: glpi. Retourne les données brutes.
2025-09-03 16:00:27,013 - utils.data_normalizer - WARNING - Aucune stratégie de normalisation trouvée pour le type: glpi. Retourne les données brutes.
2025-09-03 16:00:27,014 - utils.data_normalizer - WARNING - Aucune stratégie de normalisation trouvée pour le type: glpi. Retourne les données brutes.
2025-09-03 16:00:27,014 - utils.data_normalizer - WARNING - Aucune stratégie de normalisation trouvée pour le type: glpi. Retourne les données brutes.
2025-09-03 16:00:27,014 - utils.data_normalizer - WARNING - Aucune stratégie de normalisation trouvée pour le type: glpi. Retourne les données brutes.
2025-09-03 16:00:27,015 - utils.data_normalizer - WARNING - Aucune stratégie de normalisation trouvée pour le type: glpi. Retourne les données brutes.
2025-09-03 16:00:27,015 - utils.data_normalizer - WARNING - Aucune stratégie de normalisation trouvée pour le type: glpi. Retourne les données brutes.
2025-09-03 16:00:27,016 - utils.data_normalizer - WARNING - Aucune stratégie de normalisation trouvée pour le type: glpi. Retourne les données brutes.
2025-09-03 16:00:27,018 - utils.data_normalizer - WARNING - Aucune stratégie de normalisation trouvée pour le type: glpi. Retourne les données brutes.
2025-09-03 16:00:27,018 - utils.data_normalizer - WARNING - Aucune stratégie de normalisation trouvée pour le type: glpi. Retourne les données brutes.
2025-09-03 16:00:27,018 - utils.data_normalizer - WARNING - Aucune stratégie de normalisation trouvée pour le type: glpi. Retourne les données brutes.
2025-09-03 16:00:27,019 - utils.data_normalizer - WARNING - Aucune stratégie de normalisation trouvée pour le type: glpi. Retourne les données brutes.
2025-09-03 16:00:27,019 - utils.data_normalizer - WARNING - Aucune stratégie de normalisation trouvée pour le type: glpi. Retourne les données brutes.
2025-09-03 16:00:27,019 - utils.data_normalizer - WARNING - Aucune stratégie de normalisation trouvée pour le type: glpi. Retourne les données brutes.
2025-09-03 16:00:27,020 - utils.data_normalizer - WARNING - Aucune stratégie de normalisation trouvée pour le type: glpi. Retourne les données brutes.
2025-09-03 16:00:27,020 - utils.data_normalizer - WARNING - Aucune stratégie de normalisation trouvée pour le type: glpi. Retourne les données brutes.
2025-09-03 16:00:27,020 - utils.data_normalizer - WARNING - Aucune stratégie de normalisation trouvée pour le type: glpi. Retourne les données brutes.
2025-09-03 16:00:27,021 - utils.data_normalizer - WARNING - Aucune stratégie de normalisation trouvée pour le type: glpi. Retourne les données brutes.
2025-09-03 16:00:27,021 - utils.data_normalizer - WARNING - Aucune stratégie de normalisation trouvée pour le type: glpi. Retourne les données brutes.
2025-09-03 16:00:27,022 - utils.data_normalizer - WARNING - Aucune stratégie de normalisation trouvée pour le type: glpi. Retourne les données brutes.
2025-09-03 16:00:27,022 - utils.data_normalizer - WARNING - Aucune stratégie de normalisation trouvée pour le type: glpi. Retourne les données brutes.
2025-09-03 16:00:27,022 - utils.data_normalizer - WARNING - Aucune stratégie de normalisation trouvée pour le type: glpi. Retourne les données brutes.
2025-09-03 16:00:27,023 - utils.data_normalizer - WARNING - Aucune stratégie de normalisation trouvée pour le type: glpi. Retourne les données brutes.
2025-09-03 16:00:27,023 - utils.data_normalizer - WARNING - Aucune stratégie de normalisation trouvée pour le type: glpi. Retourne les données brutes.
2025-09-03 16:00:27,023 - utils.data_normalizer - WARNING - Aucune stratégie de normalisation trouvée pour le type: glpi. Retourne les données brutes.
2025-09-03 16:00:27,024 - utils.data_normalizer - WARNING - Aucune stratégie de normalisation trouvée pour le type: glpi. Retourne les données brutes.
2025-09-03 16:00:27,024 - utils.data_normalizer - WARNING - Aucune stratégie de normalisation trouvée pour le type: glpi. Retourne les données brutes.
2025-09-03 16:00:27,024 - utils.data_normalizer - WARNING - Aucune stratégie de normalisation trouvée pour le type: glpi. Retourne les données brutes.
2025-09-03 16:00:27,025 - utils.data_normalizer - WARNING - Aucune stratégie de normalisation trouvée pour le type: glpi. Retourne les données brutes.
2025-09-03 16:00:27,025 - utils.data_normalizer - WARNING - Aucune stratégie de normalisation trouvée pour le type: glpi. Retourne les données brutes.
2025-09-03 16:00:27,025 - utils.data_normalizer - WARNING - Aucune stratégie de normalisation trouvée pour le type: glpi. Retourne les données brutes.
2025-09-03 16:00:27,025 - utils.data_normalizer - WARNING - Aucune stratégie de normalisation trouvée pour le type: glpi. Retourne les données brutes.
2025-09-03 16:00:27,026 - utils.data_normalizer - WARNING - Aucune stratégie de normalisation trouvée pour le type: glpi. Retourne les données brutes.
2025-09-03 16:00:27,026 - utils.data_normalizer - WARNING - Aucune stratégie de normalisation trouvée pour le type: glpi. Retourne les données brutes.
2025-09-03 16:00:27,026 - utils.data_normalizer - WARNING - Aucune stratégie de normalisation trouvée pour le type: glpi. Retourne les données brutes.
2025-09-03 16:00:27,026 - utils.data_normalizer - WARNING - Aucune stratégie de normalisation trouvée pour le type: glpi. Retourne les données brutes.
2025-09-03 16:00:27,036 - utils.data_normalizer - WARNING - Aucune stratégie de normalisation trouvée pour le type: glpi. Retourne les données brutes.
2025-09-03 16:00:27,040 - utils.data_normalizer - WARNING - Aucune stratégie de normalisation trouvée pour le type: glpi. Retourne les données brutes.
2025-09-03 16:00:27,041 - utils.data_normalizer - WARNING - Aucune stratégie de normalisation trouvée pour le type: glpi. Retourne les données brutes.
2025-09-03 16:00:27,041 - utils.data_normalizer - WARNING - Aucune stratégie de normalisation trouvée pour le type: glpi. Retourne les données brutes.
2025-09-03 16:00:27,042 - utils.data_normalizer - WARNING - Aucune stratégie de normalisation trouvée pour le type: glpi. Retourne les données brutes.
2025-09-03 16:00:27,043 - utils.data_normalizer - WARNING - Aucune stratégie de normalisation trouvée pour le type: glpi. Retourne les données brutes.
2025-09-03 16:00:27,043 - utils.data_normalizer - WARNING - Aucune stratégie de normalisation trouvée pour le type: glpi. Retourne les données brutes.
2025-09-03 16:00:27,044 - utils.data_normalizer - WARNING - Aucune stratégie de normalisation trouvée pour le type: glpi. Retourne les données brutes.
2025-09-03 16:00:27,044 - utils.data_normalizer - WARNING - Aucune stratégie de normalisation trouvée pour le type: glpi. Retourne les données brutes.
2025-09-03 16:00:27,045 - utils.data_normalizer - WARNING - Aucune stratégie de normalisation trouvée pour le type: glpi. Retourne les données brutes.
2025-09-03 16:00:27,045 - utils.data_normalizer - WARNING - Aucune stratégie de normalisation trouvée pour le type: glpi. Retourne les données brutes.
2025-09-03 16:00:27,046 - utils.data_normalizer - WARNING - Aucune stratégie de normalisation trouvée pour le type: glpi. Retourne les données brutes.
2025-09-03 16:00:27,047 - utils.data_normalizer - WARNING - Aucune stratégie de normalisation trouvée pour le type: glpi. Retourne les données brutes.
2025-09-03 16:00:27,050 - utils.data_normalizer - WARNING - Aucune stratégie de normalisation trouvée pour le type: glpi. Retourne les données brutes.
2025-09-03 16:00:27,053 - utils.data_normalizer - WARNING - Aucune stratégie de normalisation trouvée pour le type: glpi. Retourne les données brutes.
2025-09-03 16:00:27,054 - utils.data_normalizer - WARNING - Aucune stratégie de normalisation trouvée pour le type: glpi. Retourne les données brutes.
2025-09-03 16:00:27,054 - utils.data_normalizer - WARNING - Aucune stratégie de normalisation trouvée pour le type: glpi. Retourne les données brutes.
2025-09-03 16:00:27,055 - utils.data_normalizer - WARNING - Aucune stratégie de normalisation trouvée pour le type: glpi. Retourne les données brutes.
2025-09-03 16:00:27,055 - utils.data_normalizer - WARNING - Aucune stratégie de normalisation trouvée pour le type: glpi. Retourne les données brutes.
2025-09-03 16:00:27,055 - utils.data_normalizer - WARNING - Aucune stratégie de normalisation trouvée pour le type: glpi. Retourne les données brutes.
2025-09-03 16:00:27,056 - utils.data_normalizer - WARNING - Aucune stratégie de normalisation trouvée pour le type: glpi. Retourne les données brutes.
2025-09-03 16:00:27,056 - utils.data_normalizer - WARNING - Aucune stratégie de normalisation trouvée pour le type: glpi. Retourne les données brutes.
2025-09-03 16:00:27,056 - utils.data_normalizer - WARNING - Aucune stratégie de normalisation trouvée pour le type: glpi. Retourne les données brutes.
2025-09-03 16:00:27,057 - utils.data_normalizer - WARNING - Aucune stratégie de normalisation trouvée pour le type: glpi. Retourne les données brutes.
2025-09-03 16:00:27,057 - utils.data_normalizer - WARNING - Aucune stratégie de normalisation trouvée pour le type: glpi. Retourne les données brutes.
2025-09-03 16:00:27,057 - utils.data_normalizer - WARNING - Aucune stratégie de normalisation trouvée pour le type: glpi. Retourne les données brutes.
2025-09-03 16:00:27,070 - utils.data_normalizer - WARNING - Aucune stratégie de normalisation trouvée pour le type: glpi. Retourne les données brutes.
2025-09-03 16:00:27,075 - utils.data_normalizer - WARNING - Aucune stratégie de normalisation trouvée pour le type: glpi. Retourne les données brutes.
2025-09-03 16:00:27,077 - utils.data_normalizer - WARNING - Aucune stratégie de normalisation trouvée pour le type: glpi. Retourne les données brutes.
2025-09-03 16:00:27,079 - utils.data_normalizer - WARNING - Aucune stratégie de normalisation trouvée pour le type: glpi. Retourne les données brutes.
2025-09-03 16:00:27,110 - CHECKMK - VIC-T1 - INFO - Normalisation terminée. 958 serveurs normalisés.
2025-09-03 16:00:27,110 - utils.data_normalizer - WARNING - Aucune stratégie de normalisation trouvée pour le type: glpi. Retourne les données brutes.
2025-09-03 16:00:27,111 - workers.server_agents_worker - INFO - Collecte terminée : 958 serveurs trouvés pour la source : CHECKMK - VIC-T1
2025-09-03 16:00:27,111 - utils.data_normalizer - WARNING - Aucune stratégie de normalisation trouvée pour le type: glpi. Retourne les données brutes.
2025-09-03 16:00:27,112 - utils.data_normalizer - WARNING - Aucune stratégie de normalisation trouvée pour le type: glpi. Retourne les données brutes.
2025-09-03 16:00:27,114 - utils.data_normalizer - WARNING - Aucune stratégie de normalisation trouvée pour le type: glpi. Retourne les données brutes.
2025-09-03 16:00:27,114 - utils.data_normalizer - WARNING - Aucune stratégie de normalisation trouvée pour le type: glpi. Retourne les données brutes.
2025-09-03 16:00:27,115 - utils.data_normalizer - WARNING - Aucune stratégie de normalisation trouvée pour le type: glpi. Retourne les données brutes.
2025-09-03 16:00:27,116 - utils.data_normalizer - WARNING - Aucune stratégie de normalisation trouvée pour le type: glpi. Retourne les données brutes.
2025-09-03 16:00:27,117 - utils.data_normalizer - WARNING - Aucune stratégie de normalisation trouvée pour le type: glpi. Retourne les données brutes.
2025-09-03 16:00:27,118 - utils.data_normalizer - WARNING - Aucune stratégie de normalisation trouvée pour le type: glpi. Retourne les données brutes.
2025-09-03 16:00:27,127 - workers.server_agents_worker - INFO - Données normalisées pour 'CHECKMK - VIC-T1' exportées avec succès vers exports\CHECKMK - VIC-T1.json
2025-09-03 16:00:27,127 - utils.data_normalizer - WARNING - Aucune stratégie de normalisation trouvée pour le type: glpi. Retourne les données brutes.
2025-09-03 16:00:27,128 - utils.data_normalizer - WARNING - Aucune stratégie de normalisation trouvée pour le type: glpi. Retourne les données brutes.
2025-09-03 16:00:27,129 - utils.data_normalizer - WARNING - Aucune stratégie de normalisation trouvée pour le type: glpi. Retourne les données brutes.
2025-09-03 16:00:27,129 - utils.data_normalizer - WARNING - Aucune stratégie de normalisation trouvée pour le type: glpi. Retourne les données brutes.
2025-09-03 16:00:27,130 - utils.data_normalizer - WARNING - Aucune stratégie de normalisation trouvée pour le type: glpi. Retourne les données brutes.
2025-09-03 16:00:27,130 - utils.data_normalizer - WARNING - Aucune stratégie de normalisation trouvée pour le type: glpi. Retourne les données brutes.
2025-09-03 16:00:27,130 - utils.data_normalizer - WARNING - Aucune stratégie de normalisation trouvée pour le type: glpi. Retourne les données brutes.
2025-09-03 16:00:27,131 - utils.data_normalizer - WARNING - Aucune stratégie de normalisation trouvée pour le type: glpi. Retourne les données brutes.
2025-09-03 16:00:27,131 - utils.data_normalizer - WARNING - Aucune stratégie de normalisation trouvée pour le type: glpi. Retourne les données brutes.
2025-09-03 16:00:27,132 - utils.data_normalizer - WARNING - Aucune stratégie de normalisation trouvée pour le type: glpi. Retourne les données brutes.
2025-09-03 16:00:27,132 - utils.data_normalizer - WARNING - Aucune stratégie de normalisation trouvée pour le type: glpi. Retourne les données brutes.
2025-09-03 16:00:27,133 - utils.data_normalizer - WARNING - Aucune stratégie de normalisation trouvée pour le type: glpi. Retourne les données brutes.
2025-09-03 16:00:27,133 - utils.data_normalizer - WARNING - Aucune stratégie de normalisation trouvée pour le type: glpi. Retourne les données brutes.
2025-09-03 16:00:27,134 - utils.data_normalizer - WARNING - Aucune stratégie de normalisation trouvée pour le type: glpi. Retourne les données brutes.
2025-09-03 16:00:27,134 - utils.data_normalizer - WARNING - Aucune stratégie de normalisation trouvée pour le type: glpi. Retourne les données brutes.
2025-09-03 16:00:27,135 - utils.data_normalizer - WARNING - Aucune stratégie de normalisation trouvée pour le type: glpi. Retourne les données brutes.
2025-09-03 16:00:27,135 - utils.data_normalizer - WARNING - Aucune stratégie de normalisation trouvée pour le type: glpi. Retourne les données brutes.
2025-09-03 16:00:27,136 - utils.data_normalizer - WARNING - Aucune stratégie de normalisation trouvée pour le type: glpi. Retourne les données brutes.
2025-09-03 16:00:27,136 - utils.data_normalizer - WARNING - Aucune stratégie de normalisation trouvée pour le type: glpi. Retourne les données brutes.
2025-09-03 16:00:27,136 - utils.data_normalizer - WARNING - Aucune stratégie de normalisation trouvée pour le type: glpi. Retourne les données brutes.
2025-09-03 16:00:27,137 - utils.data_normalizer - WARNING - Aucune stratégie de normalisation trouvée pour le type: glpi. Retourne les données brutes.
2025-09-03 16:00:27,137 - utils.data_normalizer - WARNING - Aucune stratégie de normalisation trouvée pour le type: glpi. Retourne les données brutes.
2025-09-03 16:00:27,137 - utils.data_normalizer - WARNING - Aucune stratégie de normalisation trouvée pour le type: glpi. Retourne les données brutes.
2025-09-03 16:00:27,137 - utils.data_normalizer - WARNING - Aucune stratégie de normalisation trouvée pour le type: glpi. Retourne les données brutes.
2025-09-03 16:00:27,138 - utils.data_normalizer - WARNING - Aucune stratégie de normalisation trouvée pour le type: glpi. Retourne les données brutes.
2025-09-03 16:00:27,138 - utils.data_normalizer - WARNING - Aucune stratégie de normalisation trouvée pour le type: glpi. Retourne les données brutes.
2025-09-03 16:00:27,138 - utils.data_normalizer - WARNING - Aucune stratégie de normalisation trouvée pour le type: glpi. Retourne les données brutes.
2025-09-03 16:00:27,138 - utils.data_normalizer - WARNING - Aucune stratégie de normalisation trouvée pour le type: glpi. Retourne les données brutes.
2025-09-03 16:00:27,138 - utils.data_normalizer - WARNING - Aucune stratégie de normalisation trouvée pour le type: glpi. Retourne les données brutes.
2025-09-03 16:00:27,139 - utils.data_normalizer - WARNING - Aucune stratégie de normalisation trouvée pour le type: glpi. Retourne les données brutes.
2025-09-03 16:00:27,139 - utils.data_normalizer - WARNING - Aucune stratégie de normalisation trouvée pour le type: glpi. Retourne les données brutes.
2025-09-03 16:00:27,139 - utils.data_normalizer - WARNING - Aucune stratégie de normalisation trouvée pour le type: glpi. Retourne les données brutes.
2025-09-03 16:00:27,139 - utils.data_normalizer - WARNING - Aucune stratégie de normalisation trouvée pour le type: glpi. Retourne les données brutes.
2025-09-03 16:00:27,140 - utils.data_normalizer - WARNING - Aucune stratégie de normalisation trouvée pour le type: glpi. Retourne les données brutes.
2025-09-03 16:00:27,140 - utils.data_normalizer - WARNING - Aucune stratégie de normalisation trouvée pour le type: glpi. Retourne les données brutes.
2025-09-03 16:00:27,140 - utils.data_normalizer - WARNING - Aucune stratégie de normalisation trouvée pour le type: glpi. Retourne les données brutes.
2025-09-03 16:00:27,140 - utils.data_normalizer - WARNING - Aucune stratégie de normalisation trouvée pour le type: glpi. Retourne les données brutes.
2025-09-03 16:00:27,140 - utils.data_normalizer - WARNING - Aucune stratégie de normalisation trouvée pour le type: glpi. Retourne les données brutes.
2025-09-03 16:00:27,141 - utils.data_normalizer - WARNING - Aucune stratégie de normalisation trouvée pour le type: glpi. Retourne les données brutes.
2025-09-03 16:00:27,141 - utils.data_normalizer - WARNING - Aucune stratégie de normalisation trouvée pour le type: glpi. Retourne les données brutes.
2025-09-03 16:00:27,141 - utils.data_normalizer - WARNING - Aucune stratégie de normalisation trouvée pour le type: glpi. Retourne les données brutes.
2025-09-03 16:00:27,141 - utils.data_normalizer - WARNING - Aucune stratégie de normalisation trouvée pour le type: glpi. Retourne les données brutes.
2025-09-03 16:00:27,142 - utils.data_normalizer - WARNING - Aucune stratégie de normalisation trouvée pour le type: glpi. Retourne les données brutes.
2025-09-03 16:00:27,142 - utils.data_normalizer - WARNING - Aucune stratégie de normalisation trouvée pour le type: glpi. Retourne les données brutes.
2025-09-03 16:00:27,142 - utils.data_normalizer - WARNING - Aucune stratégie de normalisation trouvée pour le type: glpi. Retourne les données brutes.
2025-09-03 16:00:27,142 - utils.data_normalizer - WARNING - Aucune stratégie de normalisation trouvée pour le type: glpi. Retourne les données brutes.
2025-09-03 16:00:27,142 - utils.data_normalizer - WARNING - Aucune stratégie de normalisation trouvée pour le type: glpi. Retourne les données brutes.
2025-09-03 16:00:27,143 - utils.data_normalizer - WARNING - Aucune stratégie de normalisation trouvée pour le type: glpi. Retourne les données brutes.
2025-09-03 16:00:27,143 - utils.data_normalizer - WARNING - Aucune stratégie de normalisation trouvée pour le type: glpi. Retourne les données brutes.
2025-09-03 16:00:27,143 - utils.data_normalizer - WARNING - Aucune stratégie de normalisation trouvée pour le type: glpi. Retourne les données brutes.
2025-09-03 16:00:27,143 - utils.data_normalizer - WARNING - Aucune stratégie de normalisation trouvée pour le type: glpi. Retourne les données brutes.
2025-09-03 16:00:27,144 - utils.data_normalizer - WARNING - Aucune stratégie de normalisation trouvée pour le type: glpi. Retourne les données brutes.
2025-09-03 16:00:27,144 - utils.data_normalizer - WARNING - Aucune stratégie de normalisation trouvée pour le type: glpi. Retourne les données brutes.
2025-09-03 16:00:27,144 - utils.data_normalizer - WARNING - Aucune stratégie de normalisation trouvée pour le type: glpi. Retourne les données brutes.
2025-09-03 16:00:27,144 - utils.data_normalizer - WARNING - Aucune stratégie de normalisation trouvée pour le type: glpi. Retourne les données brutes.
2025-09-03 16:00:27,145 - utils.data_normalizer - WARNING - Aucune stratégie de normalisation trouvée pour le type: glpi. Retourne les données brutes.
2025-09-03 16:00:27,145 - utils.data_normalizer - WARNING - Aucune stratégie de normalisation trouvée pour le type: glpi. Retourne les données brutes.
2025-09-03 16:00:27,145 - utils.data_normalizer - WARNING - Aucune stratégie de normalisation trouvée pour le type: glpi. Retourne les données brutes.
2025-09-03 16:00:27,145 - utils.data_normalizer - WARNING - Aucune stratégie de normalisation trouvée pour le type: glpi. Retourne les données brutes.
2025-09-03 16:00:27,145 - utils.data_normalizer - WARNING - Aucune stratégie de normalisation trouvée pour le type: glpi. Retourne les données brutes.
2025-09-03 16:00:27,146 - utils.data_normalizer - WARNING - Aucune stratégie de normalisation trouvée pour le type: glpi. Retourne les données brutes.
2025-09-03 16:00:27,146 - utils.data_normalizer - WARNING - Aucune stratégie de normalisation trouvée pour le type: glpi. Retourne les données brutes.
2025-09-03 16:00:27,146 - utils.data_normalizer - WARNING - Aucune stratégie de normalisation trouvée pour le type: glpi. Retourne les données brutes.
2025-09-03 16:00:27,146 - utils.data_normalizer - WARNING - Aucune stratégie de normalisation trouvée pour le type: glpi. Retourne les données brutes.
2025-09-03 16:00:27,147 - utils.data_normalizer - WARNING - Aucune stratégie de normalisation trouvée pour le type: glpi. Retourne les données brutes.
2025-09-03 16:00:27,147 - utils.data_normalizer - WARNING - Aucune stratégie de normalisation trouvée pour le type: glpi. Retourne les données brutes.
2025-09-03 16:00:27,147 - utils.data_normalizer - WARNING - Aucune stratégie de normalisation trouvée pour le type: glpi. Retourne les données brutes.
2025-09-03 16:00:27,148 - utils.data_normalizer - WARNING - Aucune stratégie de normalisation trouvée pour le type: glpi. Retourne les données brutes.
2025-09-03 16:00:27,148 - utils.data_normalizer - WARNING - Aucune stratégie de normalisation trouvée pour le type: glpi. Retourne les données brutes.
2025-09-03 16:00:27,148 - utils.data_normalizer - WARNING - Aucune stratégie de normalisation trouvée pour le type: glpi. Retourne les données brutes.
2025-09-03 16:00:27,151 - utils.data_normalizer - WARNING - Aucune stratégie de normalisation trouvée pour le type: glpi. Retourne les données brutes.
2025-09-03 16:00:27,156 - utils.data_normalizer - WARNING - Aucune stratégie de normalisation trouvée pour le type: glpi. Retourne les données brutes.
2025-09-03 16:00:27,157 - utils.data_normalizer - WARNING - Aucune stratégie de normalisation trouvée pour le type: glpi. Retourne les données brutes.
2025-09-03 16:00:27,157 - utils.data_normalizer - WARNING - Aucune stratégie de normalisation trouvée pour le type: glpi. Retourne les données brutes.
2025-09-03 16:00:27,158 - utils.data_normalizer - WARNING - Aucune stratégie de normalisation trouvée pour le type: glpi. Retourne les données brutes.
2025-09-03 16:00:27,158 - utils.data_normalizer - WARNING - Aucune stratégie de normalisation trouvée pour le type: glpi. Retourne les données brutes.
2025-09-03 16:00:27,158 - utils.data_normalizer - WARNING - Aucune stratégie de normalisation trouvée pour le type: glpi. Retourne les données brutes.
2025-09-03 16:00:27,159 - utils.data_normalizer - WARNING - Aucune stratégie de normalisation trouvée pour le type: glpi. Retourne les données brutes.
2025-09-03 16:00:27,159 - utils.data_normalizer - WARNING - Aucune stratégie de normalisation trouvée pour le type: glpi. Retourne les données brutes.
2025-09-03 16:00:27,160 - utils.data_normalizer - WARNING - Aucune stratégie de normalisation trouvée pour le type: glpi. Retourne les données brutes.
2025-09-03 16:00:27,160 - utils.data_normalizer - WARNING - Aucune stratégie de normalisation trouvée pour le type: glpi. Retourne les données brutes.
2025-09-03 16:00:27,161 - utils.data_normalizer - WARNING - Aucune stratégie de normalisation trouvée pour le type: glpi. Retourne les données brutes.
2025-09-03 16:00:27,161 - utils.data_normalizer - WARNING - Aucune stratégie de normalisation trouvée pour le type: glpi. Retourne les données brutes.
2025-09-03 16:00:27,161 - utils.data_normalizer - WARNING - Aucune stratégie de normalisation trouvée pour le type: glpi. Retourne les données brutes.
2025-09-03 16:00:27,162 - utils.data_normalizer - WARNING - Aucune stratégie de normalisation trouvée pour le type: glpi. Retourne les données brutes.
2025-09-03 16:00:27,162 - utils.data_normalizer - WARNING - Aucune stratégie de normalisation trouvée pour le type: glpi. Retourne les données brutes.
2025-09-03 16:00:27,162 - utils.data_normalizer - WARNING - Aucune stratégie de normalisation trouvée pour le type: glpi. Retourne les données brutes.
2025-09-03 16:00:27,163 - utils.data_normalizer - WARNING - Aucune stratégie de normalisation trouvée pour le type: glpi. Retourne les données brutes.
2025-09-03 16:00:27,163 - utils.data_normalizer - WARNING - Aucune stratégie de normalisation trouvée pour le type: glpi. Retourne les données brutes.
2025-09-03 16:00:27,164 - utils.data_normalizer - WARNING - Aucune stratégie de normalisation trouvée pour le type: glpi. Retourne les données brutes.
2025-09-03 16:00:27,164 - utils.data_normalizer - WARNING - Aucune stratégie de normalisation trouvée pour le type: glpi. Retourne les données brutes.
2025-09-03 16:00:27,164 - utils.data_normalizer - WARNING - Aucune stratégie de normalisation trouvée pour le type: glpi. Retourne les données brutes.
2025-09-03 16:00:27,165 - utils.data_normalizer - WARNING - Aucune stratégie de normalisation trouvée pour le type: glpi. Retourne les données brutes.
2025-09-03 16:00:27,166 - utils.data_normalizer - WARNING - Aucune stratégie de normalisation trouvée pour le type: glpi. Retourne les données brutes.
2025-09-03 16:00:27,166 - utils.data_normalizer - WARNING - Aucune stratégie de normalisation trouvée pour le type: glpi. Retourne les données brutes.
2025-09-03 16:00:27,167 - utils.data_normalizer - WARNING - Aucune stratégie de normalisation trouvée pour le type: glpi. Retourne les données brutes.
2025-09-03 16:00:27,167 - utils.data_normalizer - WARNING - Aucune stratégie de normalisation trouvée pour le type: glpi. Retourne les données brutes.
2025-09-03 16:00:27,167 - utils.data_normalizer - WARNING - Aucune stratégie de normalisation trouvée pour le type: glpi. Retourne les données brutes.
2025-09-03 16:00:27,168 - utils.data_normalizer - WARNING - Aucune stratégie de normalisation trouvée pour le type: glpi. Retourne les données brutes.
2025-09-03 16:00:27,168 - utils.data_normalizer - WARNING - Aucune stratégie de normalisation trouvée pour le type: glpi. Retourne les données brutes.
2025-09-03 16:00:27,169 - utils.data_normalizer - WARNING - Aucune stratégie de normalisation trouvée pour le type: glpi. Retourne les données brutes.
2025-09-03 16:00:27,169 - utils.data_normalizer - WARNING - Aucune stratégie de normalisation trouvée pour le type: glpi. Retourne les données brutes.
2025-09-03 16:00:27,169 - utils.data_normalizer - WARNING - Aucune stratégie de normalisation trouvée pour le type: glpi. Retourne les données brutes.
2025-09-03 16:00:27,170 - utils.data_normalizer - WARNING - Aucune stratégie de normalisation trouvée pour le type: glpi. Retourne les données brutes.
2025-09-03 16:00:27,170 - utils.data_normalizer - WARNING - Aucune stratégie de normalisation trouvée pour le type: glpi. Retourne les données brutes.
2025-09-03 16:00:27,170 - utils.data_normalizer - WARNING - Aucune stratégie de normalisation trouvée pour le type: glpi. Retourne les données brutes.
2025-09-03 16:00:27,170 - utils.data_normalizer - WARNING - Aucune stratégie de normalisation trouvée pour le type: glpi. Retourne les données brutes.
2025-09-03 16:00:27,171 - utils.data_normalizer - WARNING - Aucune stratégie de normalisation trouvée pour le type: glpi. Retourne les données brutes.
2025-09-03 16:00:27,171 - utils.data_normalizer - WARNING - Aucune stratégie de normalisation trouvée pour le type: glpi. Retourne les données brutes.
2025-09-03 16:00:27,171 - utils.data_normalizer - WARNING - Aucune stratégie de normalisation trouvée pour le type: glpi. Retourne les données brutes.
2025-09-03 16:00:27,171 - utils.data_normalizer - WARNING - Aucune stratégie de normalisation trouvée pour le type: glpi. Retourne les données brutes.
2025-09-03 16:00:27,171 - utils.data_normalizer - WARNING - Aucune stratégie de normalisation trouvée pour le type: glpi. Retourne les données brutes.
2025-09-03 16:00:27,172 - utils.data_normalizer - WARNING - Aucune stratégie de normalisation trouvée pour le type: glpi. Retourne les données brutes.
2025-09-03 16:00:27,172 - utils.data_normalizer - WARNING - Aucune stratégie de normalisation trouvée pour le type: glpi. Retourne les données brutes.
2025-09-03 16:00:27,172 - utils.data_normalizer - WARNING - Aucune stratégie de normalisation trouvée pour le type: glpi. Retourne les données brutes.
2025-09-03 16:00:27,172 - utils.data_normalizer - WARNING - Aucune stratégie de normalisation trouvée pour le type: glpi. Retourne les données brutes.
2025-09-03 16:00:27,173 - utils.data_normalizer - WARNING - Aucune stratégie de normalisation trouvée pour le type: glpi. Retourne les données brutes.
2025-09-03 16:00:27,173 - utils.data_normalizer - WARNING - Aucune stratégie de normalisation trouvée pour le type: glpi. Retourne les données brutes.
2025-09-03 16:00:27,173 - utils.data_normalizer - WARNING - Aucune stratégie de normalisation trouvée pour le type: glpi. Retourne les données brutes.
2025-09-03 16:00:27,173 - utils.data_normalizer - WARNING - Aucune stratégie de normalisation trouvée pour le type: glpi. Retourne les données brutes.
2025-09-03 16:00:27,174 - utils.data_normalizer - WARNING - Aucune stratégie de normalisation trouvée pour le type: glpi. Retourne les données brutes.
2025-09-03 16:00:27,174 - utils.data_normalizer - WARNING - Aucune stratégie de normalisation trouvée pour le type: glpi. Retourne les données brutes.
2025-09-03 16:00:27,174 - utils.data_normalizer - WARNING - Aucune stratégie de normalisation trouvée pour le type: glpi. Retourne les données brutes.
2025-09-03 16:00:27,174 - utils.data_normalizer - WARNING - Aucune stratégie de normalisation trouvée pour le type: glpi. Retourne les données brutes.
2025-09-03 16:00:27,175 - utils.data_normalizer - WARNING - Aucune stratégie de normalisation trouvée pour le type: glpi. Retourne les données brutes.
2025-09-03 16:00:27,175 - utils.data_normalizer - WARNING - Aucune stratégie de normalisation trouvée pour le type: glpi. Retourne les données brutes.
2025-09-03 16:00:27,175 - utils.data_normalizer - WARNING - Aucune stratégie de normalisation trouvée pour le type: glpi. Retourne les données brutes.
2025-09-03 16:00:27,175 - utils.data_normalizer - WARNING - Aucune stratégie de normalisation trouvée pour le type: glpi. Retourne les données brutes.
2025-09-03 16:00:27,176 - utils.data_normalizer - WARNING - Aucune stratégie de normalisation trouvée pour le type: glpi. Retourne les données brutes.
2025-09-03 16:00:27,176 - utils.data_normalizer - WARNING - Aucune stratégie de normalisation trouvée pour le type: glpi. Retourne les données brutes.
2025-09-03 16:00:27,176 - utils.data_normalizer - WARNING - Aucune stratégie de normalisation trouvée pour le type: glpi. Retourne les données brutes.
2025-09-03 16:00:27,176 - utils.data_normalizer - WARNING - Aucune stratégie de normalisation trouvée pour le type: glpi. Retourne les données brutes.
2025-09-03 16:00:27,176 - utils.data_normalizer - WARNING - Aucune stratégie de normalisation trouvée pour le type: glpi. Retourne les données brutes.
2025-09-03 16:00:27,177 - utils.data_normalizer - WARNING - Aucune stratégie de normalisation trouvée pour le type: glpi. Retourne les données brutes.
2025-09-03 16:00:27,177 - utils.data_normalizer - WARNING - Aucune stratégie de normalisation trouvée pour le type: glpi. Retourne les données brutes.
2025-09-03 16:00:27,177 - utils.data_normalizer - WARNING - Aucune stratégie de normalisation trouvée pour le type: glpi. Retourne les données brutes.
2025-09-03 16:00:27,177 - utils.data_normalizer - WARNING - Aucune stratégie de normalisation trouvée pour le type: glpi. Retourne les données brutes.
2025-09-03 16:00:27,178 - utils.data_normalizer - WARNING - Aucune stratégie de normalisation trouvée pour le type: glpi. Retourne les données brutes.
2025-09-03 16:00:27,178 - utils.data_normalizer - WARNING - Aucune stratégie de normalisation trouvée pour le type: glpi. Retourne les données brutes.
2025-09-03 16:00:27,178 - utils.data_normalizer - WARNING - Aucune stratégie de normalisation trouvée pour le type: glpi. Retourne les données brutes.
2025-09-03 16:00:27,178 - utils.data_normalizer - WARNING - Aucune stratégie de normalisation trouvée pour le type: glpi. Retourne les données brutes.
2025-09-03 16:00:27,178 - utils.data_normalizer - WARNING - Aucune stratégie de normalisation trouvée pour le type: glpi. Retourne les données brutes.
2025-09-03 16:00:27,179 - utils.data_normalizer - WARNING - Aucune stratégie de normalisation trouvée pour le type: glpi. Retourne les données brutes.
2025-09-03 16:00:27,179 - utils.data_normalizer - WARNING - Aucune stratégie de normalisation trouvée pour le type: glpi. Retourne les données brutes.
2025-09-03 16:00:27,180 - utils.data_normalizer - WARNING - Aucune stratégie de normalisation trouvée pour le type: glpi. Retourne les données brutes.
2025-09-03 16:00:27,180 - utils.data_normalizer - WARNING - Aucune stratégie de normalisation trouvée pour le type: glpi. Retourne les données brutes.
2025-09-03 16:00:27,180 - utils.data_normalizer - WARNING - Aucune stratégie de normalisation trouvée pour le type: glpi. Retourne les données brutes.
2025-09-03 16:00:27,181 - utils.data_normalizer - WARNING - Aucune stratégie de normalisation trouvée pour le type: glpi. Retourne les données brutes.
2025-09-03 16:00:27,186 - utils.data_normalizer - WARNING - Aucune stratégie de normalisation trouvée pour le type: glpi. Retourne les données brutes.
2025-09-03 16:00:27,186 - utils.data_normalizer - WARNING - Aucune stratégie de normalisation trouvée pour le type: glpi. Retourne les données brutes.
2025-09-03 16:00:27,187 - utils.data_normalizer - WARNING - Aucune stratégie de normalisation trouvée pour le type: glpi. Retourne les données brutes.
2025-09-03 16:00:27,188 - utils.data_normalizer - WARNING - Aucune stratégie de normalisation trouvée pour le type: glpi. Retourne les données brutes.
2025-09-03 16:00:27,188 - utils.data_normalizer - WARNING - Aucune stratégie de normalisation trouvée pour le type: glpi. Retourne les données brutes.
2025-09-03 16:00:27,188 - utils.data_normalizer - WARNING - Aucune stratégie de normalisation trouvée pour le type: glpi. Retourne les données brutes.
2025-09-03 16:00:27,189 - utils.data_normalizer - WARNING - Aucune stratégie de normalisation trouvée pour le type: glpi. Retourne les données brutes.
2025-09-03 16:00:27,189 - utils.data_normalizer - WARNING - Aucune stratégie de normalisation trouvée pour le type: glpi. Retourne les données brutes.
2025-09-03 16:00:27,190 - utils.data_normalizer - WARNING - Aucune stratégie de normalisation trouvée pour le type: glpi. Retourne les données brutes.
2025-09-03 16:00:27,190 - utils.data_normalizer - WARNING - Aucune stratégie de normalisation trouvée pour le type: glpi. Retourne les données brutes.
2025-09-03 16:00:27,191 - utils.data_normalizer - WARNING - Aucune stratégie de normalisation trouvée pour le type: glpi. Retourne les données brutes.
2025-09-03 16:00:27,191 - utils.data_normalizer - WARNING - Aucune stratégie de normalisation trouvée pour le type: glpi. Retourne les données brutes.
2025-09-03 16:00:27,192 - utils.data_normalizer - WARNING - Aucune stratégie de normalisation trouvée pour le type: glpi. Retourne les données brutes.
2025-09-03 16:00:27,192 - utils.data_normalizer - WARNING - Aucune stratégie de normalisation trouvée pour le type: glpi. Retourne les données brutes.
2025-09-03 16:00:27,192 - utils.data_normalizer - WARNING - Aucune stratégie de normalisation trouvée pour le type: glpi. Retourne les données brutes.
2025-09-03 16:00:27,193 - utils.data_normalizer - WARNING - Aucune stratégie de normalisation trouvée pour le type: glpi. Retourne les données brutes.
2025-09-03 16:00:27,193 - utils.data_normalizer - WARNING - Aucune stratégie de normalisation trouvée pour le type: glpi. Retourne les données brutes.
2025-09-03 16:00:27,193 - utils.data_normalizer - WARNING - Aucune stratégie de normalisation trouvée pour le type: glpi. Retourne les données brutes.
2025-09-03 16:00:27,194 - utils.data_normalizer - WARNING - Aucune stratégie de normalisation trouvée pour le type: glpi. Retourne les données brutes.
2025-09-03 16:00:27,195 - utils.data_normalizer - WARNING - Aucune stratégie de normalisation trouvée pour le type: glpi. Retourne les données brutes.
2025-09-03 16:00:27,195 - utils.data_normalizer - WARNING - Aucune stratégie de normalisation trouvée pour le type: glpi. Retourne les données brutes.
2025-09-03 16:00:27,196 - utils.data_normalizer - WARNING - Aucune stratégie de normalisation trouvée pour le type: glpi. Retourne les données brutes.
2025-09-03 16:00:27,197 - utils.data_normalizer - WARNING - Aucune stratégie de normalisation trouvée pour le type: glpi. Retourne les données brutes.
2025-09-03 16:00:27,197 - utils.data_normalizer - WARNING - Aucune stratégie de normalisation trouvée pour le type: glpi. Retourne les données brutes.
2025-09-03 16:00:27,198 - utils.data_normalizer - WARNING - Aucune stratégie de normalisation trouvée pour le type: glpi. Retourne les données brutes.
2025-09-03 16:00:27,198 - utils.data_normalizer - WARNING - Aucune stratégie de normalisation trouvée pour le type: glpi. Retourne les données brutes.
2025-09-03 16:00:27,198 - utils.data_normalizer - WARNING - Aucune stratégie de normalisation trouvée pour le type: glpi. Retourne les données brutes.
2025-09-03 16:00:27,199 - utils.data_normalizer - WARNING - Aucune stratégie de normalisation trouvée pour le type: glpi. Retourne les données brutes.
2025-09-03 16:00:27,199 - utils.data_normalizer - WARNING - Aucune stratégie de normalisation trouvée pour le type: glpi. Retourne les données brutes.
2025-09-03 16:00:27,199 - utils.data_normalizer - WARNING - Aucune stratégie de normalisation trouvée pour le type: glpi. Retourne les données brutes.
2025-09-03 16:00:27,200 - utils.data_normalizer - WARNING - Aucune stratégie de normalisation trouvée pour le type: glpi. Retourne les données brutes.
2025-09-03 16:00:27,200 - utils.data_normalizer - WARNING - Aucune stratégie de normalisation trouvée pour le type: glpi. Retourne les données brutes.
2025-09-03 16:00:27,201 - utils.data_normalizer - WARNING - Aucune stratégie de normalisation trouvée pour le type: glpi. Retourne les données brutes.
2025-09-03 16:00:27,201 - utils.data_normalizer - WARNING - Aucune stratégie de normalisation trouvée pour le type: glpi. Retourne les données brutes.
2025-09-03 16:00:27,202 - utils.data_normalizer - WARNING - Aucune stratégie de normalisation trouvée pour le type: glpi. Retourne les données brutes.
2025-09-03 16:00:27,203 - utils.data_normalizer - WARNING - Aucune stratégie de normalisation trouvée pour le type: glpi. Retourne les données brutes.
2025-09-03 16:00:27,203 - utils.data_normalizer - WARNING - Aucune stratégie de normalisation trouvée pour le type: glpi. Retourne les données brutes.
2025-09-03 16:00:27,203 - utils.data_normalizer - WARNING - Aucune stratégie de normalisation trouvée pour le type: glpi. Retourne les données brutes.
2025-09-03 16:00:27,203 - utils.data_normalizer - WARNING - Aucune stratégie de normalisation trouvée pour le type: glpi. Retourne les données brutes.
2025-09-03 16:00:27,204 - utils.data_normalizer - WARNING - Aucune stratégie de normalisation trouvée pour le type: glpi. Retourne les données brutes.
2025-09-03 16:00:27,204 - utils.data_normalizer - WARNING - Aucune stratégie de normalisation trouvée pour le type: glpi. Retourne les données brutes.
2025-09-03 16:00:27,204 - utils.data_normalizer - WARNING - Aucune stratégie de normalisation trouvée pour le type: glpi. Retourne les données brutes.
2025-09-03 16:00:27,205 - utils.data_normalizer - WARNING - Aucune stratégie de normalisation trouvée pour le type: glpi. Retourne les données brutes.
2025-09-03 16:00:27,205 - utils.data_normalizer - WARNING - Aucune stratégie de normalisation trouvée pour le type: glpi. Retourne les données brutes.
2025-09-03 16:00:27,205 - utils.data_normalizer - WARNING - Aucune stratégie de normalisation trouvée pour le type: glpi. Retourne les données brutes.
2025-09-03 16:00:27,205 - utils.data_normalizer - WARNING - Aucune stratégie de normalisation trouvée pour le type: glpi. Retourne les données brutes.
2025-09-03 16:00:27,205 - utils.data_normalizer - WARNING - Aucune stratégie de normalisation trouvée pour le type: glpi. Retourne les données brutes.
2025-09-03 16:00:27,206 - utils.data_normalizer - WARNING - Aucune stratégie de normalisation trouvée pour le type: glpi. Retourne les données brutes.
2025-09-03 16:00:27,206 - utils.data_normalizer - WARNING - Aucune stratégie de normalisation trouvée pour le type: glpi. Retourne les données brutes.
2025-09-03 16:00:27,206 - utils.data_normalizer - WARNING - Aucune stratégie de normalisation trouvée pour le type: glpi. Retourne les données brutes.
2025-09-03 16:00:27,206 - utils.data_normalizer - WARNING - Aucune stratégie de normalisation trouvée pour le type: glpi. Retourne les données brutes.
2025-09-03 16:00:27,207 - utils.data_normalizer - WARNING - Aucune stratégie de normalisation trouvée pour le type: glpi. Retourne les données brutes.
2025-09-03 16:00:27,207 - utils.data_normalizer - WARNING - Aucune stratégie de normalisation trouvée pour le type: glpi. Retourne les données brutes.
2025-09-03 16:00:27,207 - utils.data_normalizer - WARNING - Aucune stratégie de normalisation trouvée pour le type: glpi. Retourne les données brutes.
2025-09-03 16:00:27,207 - utils.data_normalizer - WARNING - Aucune stratégie de normalisation trouvée pour le type: glpi. Retourne les données brutes.
2025-09-03 16:00:27,207 - utils.data_normalizer - WARNING - Aucune stratégie de normalisation trouvée pour le type: glpi. Retourne les données brutes.
2025-09-03 16:00:27,208 - utils.data_normalizer - WARNING - Aucune stratégie de normalisation trouvée pour le type: glpi. Retourne les données brutes.
2025-09-03 16:00:27,208 - utils.data_normalizer - WARNING - Aucune stratégie de normalisation trouvée pour le type: glpi. Retourne les données brutes.
2025-09-03 16:00:27,208 - utils.data_normalizer - WARNING - Aucune stratégie de normalisation trouvée pour le type: glpi. Retourne les données brutes.
2025-09-03 16:00:27,209 - utils.data_normalizer - WARNING - Aucune stratégie de normalisation trouvée pour le type: glpi. Retourne les données brutes.
2025-09-03 16:00:27,209 - utils.data_normalizer - WARNING - Aucune stratégie de normalisation trouvée pour le type: glpi. Retourne les données brutes.
2025-09-03 16:00:27,209 - utils.data_normalizer - WARNING - Aucune stratégie de normalisation trouvée pour le type: glpi. Retourne les données brutes.
2025-09-03 16:00:27,210 - utils.data_normalizer - WARNING - Aucune stratégie de normalisation trouvée pour le type: glpi. Retourne les données brutes.
2025-09-03 16:00:27,210 - utils.data_normalizer - WARNING - Aucune stratégie de normalisation trouvée pour le type: glpi. Retourne les données brutes.
2025-09-03 16:00:27,210 - utils.data_normalizer - WARNING - Aucune stratégie de normalisation trouvée pour le type: glpi. Retourne les données brutes.
2025-09-03 16:00:27,210 - utils.data_normalizer - WARNING - Aucune stratégie de normalisation trouvée pour le type: glpi. Retourne les données brutes.
2025-09-03 16:00:27,210 - utils.data_normalizer - WARNING - Aucune stratégie de normalisation trouvée pour le type: glpi. Retourne les données brutes.
2025-09-03 16:00:27,211 - utils.data_normalizer - WARNING - Aucune stratégie de normalisation trouvée pour le type: glpi. Retourne les données brutes.
2025-09-03 16:00:27,211 - utils.data_normalizer - WARNING - Aucune stratégie de normalisation trouvée pour le type: glpi. Retourne les données brutes.
2025-09-03 16:00:27,211 - utils.data_normalizer - WARNING - Aucune stratégie de normalisation trouvée pour le type: glpi. Retourne les données brutes.
2025-09-03 16:00:27,212 - utils.data_normalizer - WARNING - Aucune stratégie de normalisation trouvée pour le type: glpi. Retourne les données brutes.
2025-09-03 16:00:27,212 - utils.data_normalizer - WARNING - Aucune stratégie de normalisation trouvée pour le type: glpi. Retourne les données brutes.
2025-09-03 16:00:27,212 - utils.data_normalizer - WARNING - Aucune stratégie de normalisation trouvée pour le type: glpi. Retourne les données brutes.
2025-09-03 16:00:27,213 - utils.data_normalizer - WARNING - Aucune stratégie de normalisation trouvée pour le type: glpi. Retourne les données brutes.
2025-09-03 16:00:27,213 - utils.data_normalizer - WARNING - Aucune stratégie de normalisation trouvée pour le type: glpi. Retourne les données brutes.
2025-09-03 16:00:27,213 - utils.data_normalizer - WARNING - Aucune stratégie de normalisation trouvée pour le type: glpi. Retourne les données brutes.
2025-09-03 16:00:27,214 - utils.data_normalizer - WARNING - Aucune stratégie de normalisation trouvée pour le type: glpi. Retourne les données brutes.
2025-09-03 16:00:27,214 - utils.data_normalizer - WARNING - Aucune stratégie de normalisation trouvée pour le type: glpi. Retourne les données brutes.
2025-09-03 16:00:27,214 - utils.data_normalizer - WARNING - Aucune stratégie de normalisation trouvée pour le type: glpi. Retourne les données brutes.
2025-09-03 16:00:27,214 - utils.data_normalizer - WARNING - Aucune stratégie de normalisation trouvée pour le type: glpi. Retourne les données brutes.
2025-09-03 16:00:27,215 - utils.data_normalizer - WARNING - Aucune stratégie de normalisation trouvée pour le type: glpi. Retourne les données brutes.
2025-09-03 16:00:27,215 - utils.data_normalizer - WARNING - Aucune stratégie de normalisation trouvée pour le type: glpi. Retourne les données brutes.
2025-09-03 16:00:27,215 - utils.data_normalizer - WARNING - Aucune stratégie de normalisation trouvée pour le type: glpi. Retourne les données brutes.
2025-09-03 16:00:27,216 - utils.data_normalizer - WARNING - Aucune stratégie de normalisation trouvée pour le type: glpi. Retourne les données brutes.
2025-09-03 16:00:27,216 - utils.data_normalizer - WARNING - Aucune stratégie de normalisation trouvée pour le type: glpi. Retourne les données brutes.
2025-09-03 16:00:27,216 - utils.data_normalizer - WARNING - Aucune stratégie de normalisation trouvée pour le type: glpi. Retourne les données brutes.
2025-09-03 16:00:27,217 - utils.data_normalizer - WARNING - Aucune stratégie de normalisation trouvée pour le type: glpi. Retourne les données brutes.
2025-09-03 16:00:27,217 - utils.data_normalizer - WARNING - Aucune stratégie de normalisation trouvée pour le type: glpi. Retourne les données brutes.
2025-09-03 16:00:27,218 - utils.data_normalizer - WARNING - Aucune stratégie de normalisation trouvée pour le type: glpi. Retourne les données brutes.
2025-09-03 16:00:27,218 - utils.data_normalizer - WARNING - Aucune stratégie de normalisation trouvée pour le type: glpi. Retourne les données brutes.
2025-09-03 16:00:27,220 - utils.data_normalizer - WARNING - Aucune stratégie de normalisation trouvée pour le type: glpi. Retourne les données brutes.
2025-09-03 16:00:27,221 - utils.data_normalizer - WARNING - Aucune stratégie de normalisation trouvée pour le type: glpi. Retourne les données brutes.
2025-09-03 16:00:27,223 - utils.data_normalizer - WARNING - Aucune stratégie de normalisation trouvée pour le type: glpi. Retourne les données brutes.
2025-09-03 16:00:27,225 - utils.data_normalizer - WARNING - Aucune stratégie de normalisation trouvée pour le type: glpi. Retourne les données brutes.
2025-09-03 16:00:27,226 - utils.data_normalizer - WARNING - Aucune stratégie de normalisation trouvée pour le type: glpi. Retourne les données brutes.
2025-09-03 16:00:27,226 - utils.data_normalizer - WARNING - Aucune stratégie de normalisation trouvée pour le type: glpi. Retourne les données brutes.
2025-09-03 16:00:27,227 - utils.data_normalizer - WARNING - Aucune stratégie de normalisation trouvée pour le type: glpi. Retourne les données brutes.
2025-09-03 16:00:27,227 - utils.data_normalizer - WARNING - Aucune stratégie de normalisation trouvée pour le type: glpi. Retourne les données brutes.
2025-09-03 16:00:27,228 - utils.data_normalizer - WARNING - Aucune stratégie de normalisation trouvée pour le type: glpi. Retourne les données brutes.
2025-09-03 16:00:27,228 - utils.data_normalizer - WARNING - Aucune stratégie de normalisation trouvée pour le type: glpi. Retourne les données brutes.
2025-09-03 16:00:27,228 - utils.data_normalizer - WARNING - Aucune stratégie de normalisation trouvée pour le type: glpi. Retourne les données brutes.
2025-09-03 16:00:27,229 - utils.data_normalizer - WARNING - Aucune stratégie de normalisation trouvée pour le type: glpi. Retourne les données brutes.
2025-09-03 16:00:27,229 - utils.data_normalizer - WARNING - Aucune stratégie de normalisation trouvée pour le type: glpi. Retourne les données brutes.
2025-09-03 16:00:27,230 - utils.data_normalizer - WARNING - Aucune stratégie de normalisation trouvée pour le type: glpi. Retourne les données brutes.
2025-09-03 16:00:27,230 - utils.data_normalizer - WARNING - Aucune stratégie de normalisation trouvée pour le type: glpi. Retourne les données brutes.
2025-09-03 16:00:27,231 - utils.data_normalizer - WARNING - Aucune stratégie de normalisation trouvée pour le type: glpi. Retourne les données brutes.
2025-09-03 16:00:27,232 - utils.data_normalizer - WARNING - Aucune stratégie de normalisation trouvée pour le type: glpi. Retourne les données brutes.
2025-09-03 16:00:27,233 - utils.data_normalizer - WARNING - Aucune stratégie de normalisation trouvée pour le type: glpi. Retourne les données brutes.
2025-09-03 16:00:27,233 - utils.data_normalizer - WARNING - Aucune stratégie de normalisation trouvée pour le type: glpi. Retourne les données brutes.
2025-09-03 16:00:27,234 - utils.data_normalizer - WARNING - Aucune stratégie de normalisation trouvée pour le type: glpi. Retourne les données brutes.
2025-09-03 16:00:27,234 - utils.data_normalizer - WARNING - Aucune stratégie de normalisation trouvée pour le type: glpi. Retourne les données brutes.
2025-09-03 16:00:27,235 - utils.data_normalizer - WARNING - Aucune stratégie de normalisation trouvée pour le type: glpi. Retourne les données brutes.
2025-09-03 16:00:27,235 - utils.data_normalizer - WARNING - Aucune stratégie de normalisation trouvée pour le type: glpi. Retourne les données brutes.
2025-09-03 16:00:27,235 - utils.data_normalizer - WARNING - Aucune stratégie de normalisation trouvée pour le type: glpi. Retourne les données brutes.
2025-09-03 16:00:27,236 - utils.data_normalizer - WARNING - Aucune stratégie de normalisation trouvée pour le type: glpi. Retourne les données brutes.
2025-09-03 16:00:27,236 - utils.data_normalizer - WARNING - Aucune stratégie de normalisation trouvée pour le type: glpi. Retourne les données brutes.
2025-09-03 16:00:27,236 - utils.data_normalizer - WARNING - Aucune stratégie de normalisation trouvée pour le type: glpi. Retourne les données brutes.
2025-09-03 16:00:27,237 - utils.data_normalizer - WARNING - Aucune stratégie de normalisation trouvée pour le type: glpi. Retourne les données brutes.
2025-09-03 16:00:27,238 - utils.data_normalizer - WARNING - Aucune stratégie de normalisation trouvée pour le type: glpi. Retourne les données brutes.
2025-09-03 16:00:27,238 - utils.data_normalizer - WARNING - Aucune stratégie de normalisation trouvée pour le type: glpi. Retourne les données brutes.
2025-09-03 16:00:27,238 - utils.data_normalizer - WARNING - Aucune stratégie de normalisation trouvée pour le type: glpi. Retourne les données brutes.
2025-09-03 16:00:27,239 - utils.data_normalizer - WARNING - Aucune stratégie de normalisation trouvée pour le type: glpi. Retourne les données brutes.
2025-09-03 16:00:27,239 - utils.data_normalizer - WARNING - Aucune stratégie de normalisation trouvée pour le type: glpi. Retourne les données brutes.
2025-09-03 16:00:27,240 - utils.data_normalizer - WARNING - Aucune stratégie de normalisation trouvée pour le type: glpi. Retourne les données brutes.
2025-09-03 16:00:27,240 - utils.data_normalizer - WARNING - Aucune stratégie de normalisation trouvée pour le type: glpi. Retourne les données brutes.
2025-09-03 16:00:27,240 - utils.data_normalizer - WARNING - Aucune stratégie de normalisation trouvée pour le type: glpi. Retourne les données brutes.
2025-09-03 16:00:27,242 - utils.data_normalizer - WARNING - Aucune stratégie de normalisation trouvée pour le type: glpi. Retourne les données brutes.
2025-09-03 16:00:27,242 - utils.data_normalizer - WARNING - Aucune stratégie de normalisation trouvée pour le type: glpi. Retourne les données brutes.
2025-09-03 16:00:27,242 - utils.data_normalizer - WARNING - Aucune stratégie de normalisation trouvée pour le type: glpi. Retourne les données brutes.
2025-09-03 16:00:27,243 - utils.data_normalizer - WARNING - Aucune stratégie de normalisation trouvée pour le type: glpi. Retourne les données brutes.
2025-09-03 16:00:27,243 - utils.data_normalizer - WARNING - Aucune stratégie de normalisation trouvée pour le type: glpi. Retourne les données brutes.
2025-09-03 16:00:27,243 - utils.data_normalizer - WARNING - Aucune stratégie de normalisation trouvée pour le type: glpi. Retourne les données brutes.
2025-09-03 16:00:27,244 - utils.data_normalizer - WARNING - Aucune stratégie de normalisation trouvée pour le type: glpi. Retourne les données brutes.
2025-09-03 16:00:27,244 - utils.data_normalizer - WARNING - Aucune stratégie de normalisation trouvée pour le type: glpi. Retourne les données brutes.
2025-09-03 16:00:27,244 - utils.data_normalizer - WARNING - Aucune stratégie de normalisation trouvée pour le type: glpi. Retourne les données brutes.
2025-09-03 16:00:27,245 - utils.data_normalizer - WARNING - Aucune stratégie de normalisation trouvée pour le type: glpi. Retourne les données brutes.
2025-09-03 16:00:27,245 - utils.data_normalizer - WARNING - Aucune stratégie de normalisation trouvée pour le type: glpi. Retourne les données brutes.
2025-09-03 16:00:27,245 - utils.data_normalizer - WARNING - Aucune stratégie de normalisation trouvée pour le type: glpi. Retourne les données brutes.
2025-09-03 16:00:27,245 - utils.data_normalizer - WARNING - Aucune stratégie de normalisation trouvée pour le type: glpi. Retourne les données brutes.
2025-09-03 16:00:27,246 - utils.data_normalizer - WARNING - Aucune stratégie de normalisation trouvée pour le type: glpi. Retourne les données brutes.
2025-09-03 16:00:27,246 - utils.data_normalizer - WARNING - Aucune stratégie de normalisation trouvée pour le type: glpi. Retourne les données brutes.
2025-09-03 16:00:27,250 - utils.data_normalizer - WARNING - Aucune stratégie de normalisation trouvée pour le type: glpi. Retourne les données brutes.
2025-09-03 16:00:27,251 - utils.data_normalizer - WARNING - Aucune stratégie de normalisation trouvée pour le type: glpi. Retourne les données brutes.
2025-09-03 16:00:27,252 - utils.data_normalizer - WARNING - Aucune stratégie de normalisation trouvée pour le type: glpi. Retourne les données brutes.
2025-09-03 16:00:27,252 - utils.data_normalizer - WARNING - Aucune stratégie de normalisation trouvée pour le type: glpi. Retourne les données brutes.
2025-09-03 16:00:27,253 - utils.data_normalizer - WARNING - Aucune stratégie de normalisation trouvée pour le type: glpi. Retourne les données brutes.
2025-09-03 16:00:27,254 - utils.data_normalizer - WARNING - Aucune stratégie de normalisation trouvée pour le type: glpi. Retourne les données brutes.
2025-09-03 16:00:27,254 - utils.data_normalizer - WARNING - Aucune stratégie de normalisation trouvée pour le type: glpi. Retourne les données brutes.
2025-09-03 16:00:27,254 - utils.data_normalizer - WARNING - Aucune stratégie de normalisation trouvée pour le type: glpi. Retourne les données brutes.
2025-09-03 16:00:27,255 - utils.data_normalizer - WARNING - Aucune stratégie de normalisation trouvée pour le type: glpi. Retourne les données brutes.
2025-09-03 16:00:27,255 - utils.data_normalizer - WARNING - Aucune stratégie de normalisation trouvée pour le type: glpi. Retourne les données brutes.
2025-09-03 16:00:27,256 - utils.data_normalizer - WARNING - Aucune stratégie de normalisation trouvée pour le type: glpi. Retourne les données brutes.
2025-09-03 16:00:27,257 - utils.data_normalizer - WARNING - Aucune stratégie de normalisation trouvée pour le type: glpi. Retourne les données brutes.
2025-09-03 16:00:27,257 - utils.data_normalizer - WARNING - Aucune stratégie de normalisation trouvée pour le type: glpi. Retourne les données brutes.
2025-09-03 16:00:27,258 - utils.data_normalizer - WARNING - Aucune stratégie de normalisation trouvée pour le type: glpi. Retourne les données brutes.
2025-09-03 16:00:27,258 - utils.data_normalizer - WARNING - Aucune stratégie de normalisation trouvée pour le type: glpi. Retourne les données brutes.
2025-09-03 16:00:27,259 - utils.data_normalizer - WARNING - Aucune stratégie de normalisation trouvée pour le type: glpi. Retourne les données brutes.
2025-09-03 16:00:27,259 - utils.data_normalizer - WARNING - Aucune stratégie de normalisation trouvée pour le type: glpi. Retourne les données brutes.
2025-09-03 16:00:27,259 - utils.data_normalizer - WARNING - Aucune stratégie de normalisation trouvée pour le type: glpi. Retourne les données brutes.
2025-09-03 16:00:27,260 - utils.data_normalizer - WARNING - Aucune stratégie de normalisation trouvée pour le type: glpi. Retourne les données brutes.
2025-09-03 16:00:27,260 - utils.data_normalizer - WARNING - Aucune stratégie de normalisation trouvée pour le type: glpi. Retourne les données brutes.
2025-09-03 16:00:27,261 - utils.data_normalizer - WARNING - Aucune stratégie de normalisation trouvée pour le type: glpi. Retourne les données brutes.
2025-09-03 16:00:27,261 - utils.data_normalizer - WARNING - Aucune stratégie de normalisation trouvée pour le type: glpi. Retourne les données brutes.
2025-09-03 16:00:27,263 - utils.data_normalizer - WARNING - Aucune stratégie de normalisation trouvée pour le type: glpi. Retourne les données brutes.
2025-09-03 16:00:27,263 - utils.data_normalizer - WARNING - Aucune stratégie de normalisation trouvée pour le type: glpi. Retourne les données brutes.
2025-09-03 16:00:27,264 - utils.data_normalizer - WARNING - Aucune stratégie de normalisation trouvée pour le type: glpi. Retourne les données brutes.
2025-09-03 16:00:27,264 - utils.data_normalizer - WARNING - Aucune stratégie de normalisation trouvée pour le type: glpi. Retourne les données brutes.
2025-09-03 16:00:27,265 - utils.data_normalizer - WARNING - Aucune stratégie de normalisation trouvée pour le type: glpi. Retourne les données brutes.
2025-09-03 16:00:27,265 - utils.data_normalizer - WARNING - Aucune stratégie de normalisation trouvée pour le type: glpi. Retourne les données brutes.
2025-09-03 16:00:27,265 - utils.data_normalizer - WARNING - Aucune stratégie de normalisation trouvée pour le type: glpi. Retourne les données brutes.
2025-09-03 16:00:27,266 - utils.data_normalizer - WARNING - Aucune stratégie de normalisation trouvée pour le type: glpi. Retourne les données brutes.
2025-09-03 16:00:27,266 - utils.data_normalizer - WARNING - Aucune stratégie de normalisation trouvée pour le type: glpi. Retourne les données brutes.
2025-09-03 16:00:27,266 - utils.data_normalizer - WARNING - Aucune stratégie de normalisation trouvée pour le type: glpi. Retourne les données brutes.
2025-09-03 16:00:27,267 - utils.data_normalizer - WARNING - Aucune stratégie de normalisation trouvée pour le type: glpi. Retourne les données brutes.
2025-09-03 16:00:27,267 - utils.data_normalizer - WARNING - Aucune stratégie de normalisation trouvée pour le type: glpi. Retourne les données brutes.
2025-09-03 16:00:27,267 - utils.data_normalizer - WARNING - Aucune stratégie de normalisation trouvée pour le type: glpi. Retourne les données brutes.
2025-09-03 16:00:27,268 - utils.data_normalizer - WARNING - Aucune stratégie de normalisation trouvée pour le type: glpi. Retourne les données brutes.
2025-09-03 16:00:27,268 - utils.data_normalizer - WARNING - Aucune stratégie de normalisation trouvée pour le type: glpi. Retourne les données brutes.
2025-09-03 16:00:27,268 - utils.data_normalizer - WARNING - Aucune stratégie de normalisation trouvée pour le type: glpi. Retourne les données brutes.
2025-09-03 16:00:27,268 - utils.data_normalizer - WARNING - Aucune stratégie de normalisation trouvée pour le type: glpi. Retourne les données brutes.
2025-09-03 16:00:27,268 - utils.data_normalizer - WARNING - Aucune stratégie de normalisation trouvée pour le type: glpi. Retourne les données brutes.
2025-09-03 16:00:27,269 - utils.data_normalizer - WARNING - Aucune stratégie de normalisation trouvée pour le type: glpi. Retourne les données brutes.
2025-09-03 16:00:27,269 - utils.data_normalizer - WARNING - Aucune stratégie de normalisation trouvée pour le type: glpi. Retourne les données brutes.
2025-09-03 16:00:27,269 - utils.data_normalizer - WARNING - Aucune stratégie de normalisation trouvée pour le type: glpi. Retourne les données brutes.
2025-09-03 16:00:27,269 - utils.data_normalizer - WARNING - Aucune stratégie de normalisation trouvée pour le type: glpi. Retourne les données brutes.
2025-09-03 16:00:27,270 - utils.data_normalizer - WARNING - Aucune stratégie de normalisation trouvée pour le type: glpi. Retourne les données brutes.
2025-09-03 16:00:27,270 - utils.data_normalizer - WARNING - Aucune stratégie de normalisation trouvée pour le type: glpi. Retourne les données brutes.
2025-09-03 16:00:27,270 - utils.data_normalizer - WARNING - Aucune stratégie de normalisation trouvée pour le type: glpi. Retourne les données brutes.
2025-09-03 16:00:27,270 - utils.data_normalizer - WARNING - Aucune stratégie de normalisation trouvée pour le type: glpi. Retourne les données brutes.
2025-09-03 16:00:27,270 - utils.data_normalizer - WARNING - Aucune stratégie de normalisation trouvée pour le type: glpi. Retourne les données brutes.
2025-09-03 16:00:27,271 - utils.data_normalizer - WARNING - Aucune stratégie de normalisation trouvée pour le type: glpi. Retourne les données brutes.
2025-09-03 16:00:27,271 - utils.data_normalizer - WARNING - Aucune stratégie de normalisation trouvée pour le type: glpi. Retourne les données brutes.
2025-09-03 16:00:27,271 - utils.data_normalizer - WARNING - Aucune stratégie de normalisation trouvée pour le type: glpi. Retourne les données brutes.
2025-09-03 16:00:27,271 - utils.data_normalizer - WARNING - Aucune stratégie de normalisation trouvée pour le type: glpi. Retourne les données brutes.
2025-09-03 16:00:27,272 - utils.data_normalizer - WARNING - Aucune stratégie de normalisation trouvée pour le type: glpi. Retourne les données brutes.
2025-09-03 16:00:27,272 - utils.data_normalizer - WARNING - Aucune stratégie de normalisation trouvée pour le type: glpi. Retourne les données brutes.
2025-09-03 16:00:27,272 - utils.data_normalizer - WARNING - Aucune stratégie de normalisation trouvée pour le type: glpi. Retourne les données brutes.
2025-09-03 16:00:27,272 - utils.data_normalizer - WARNING - Aucune stratégie de normalisation trouvée pour le type: glpi. Retourne les données brutes.
2025-09-03 16:00:27,273 - utils.data_normalizer - WARNING - Aucune stratégie de normalisation trouvée pour le type: glpi. Retourne les données brutes.
2025-09-03 16:00:27,273 - utils.data_normalizer - WARNING - Aucune stratégie de normalisation trouvée pour le type: glpi. Retourne les données brutes.
2025-09-03 16:00:27,273 - utils.data_normalizer - WARNING - Aucune stratégie de normalisation trouvée pour le type: glpi. Retourne les données brutes.
2025-09-03 16:00:27,273 - utils.data_normalizer - WARNING - Aucune stratégie de normalisation trouvée pour le type: glpi. Retourne les données brutes.
2025-09-03 16:00:27,273 - utils.data_normalizer - WARNING - Aucune stratégie de normalisation trouvée pour le type: glpi. Retourne les données brutes.
2025-09-03 16:00:27,274 - utils.data_normalizer - WARNING - Aucune stratégie de normalisation trouvée pour le type: glpi. Retourne les données brutes.
2025-09-03 16:00:27,274 - utils.data_normalizer - WARNING - Aucune stratégie de normalisation trouvée pour le type: glpi. Retourne les données brutes.
2025-09-03 16:00:27,275 - utils.data_normalizer - WARNING - Aucune stratégie de normalisation trouvée pour le type: glpi. Retourne les données brutes.
2025-09-03 16:00:27,275 - utils.data_normalizer - WARNING - Aucune stratégie de normalisation trouvée pour le type: glpi. Retourne les données brutes.
2025-09-03 16:00:27,275 - utils.data_normalizer - WARNING - Aucune stratégie de normalisation trouvée pour le type: glpi. Retourne les données brutes.
2025-09-03 16:00:27,276 - utils.data_normalizer - WARNING - Aucune stratégie de normalisation trouvée pour le type: glpi. Retourne les données brutes.
2025-09-03 16:00:27,276 - utils.data_normalizer - WARNING - Aucune stratégie de normalisation trouvée pour le type: glpi. Retourne les données brutes.
2025-09-03 16:00:27,276 - utils.data_normalizer - WARNING - Aucune stratégie de normalisation trouvée pour le type: glpi. Retourne les données brutes.
2025-09-03 16:00:27,276 - utils.data_normalizer - WARNING - Aucune stratégie de normalisation trouvée pour le type: glpi. Retourne les données brutes.
2025-09-03 16:00:27,277 - utils.data_normalizer - WARNING - Aucune stratégie de normalisation trouvée pour le type: glpi. Retourne les données brutes.
2025-09-03 16:00:27,277 - utils.data_normalizer - WARNING - Aucune stratégie de normalisation trouvée pour le type: glpi. Retourne les données brutes.
2025-09-03 16:00:27,277 - utils.data_normalizer - WARNING - Aucune stratégie de normalisation trouvée pour le type: glpi. Retourne les données brutes.
2025-09-03 16:00:27,277 - utils.data_normalizer - WARNING - Aucune stratégie de normalisation trouvée pour le type: glpi. Retourne les données brutes.
2025-09-03 16:00:27,278 - utils.data_normalizer - WARNING - Aucune stratégie de normalisation trouvée pour le type: glpi. Retourne les données brutes.
2025-09-03 16:00:27,278 - utils.data_normalizer - WARNING - Aucune stratégie de normalisation trouvée pour le type: glpi. Retourne les données brutes.
2025-09-03 16:00:27,279 - utils.data_normalizer - WARNING - Aucune stratégie de normalisation trouvée pour le type: glpi. Retourne les données brutes.
2025-09-03 16:00:27,279 - utils.data_normalizer - WARNING - Aucune stratégie de normalisation trouvée pour le type: glpi. Retourne les données brutes.
2025-09-03 16:00:27,279 - utils.data_normalizer - WARNING - Aucune stratégie de normalisation trouvée pour le type: glpi. Retourne les données brutes.
2025-09-03 16:00:27,279 - utils.data_normalizer - WARNING - Aucune stratégie de normalisation trouvée pour le type: glpi. Retourne les données brutes.
2025-09-03 16:00:27,280 - utils.data_normalizer - WARNING - Aucune stratégie de normalisation trouvée pour le type: glpi. Retourne les données brutes.
2025-09-03 16:00:27,280 - utils.data_normalizer - WARNING - Aucune stratégie de normalisation trouvée pour le type: glpi. Retourne les données brutes.
2025-09-03 16:00:27,280 - utils.data_normalizer - WARNING - Aucune stratégie de normalisation trouvée pour le type: glpi. Retourne les données brutes.
2025-09-03 16:00:27,281 - utils.data_normalizer - WARNING - Aucune stratégie de normalisation trouvée pour le type: glpi. Retourne les données brutes.
2025-09-03 16:00:27,281 - utils.data_normalizer - WARNING - Aucune stratégie de normalisation trouvée pour le type: glpi. Retourne les données brutes.
2025-09-03 16:00:27,281 - utils.data_normalizer - WARNING - Aucune stratégie de normalisation trouvée pour le type: glpi. Retourne les données brutes.
2025-09-03 16:00:27,281 - utils.data_normalizer - WARNING - Aucune stratégie de normalisation trouvée pour le type: glpi. Retourne les données brutes.
2025-09-03 16:00:27,282 - utils.data_normalizer - WARNING - Aucune stratégie de normalisation trouvée pour le type: glpi. Retourne les données brutes.
2025-09-03 16:00:27,282 - utils.data_normalizer - WARNING - Aucune stratégie de normalisation trouvée pour le type: glpi. Retourne les données brutes.
2025-09-03 16:00:27,282 - utils.data_normalizer - WARNING - Aucune stratégie de normalisation trouvée pour le type: glpi. Retourne les données brutes.
2025-09-03 16:00:27,283 - utils.data_normalizer - WARNING - Aucune stratégie de normalisation trouvée pour le type: glpi. Retourne les données brutes.
2025-09-03 16:00:27,283 - utils.data_normalizer - WARNING - Aucune stratégie de normalisation trouvée pour le type: glpi. Retourne les données brutes.
2025-09-03 16:00:27,283 - utils.data_normalizer - WARNING - Aucune stratégie de normalisation trouvée pour le type: glpi. Retourne les données brutes.
2025-09-03 16:00:27,284 - utils.data_normalizer - WARNING - Aucune stratégie de normalisation trouvée pour le type: glpi. Retourne les données brutes.
2025-09-03 16:00:27,284 - utils.data_normalizer - WARNING - Aucune stratégie de normalisation trouvée pour le type: glpi. Retourne les données brutes.
2025-09-03 16:00:27,284 - utils.data_normalizer - WARNING - Aucune stratégie de normalisation trouvée pour le type: glpi. Retourne les données brutes.
2025-09-03 16:00:27,285 - utils.data_normalizer - WARNING - Aucune stratégie de normalisation trouvée pour le type: glpi. Retourne les données brutes.
2025-09-03 16:00:27,285 - utils.data_normalizer - WARNING - Aucune stratégie de normalisation trouvée pour le type: glpi. Retourne les données brutes.
2025-09-03 16:00:27,286 - utils.data_normalizer - WARNING - Aucune stratégie de normalisation trouvée pour le type: glpi. Retourne les données brutes.
2025-09-03 16:00:27,287 - utils.data_normalizer - WARNING - Aucune stratégie de normalisation trouvée pour le type: glpi. Retourne les données brutes.
2025-09-03 16:00:27,294 - utils.data_normalizer - WARNING - Aucune stratégie de normalisation trouvée pour le type: glpi. Retourne les données brutes.
2025-09-03 16:00:27,295 - utils.data_normalizer - WARNING - Aucune stratégie de normalisation trouvée pour le type: glpi. Retourne les données brutes.
2025-09-03 16:00:27,295 - utils.data_normalizer - WARNING - Aucune stratégie de normalisation trouvée pour le type: glpi. Retourne les données brutes.
2025-09-03 16:00:27,296 - utils.data_normalizer - WARNING - Aucune stratégie de normalisation trouvée pour le type: glpi. Retourne les données brutes.
2025-09-03 16:00:27,296 - utils.data_normalizer - WARNING - Aucune stratégie de normalisation trouvée pour le type: glpi. Retourne les données brutes.
2025-09-03 16:00:27,296 - utils.data_normalizer - WARNING - Aucune stratégie de normalisation trouvée pour le type: glpi. Retourne les données brutes.
2025-09-03 16:00:27,297 - utils.data_normalizer - WARNING - Aucune stratégie de normalisation trouvée pour le type: glpi. Retourne les données brutes.
2025-09-03 16:00:27,297 - utils.data_normalizer - WARNING - Aucune stratégie de normalisation trouvée pour le type: glpi. Retourne les données brutes.
2025-09-03 16:00:27,297 - utils.data_normalizer - WARNING - Aucune stratégie de normalisation trouvée pour le type: glpi. Retourne les données brutes.
2025-09-03 16:00:27,298 - utils.data_normalizer - WARNING - Aucune stratégie de normalisation trouvée pour le type: glpi. Retourne les données brutes.
2025-09-03 16:00:27,298 - utils.data_normalizer - WARNING - Aucune stratégie de normalisation trouvée pour le type: glpi. Retourne les données brutes.
2025-09-03 16:00:27,299 - utils.data_normalizer - WARNING - Aucune stratégie de normalisation trouvée pour le type: glpi. Retourne les données brutes.
2025-09-03 16:00:27,299 - utils.data_normalizer - WARNING - Aucune stratégie de normalisation trouvée pour le type: glpi. Retourne les données brutes.
2025-09-03 16:00:27,300 - utils.data_normalizer - WARNING - Aucune stratégie de normalisation trouvée pour le type: glpi. Retourne les données brutes.
2025-09-03 16:00:27,300 - utils.data_normalizer - WARNING - Aucune stratégie de normalisation trouvée pour le type: glpi. Retourne les données brutes.
2025-09-03 16:00:27,301 - utils.data_normalizer - WARNING - Aucune stratégie de normalisation trouvée pour le type: glpi. Retourne les données brutes.
2025-09-03 16:00:27,301 - utils.data_normalizer - WARNING - Aucune stratégie de normalisation trouvée pour le type: glpi. Retourne les données brutes.
2025-09-03 16:00:27,301 - utils.data_normalizer - WARNING - Aucune stratégie de normalisation trouvée pour le type: glpi. Retourne les données brutes.
2025-09-03 16:00:27,302 - utils.data_normalizer - WARNING - Aucune stratégie de normalisation trouvée pour le type: glpi. Retourne les données brutes.
2025-09-03 16:00:27,302 - utils.data_normalizer - WARNING - Aucune stratégie de normalisation trouvée pour le type: glpi. Retourne les données brutes.
2025-09-03 16:00:27,302 - utils.data_normalizer - WARNING - Aucune stratégie de normalisation trouvée pour le type: glpi. Retourne les données brutes.
2025-09-03 16:00:27,308 - utils.data_normalizer - WARNING - Aucune stratégie de normalisation trouvée pour le type: glpi. Retourne les données brutes.
2025-09-03 16:00:27,309 - utils.data_normalizer - WARNING - Aucune stratégie de normalisation trouvée pour le type: glpi. Retourne les données brutes.
2025-09-03 16:00:27,309 - utils.data_normalizer - WARNING - Aucune stratégie de normalisation trouvée pour le type: glpi. Retourne les données brutes.
2025-09-03 16:00:27,309 - utils.data_normalizer - WARNING - Aucune stratégie de normalisation trouvée pour le type: glpi. Retourne les données brutes.
2025-09-03 16:00:27,309 - utils.data_normalizer - WARNING - Aucune stratégie de normalisation trouvée pour le type: glpi. Retourne les données brutes.
2025-09-03 16:00:27,310 - utils.data_normalizer - WARNING - Aucune stratégie de normalisation trouvée pour le type: glpi. Retourne les données brutes.
2025-09-03 16:00:27,310 - utils.data_normalizer - WARNING - Aucune stratégie de normalisation trouvée pour le type: glpi. Retourne les données brutes.
2025-09-03 16:00:27,310 - utils.data_normalizer - WARNING - Aucune stratégie de normalisation trouvée pour le type: glpi. Retourne les données brutes.
2025-09-03 16:00:27,311 - utils.data_normalizer - WARNING - Aucune stratégie de normalisation trouvée pour le type: glpi. Retourne les données brutes.
2025-09-03 16:00:27,311 - utils.data_normalizer - WARNING - Aucune stratégie de normalisation trouvée pour le type: glpi. Retourne les données brutes.
2025-09-03 16:00:27,311 - utils.data_normalizer - WARNING - Aucune stratégie de normalisation trouvée pour le type: glpi. Retourne les données brutes.
2025-09-03 16:00:27,311 - utils.data_normalizer - WARNING - Aucune stratégie de normalisation trouvée pour le type: glpi. Retourne les données brutes.
2025-09-03 16:00:27,312 - utils.data_normalizer - WARNING - Aucune stratégie de normalisation trouvée pour le type: glpi. Retourne les données brutes.
2025-09-03 16:00:27,312 - utils.data_normalizer - WARNING - Aucune stratégie de normalisation trouvée pour le type: glpi. Retourne les données brutes.
2025-09-03 16:00:27,312 - utils.data_normalizer - WARNING - Aucune stratégie de normalisation trouvée pour le type: glpi. Retourne les données brutes.
2025-09-03 16:00:27,312 - utils.data_normalizer - WARNING - Aucune stratégie de normalisation trouvée pour le type: glpi. Retourne les données brutes.
2025-09-03 16:00:27,313 - utils.data_normalizer - WARNING - Aucune stratégie de normalisation trouvée pour le type: glpi. Retourne les données brutes.
2025-09-03 16:00:27,313 - utils.data_normalizer - WARNING - Aucune stratégie de normalisation trouvée pour le type: glpi. Retourne les données brutes.
2025-09-03 16:00:27,313 - utils.data_normalizer - WARNING - Aucune stratégie de normalisation trouvée pour le type: glpi. Retourne les données brutes.
2025-09-03 16:00:27,313 - utils.data_normalizer - WARNING - Aucune stratégie de normalisation trouvée pour le type: glpi. Retourne les données brutes.
2025-09-03 16:00:27,313 - utils.data_normalizer - WARNING - Aucune stratégie de normalisation trouvée pour le type: glpi. Retourne les données brutes.
2025-09-03 16:00:27,314 - utils.data_normalizer - WARNING - Aucune stratégie de normalisation trouvée pour le type: glpi. Retourne les données brutes.
2025-09-03 16:00:27,314 - utils.data_normalizer - WARNING - Aucune stratégie de normalisation trouvée pour le type: glpi. Retourne les données brutes.
2025-09-03 16:00:27,314 - utils.data_normalizer - WARNING - Aucune stratégie de normalisation trouvée pour le type: glpi. Retourne les données brutes.
2025-09-03 16:00:27,315 - utils.data_normalizer - WARNING - Aucune stratégie de normalisation trouvée pour le type: glpi. Retourne les données brutes.
2025-09-03 16:00:27,315 - utils.data_normalizer - WARNING - Aucune stratégie de normalisation trouvée pour le type: glpi. Retourne les données brutes.
2025-09-03 16:00:27,315 - utils.data_normalizer - WARNING - Aucune stratégie de normalisation trouvée pour le type: glpi. Retourne les données brutes.
2025-09-03 16:00:27,316 - utils.data_normalizer - WARNING - Aucune stratégie de normalisation trouvée pour le type: glpi. Retourne les données brutes.
2025-09-03 16:00:27,316 - utils.data_normalizer - WARNING - Aucune stratégie de normalisation trouvée pour le type: glpi. Retourne les données brutes.
2025-09-03 16:00:27,316 - utils.data_normalizer - WARNING - Aucune stratégie de normalisation trouvée pour le type: glpi. Retourne les données brutes.
2025-09-03 16:00:27,317 - utils.data_normalizer - WARNING - Aucune stratégie de normalisation trouvée pour le type: glpi. Retourne les données brutes.
2025-09-03 16:00:27,317 - utils.data_normalizer - WARNING - Aucune stratégie de normalisation trouvée pour le type: glpi. Retourne les données brutes.
2025-09-03 16:00:27,317 - utils.data_normalizer - WARNING - Aucune stratégie de normalisation trouvée pour le type: glpi. Retourne les données brutes.
2025-09-03 16:00:27,317 - utils.data_normalizer - WARNING - Aucune stratégie de normalisation trouvée pour le type: glpi. Retourne les données brutes.
2025-09-03 16:00:27,318 - utils.data_normalizer - WARNING - Aucune stratégie de normalisation trouvée pour le type: glpi. Retourne les données brutes.
2025-09-03 16:00:27,318 - utils.data_normalizer - WARNING - Aucune stratégie de normalisation trouvée pour le type: glpi. Retourne les données brutes.
2025-09-03 16:00:27,318 - utils.data_normalizer - WARNING - Aucune stratégie de normalisation trouvée pour le type: glpi. Retourne les données brutes.
2025-09-03 16:00:27,318 - utils.data_normalizer - WARNING - Aucune stratégie de normalisation trouvée pour le type: glpi. Retourne les données brutes.
2025-09-03 16:00:27,319 - utils.data_normalizer - WARNING - Aucune stratégie de normalisation trouvée pour le type: glpi. Retourne les données brutes.
2025-09-03 16:00:27,320 - utils.data_normalizer - WARNING - Aucune stratégie de normalisation trouvée pour le type: glpi. Retourne les données brutes.
2025-09-03 16:00:27,321 - utils.data_normalizer - WARNING - Aucune stratégie de normalisation trouvée pour le type: glpi. Retourne les données brutes.
2025-09-03 16:00:27,322 - utils.data_normalizer - WARNING - Aucune stratégie de normalisation trouvée pour le type: glpi. Retourne les données brutes.
2025-09-03 16:00:27,322 - utils.data_normalizer - WARNING - Aucune stratégie de normalisation trouvée pour le type: glpi. Retourne les données brutes.
2025-09-03 16:00:27,323 - utils.data_normalizer - WARNING - Aucune stratégie de normalisation trouvée pour le type: glpi. Retourne les données brutes.
2025-09-03 16:00:27,325 - utils.data_normalizer - WARNING - Aucune stratégie de normalisation trouvée pour le type: glpi. Retourne les données brutes.
2025-09-03 16:00:27,326 - utils.data_normalizer - WARNING - Aucune stratégie de normalisation trouvée pour le type: glpi. Retourne les données brutes.
2025-09-03 16:00:27,327 - utils.data_normalizer - WARNING - Aucune stratégie de normalisation trouvée pour le type: glpi. Retourne les données brutes.
2025-09-03 16:00:27,327 - utils.data_normalizer - WARNING - Aucune stratégie de normalisation trouvée pour le type: glpi. Retourne les données brutes.
2025-09-03 16:00:27,328 - utils.data_normalizer - WARNING - Aucune stratégie de normalisation trouvée pour le type: glpi. Retourne les données brutes.
2025-09-03 16:00:27,329 - utils.data_normalizer - WARNING - Aucune stratégie de normalisation trouvée pour le type: glpi. Retourne les données brutes.
2025-09-03 16:00:27,329 - utils.data_normalizer - WARNING - Aucune stratégie de normalisation trouvée pour le type: glpi. Retourne les données brutes.
2025-09-03 16:00:27,330 - utils.data_normalizer - WARNING - Aucune stratégie de normalisation trouvée pour le type: glpi. Retourne les données brutes.
2025-09-03 16:00:27,330 - utils.data_normalizer - WARNING - Aucune stratégie de normalisation trouvée pour le type: glpi. Retourne les données brutes.
2025-09-03 16:00:27,331 - utils.data_normalizer - WARNING - Aucune stratégie de normalisation trouvée pour le type: glpi. Retourne les données brutes.
2025-09-03 16:00:27,331 - utils.data_normalizer - WARNING - Aucune stratégie de normalisation trouvée pour le type: glpi. Retourne les données brutes.
2025-09-03 16:00:27,332 - utils.data_normalizer - WARNING - Aucune stratégie de normalisation trouvée pour le type: glpi. Retourne les données brutes.
2025-09-03 16:00:27,332 - utils.data_normalizer - WARNING - Aucune stratégie de normalisation trouvée pour le type: glpi. Retourne les données brutes.
2025-09-03 16:00:27,333 - utils.data_normalizer - WARNING - Aucune stratégie de normalisation trouvée pour le type: glpi. Retourne les données brutes.
2025-09-03 16:00:27,333 - utils.data_normalizer - WARNING - Aucune stratégie de normalisation trouvée pour le type: glpi. Retourne les données brutes.
2025-09-03 16:00:27,333 - utils.data_normalizer - WARNING - Aucune stratégie de normalisation trouvée pour le type: glpi. Retourne les données brutes.
2025-09-03 16:00:27,334 - utils.data_normalizer - WARNING - Aucune stratégie de normalisation trouvée pour le type: glpi. Retourne les données brutes.
2025-09-03 16:00:27,334 - utils.data_normalizer - WARNING - Aucune stratégie de normalisation trouvée pour le type: glpi. Retourne les données brutes.
2025-09-03 16:00:27,339 - utils.data_normalizer - WARNING - Aucune stratégie de normalisation trouvée pour le type: glpi. Retourne les données brutes.
2025-09-03 16:00:27,339 - utils.data_normalizer - WARNING - Aucune stratégie de normalisation trouvée pour le type: glpi. Retourne les données brutes.
2025-09-03 16:00:27,340 - utils.data_normalizer - WARNING - Aucune stratégie de normalisation trouvée pour le type: glpi. Retourne les données brutes.
2025-09-03 16:00:27,340 - utils.data_normalizer - WARNING - Aucune stratégie de normalisation trouvée pour le type: glpi. Retourne les données brutes.
2025-09-03 16:00:27,340 - utils.data_normalizer - WARNING - Aucune stratégie de normalisation trouvée pour le type: glpi. Retourne les données brutes.
2025-09-03 16:00:27,340 - utils.data_normalizer - WARNING - Aucune stratégie de normalisation trouvée pour le type: glpi. Retourne les données brutes.
2025-09-03 16:00:27,340 - utils.data_normalizer - WARNING - Aucune stratégie de normalisation trouvée pour le type: glpi. Retourne les données brutes.
2025-09-03 16:00:27,341 - utils.data_normalizer - WARNING - Aucune stratégie de normalisation trouvée pour le type: glpi. Retourne les données brutes.
2025-09-03 16:00:27,341 - utils.data_normalizer - WARNING - Aucune stratégie de normalisation trouvée pour le type: glpi. Retourne les données brutes.
2025-09-03 16:00:27,341 - utils.data_normalizer - WARNING - Aucune stratégie de normalisation trouvée pour le type: glpi. Retourne les données brutes.
2025-09-03 16:00:27,341 - utils.data_normalizer - WARNING - Aucune stratégie de normalisation trouvée pour le type: glpi. Retourne les données brutes.
2025-09-03 16:00:27,342 - utils.data_normalizer - WARNING - Aucune stratégie de normalisation trouvée pour le type: glpi. Retourne les données brutes.
2025-09-03 16:00:27,342 - utils.data_normalizer - WARNING - Aucune stratégie de normalisation trouvée pour le type: glpi. Retourne les données brutes.
2025-09-03 16:00:27,342 - utils.data_normalizer - WARNING - Aucune stratégie de normalisation trouvée pour le type: glpi. Retourne les données brutes.
2025-09-03 16:00:27,343 - utils.data_normalizer - WARNING - Aucune stratégie de normalisation trouvée pour le type: glpi. Retourne les données brutes.
2025-09-03 16:00:27,343 - utils.data_normalizer - WARNING - Aucune stratégie de normalisation trouvée pour le type: glpi. Retourne les données brutes.
2025-09-03 16:00:27,343 - utils.data_normalizer - WARNING - Aucune stratégie de normalisation trouvée pour le type: glpi. Retourne les données brutes.
2025-09-03 16:00:27,344 - utils.data_normalizer - WARNING - Aucune stratégie de normalisation trouvée pour le type: glpi. Retourne les données brutes.
2025-09-03 16:00:27,344 - utils.data_normalizer - WARNING - Aucune stratégie de normalisation trouvée pour le type: glpi. Retourne les données brutes.
2025-09-03 16:00:27,344 - utils.data_normalizer - WARNING - Aucune stratégie de normalisation trouvée pour le type: glpi. Retourne les données brutes.
2025-09-03 16:00:27,344 - utils.data_normalizer - WARNING - Aucune stratégie de normalisation trouvée pour le type: glpi. Retourne les données brutes.
2025-09-03 16:00:27,345 - utils.data_normalizer - WARNING - Aucune stratégie de normalisation trouvée pour le type: glpi. Retourne les données brutes.
2025-09-03 16:00:27,345 - utils.data_normalizer - WARNING - Aucune stratégie de normalisation trouvée pour le type: glpi. Retourne les données brutes.
2025-09-03 16:00:27,345 - utils.data_normalizer - WARNING - Aucune stratégie de normalisation trouvée pour le type: glpi. Retourne les données brutes.
2025-09-03 16:00:27,345 - utils.data_normalizer - WARNING - Aucune stratégie de normalisation trouvée pour le type: glpi. Retourne les données brutes.
2025-09-03 16:00:27,346 - utils.data_normalizer - WARNING - Aucune stratégie de normalisation trouvée pour le type: glpi. Retourne les données brutes.
2025-09-03 16:00:27,346 - utils.data_normalizer - WARNING - Aucune stratégie de normalisation trouvée pour le type: glpi. Retourne les données brutes.
2025-09-03 16:00:27,346 - utils.data_normalizer - WARNING - Aucune stratégie de normalisation trouvée pour le type: glpi. Retourne les données brutes.
2025-09-03 16:00:27,346 - utils.data_normalizer - WARNING - Aucune stratégie de normalisation trouvée pour le type: glpi. Retourne les données brutes.
2025-09-03 16:00:27,346 - utils.data_normalizer - WARNING - Aucune stratégie de normalisation trouvée pour le type: glpi. Retourne les données brutes.
2025-09-03 16:00:27,347 - utils.data_normalizer - WARNING - Aucune stratégie de normalisation trouvée pour le type: glpi. Retourne les données brutes.
2025-09-03 16:00:27,347 - utils.data_normalizer - WARNING - Aucune stratégie de normalisation trouvée pour le type: glpi. Retourne les données brutes.
2025-09-03 16:00:27,347 - utils.data_normalizer - WARNING - Aucune stratégie de normalisation trouvée pour le type: glpi. Retourne les données brutes.
2025-09-03 16:00:27,347 - utils.data_normalizer - WARNING - Aucune stratégie de normalisation trouvée pour le type: glpi. Retourne les données brutes.
2025-09-03 16:00:27,348 - utils.data_normalizer - WARNING - Aucune stratégie de normalisation trouvée pour le type: glpi. Retourne les données brutes.
2025-09-03 16:00:27,348 - utils.data_normalizer - WARNING - Aucune stratégie de normalisation trouvée pour le type: glpi. Retourne les données brutes.
2025-09-03 16:00:27,348 - utils.data_normalizer - WARNING - Aucune stratégie de normalisation trouvée pour le type: glpi. Retourne les données brutes.
2025-09-03 16:00:27,349 - utils.data_normalizer - WARNING - Aucune stratégie de normalisation trouvée pour le type: glpi. Retourne les données brutes.
2025-09-03 16:00:27,349 - utils.data_normalizer - WARNING - Aucune stratégie de normalisation trouvée pour le type: glpi. Retourne les données brutes.
2025-09-03 16:00:27,349 - utils.data_normalizer - WARNING - Aucune stratégie de normalisation trouvée pour le type: glpi. Retourne les données brutes.
2025-09-03 16:00:27,349 - utils.data_normalizer - WARNING - Aucune stratégie de normalisation trouvée pour le type: glpi. Retourne les données brutes.
2025-09-03 16:00:27,350 - utils.data_normalizer - WARNING - Aucune stratégie de normalisation trouvée pour le type: glpi. Retourne les données brutes.
2025-09-03 16:00:27,350 - utils.data_normalizer - WARNING - Aucune stratégie de normalisation trouvée pour le type: glpi. Retourne les données brutes.
2025-09-03 16:00:27,350 - utils.data_normalizer - WARNING - Aucune stratégie de normalisation trouvée pour le type: glpi. Retourne les données brutes.
2025-09-03 16:00:27,350 - utils.data_normalizer - WARNING - Aucune stratégie de normalisation trouvée pour le type: glpi. Retourne les données brutes.
2025-09-03 16:00:27,350 - utils.data_normalizer - WARNING - Aucune stratégie de normalisation trouvée pour le type: glpi. Retourne les données brutes.
2025-09-03 16:00:27,351 - utils.data_normalizer - WARNING - Aucune stratégie de normalisation trouvée pour le type: glpi. Retourne les données brutes.
2025-09-03 16:00:27,351 - utils.data_normalizer - WARNING - Aucune stratégie de normalisation trouvée pour le type: glpi. Retourne les données brutes.
2025-09-03 16:00:27,351 - utils.data_normalizer - WARNING - Aucune stratégie de normalisation trouvée pour le type: glpi. Retourne les données brutes.
2025-09-03 16:00:27,352 - utils.data_normalizer - WARNING - Aucune stratégie de normalisation trouvée pour le type: glpi. Retourne les données brutes.
2025-09-03 16:00:27,352 - utils.data_normalizer - WARNING - Aucune stratégie de normalisation trouvée pour le type: glpi. Retourne les données brutes.
2025-09-03 16:00:27,352 - utils.data_normalizer - WARNING - Aucune stratégie de normalisation trouvée pour le type: glpi. Retourne les données brutes.
2025-09-03 16:00:27,353 - utils.data_normalizer - WARNING - Aucune stratégie de normalisation trouvée pour le type: glpi. Retourne les données brutes.
2025-09-03 16:00:27,353 - utils.data_normalizer - WARNING - Aucune stratégie de normalisation trouvée pour le type: glpi. Retourne les données brutes.
2025-09-03 16:00:27,353 - utils.data_normalizer - WARNING - Aucune stratégie de normalisation trouvée pour le type: glpi. Retourne les données brutes.
2025-09-03 16:00:27,353 - utils.data_normalizer - WARNING - Aucune stratégie de normalisation trouvée pour le type: glpi. Retourne les données brutes.
2025-09-03 16:00:27,354 - utils.data_normalizer - WARNING - Aucune stratégie de normalisation trouvée pour le type: glpi. Retourne les données brutes.
2025-09-03 16:00:27,354 - utils.data_normalizer - WARNING - Aucune stratégie de normalisation trouvée pour le type: glpi. Retourne les données brutes.
2025-09-03 16:00:27,354 - utils.data_normalizer - WARNING - Aucune stratégie de normalisation trouvée pour le type: glpi. Retourne les données brutes.
2025-09-03 16:00:27,354 - utils.data_normalizer - WARNING - Aucune stratégie de normalisation trouvée pour le type: glpi. Retourne les données brutes.
2025-09-03 16:00:27,355 - utils.data_normalizer - WARNING - Aucune stratégie de normalisation trouvée pour le type: glpi. Retourne les données brutes.
2025-09-03 16:00:27,355 - utils.data_normalizer - WARNING - Aucune stratégie de normalisation trouvée pour le type: glpi. Retourne les données brutes.
2025-09-03 16:00:27,355 - utils.data_normalizer - WARNING - Aucune stratégie de normalisation trouvée pour le type: glpi. Retourne les données brutes.
2025-09-03 16:00:27,355 - utils.data_normalizer - WARNING - Aucune stratégie de normalisation trouvée pour le type: glpi. Retourne les données brutes.
2025-09-03 16:00:27,356 - utils.data_normalizer - WARNING - Aucune stratégie de normalisation trouvée pour le type: glpi. Retourne les données brutes.
2025-09-03 16:00:27,356 - utils.data_normalizer - WARNING - Aucune stratégie de normalisation trouvée pour le type: glpi. Retourne les données brutes.
2025-09-03 16:00:27,356 - utils.data_normalizer - WARNING - Aucune stratégie de normalisation trouvée pour le type: glpi. Retourne les données brutes.
2025-09-03 16:00:27,356 - utils.data_normalizer - WARNING - Aucune stratégie de normalisation trouvée pour le type: glpi. Retourne les données brutes.
2025-09-03 16:00:27,356 - GLPI - GLPI-VCSI - INFO - Normalisation terminée. 1041 serveurs normalisés.
2025-09-03 16:00:27,357 - workers.server_agents_worker - INFO - Collecte terminée : 1041 serveurs trouvés pour la source : GLPI - GLPI-VCSI
2025-09-03 16:00:27,391 - workers.server_agents_worker - INFO - Données normalisées pour 'GLPI - GLPI-VCSI' exportées avec succès vers exports\GLPI - GLPI-VCSI.json
2025-09-03 16:00:27,446 - agents.agent_manager - INFO - Données exportées avec succès vers exports\all_agents.json
2025-09-03 16:00:27,447 - agents.agent_manager - INFO - Phase de collecte terminée. Récupération des résultats...
2025-09-03 16:00:27,448 - main - INFO - Application terminée
