2025-09-04 14:58:59,954 - root - INFO - Configuration de logging chargée avec succès.
2025-09-04 14:58:59,955 - main - INFO - Application démarrée
2025-09-04 14:59:00,135 - agents.agent_manager - INFO - Démarrage de la collecte et du traitement en parallèle...
2025-09-04 14:59:00,136 - workers.server_agents_worker - INFO - Démarrage de la collecte et du traitement pour la source : CHECKMK - VIC-T1
2025-09-04 14:59:00,136 - workers.server_agents_worker - INFO - Démarrage de la collecte et du traitement pour la source : CHECKMK - VIC-T0
2025-09-04 14:59:00,137 - workers.server_agents_worker - INFO - Démarrage de la collecte et du traitement pour la source : CHECKMK - OXYA-T0
2025-09-04 14:59:00,137 - workers.server_agents_worker - INFO - Démarrage de la collecte et du traitement pour la source : GLPI - GLPI-VCSI
2025-09-04 14:59:00,615 - CHECKMK - OXYA-T0 - INFO - Normalisation terminée. 31 serveurs normalisés.
2025-09-04 14:59:00,615 - workers.server_agents_worker - INFO - Collecte terminée : 31 serveurs trouvés pour la source : CHECKMK - OXYA-T0
2025-09-04 14:59:00,836 - GLPI - GLPI-VCSI - INFO - Normalisation terminée. 1038 serveurs normalisés.
2025-09-04 14:59:00,837 - workers.server_agents_worker - INFO - Collecte terminée : 1038 serveurs trouvés pour la source : GLPI - GLPI-VCSI
2025-09-04 14:59:01,019 - CHECKMK - VIC-T0 - INFO - Normalisation terminée. 92 serveurs normalisés.
2025-09-04 14:59:01,019 - workers.server_agents_worker - INFO - Collecte terminée : 92 serveurs trouvés pour la source : CHECKMK - VIC-T0
2025-09-04 14:59:01,318 - CHECKMK - VIC-T1 - INFO - Normalisation terminée. 955 serveurs normalisés.
2025-09-04 14:59:01,319 - workers.server_agents_worker - INFO - Collecte terminée : 955 serveurs trouvés pour la source : CHECKMK - VIC-T1
2025-09-04 14:59:01,332 - agents.agent_manager - INFO - Collecte terminée. Démarrage de la consolidation des données.
2025-09-04 14:59:01,515 - agents.agent_manager - INFO - Démarrage de la phase de traitement et de mise à jour des agents.
2025-09-04 14:59:01,521 - agents.agent_manager - INFO - [<ServerHasAgent(server_id=1, agent_id=2)>, <ServerHasAgent(server_id=1, agent_id=5)>, <ServerHasAgent(server_id=1, agent_id=3)>]
2025-09-04 14:59:01,567 - agents.agent_manager - INFO - [<ServerHasAgent(server_id=2, agent_id=2)>, <ServerHasAgent(server_id=2, agent_id=5)>, <ServerHasAgent(server_id=2, agent_id=3)>]
2025-09-04 14:59:01,594 - agents.agent_manager - INFO - [<ServerHasAgent(server_id=3, agent_id=2)>, <ServerHasAgent(server_id=3, agent_id=5)>, <ServerHasAgent(server_id=3, agent_id=3)>]
2025-09-04 14:59:01,619 - agents.agent_manager - INFO - [<ServerHasAgent(server_id=4, agent_id=2)>, <ServerHasAgent(server_id=4, agent_id=5)>, <ServerHasAgent(server_id=4, agent_id=3)>]
2025-09-04 14:59:01,654 - agents.agent_manager - INFO - [<ServerHasAgent(server_id=5, agent_id=2)>, <ServerHasAgent(server_id=5, agent_id=5)>, <ServerHasAgent(server_id=5, agent_id=3)>]
2025-09-04 14:59:01,679 - agents.agent_manager - INFO - [<ServerHasAgent(server_id=6, agent_id=2)>, <ServerHasAgent(server_id=6, agent_id=5)>, <ServerHasAgent(server_id=6, agent_id=3)>]
2025-09-04 14:59:01,712 - agents.agent_manager - INFO - [<ServerHasAgent(server_id=7, agent_id=2)>, <ServerHasAgent(server_id=7, agent_id=5)>, <ServerHasAgent(server_id=7, agent_id=3)>]
2025-09-04 14:59:01,738 - agents.agent_manager - INFO - [<ServerHasAgent(server_id=8, agent_id=2)>, <ServerHasAgent(server_id=8, agent_id=5)>, <ServerHasAgent(server_id=8, agent_id=3)>]
2025-09-04 14:59:01,779 - agents.agent_manager - INFO - [<ServerHasAgent(server_id=9, agent_id=2)>, <ServerHasAgent(server_id=9, agent_id=5)>, <ServerHasAgent(server_id=9, agent_id=3)>]
2025-09-04 14:59:01,804 - agents.agent_manager - INFO - [<ServerHasAgent(server_id=10, agent_id=2)>, <ServerHasAgent(server_id=10, agent_id=5)>, <ServerHasAgent(server_id=10, agent_id=3)>]
2025-09-04 14:59:01,829 - agents.agent_manager - INFO - [<ServerHasAgent(server_id=11, agent_id=2)>, <ServerHasAgent(server_id=11, agent_id=5)>, <ServerHasAgent(server_id=11, agent_id=3)>]
2025-09-04 14:59:01,856 - agents.agent_manager - INFO - [<ServerHasAgent(server_id=12, agent_id=2)>, <ServerHasAgent(server_id=12, agent_id=5)>, <ServerHasAgent(server_id=12, agent_id=3)>]
2025-09-04 14:59:01,880 - agents.agent_manager - INFO - [<ServerHasAgent(server_id=13, agent_id=2)>, <ServerHasAgent(server_id=13, agent_id=5)>, <ServerHasAgent(server_id=13, agent_id=3)>]
2025-09-04 14:59:01,909 - agents.agent_manager - INFO - [<ServerHasAgent(server_id=14, agent_id=2)>, <ServerHasAgent(server_id=14, agent_id=5)>, <ServerHasAgent(server_id=14, agent_id=3)>]
2025-09-04 14:59:01,936 - agents.agent_manager - INFO - [<ServerHasAgent(server_id=15, agent_id=2)>, <ServerHasAgent(server_id=15, agent_id=5)>, <ServerHasAgent(server_id=15, agent_id=3)>]
2025-09-04 14:59:01,964 - agents.agent_manager - INFO - [<ServerHasAgent(server_id=16, agent_id=2)>, <ServerHasAgent(server_id=16, agent_id=5)>, <ServerHasAgent(server_id=16, agent_id=3)>]
2025-09-04 14:59:01,995 - agents.agent_manager - INFO - [<ServerHasAgent(server_id=17, agent_id=2)>, <ServerHasAgent(server_id=17, agent_id=5)>, <ServerHasAgent(server_id=17, agent_id=3)>]
2025-09-04 14:59:02,034 - agents.agent_manager - INFO - [<ServerHasAgent(server_id=18, agent_id=2)>, <ServerHasAgent(server_id=18, agent_id=5)>, <ServerHasAgent(server_id=18, agent_id=3)>]
2025-09-04 14:59:02,059 - agents.agent_manager - INFO - [<ServerHasAgent(server_id=19, agent_id=2)>, <ServerHasAgent(server_id=19, agent_id=5)>, <ServerHasAgent(server_id=19, agent_id=3)>]
2025-09-04 14:59:02,086 - agents.agent_manager - INFO - [<ServerHasAgent(server_id=20, agent_id=2)>, <ServerHasAgent(server_id=20, agent_id=5)>, <ServerHasAgent(server_id=20, agent_id=3)>]
2025-09-04 14:59:02,117 - agents.agent_manager - INFO - [<ServerHasAgent(server_id=21, agent_id=2)>, <ServerHasAgent(server_id=21, agent_id=5)>, <ServerHasAgent(server_id=21, agent_id=3)>]
2025-09-04 14:59:02,140 - agents.agent_manager - INFO - [<ServerHasAgent(server_id=22, agent_id=2)>, <ServerHasAgent(server_id=22, agent_id=5)>, <ServerHasAgent(server_id=22, agent_id=3)>]
2025-09-04 14:59:02,165 - agents.agent_manager - INFO - [<ServerHasAgent(server_id=23, agent_id=2)>, <ServerHasAgent(server_id=23, agent_id=5)>, <ServerHasAgent(server_id=23, agent_id=3)>]
2025-09-04 14:59:02,192 - agents.agent_manager - INFO - [<ServerHasAgent(server_id=24, agent_id=2)>, <ServerHasAgent(server_id=24, agent_id=5)>, <ServerHasAgent(server_id=24, agent_id=3)>]
2025-09-04 14:59:02,221 - agents.agent_manager - INFO - [<ServerHasAgent(server_id=25, agent_id=2)>, <ServerHasAgent(server_id=25, agent_id=5)>, <ServerHasAgent(server_id=25, agent_id=3)>]
2025-09-04 14:59:02,247 - agents.agent_manager - INFO - [<ServerHasAgent(server_id=26, agent_id=2)>, <ServerHasAgent(server_id=26, agent_id=5)>, <ServerHasAgent(server_id=26, agent_id=3)>]
2025-09-04 14:59:02,274 - agents.agent_manager - INFO - [<ServerHasAgent(server_id=27, agent_id=2)>, <ServerHasAgent(server_id=27, agent_id=5)>, <ServerHasAgent(server_id=27, agent_id=3)>]
2025-09-04 14:59:02,300 - agents.agent_manager - INFO - [<ServerHasAgent(server_id=28, agent_id=2)>, <ServerHasAgent(server_id=28, agent_id=5)>, <ServerHasAgent(server_id=28, agent_id=3)>]
2025-09-04 14:59:02,332 - agents.agent_manager - INFO - [<ServerHasAgent(server_id=29, agent_id=2)>, <ServerHasAgent(server_id=29, agent_id=5)>, <ServerHasAgent(server_id=29, agent_id=3)>]
2025-09-04 14:59:02,362 - agents.agent_manager - INFO - [<ServerHasAgent(server_id=30, agent_id=2)>, <ServerHasAgent(server_id=30, agent_id=5)>, <ServerHasAgent(server_id=30, agent_id=3)>]
2025-09-04 14:59:02,390 - agents.agent_manager - INFO - [<ServerHasAgent(server_id=31, agent_id=2)>, <ServerHasAgent(server_id=31, agent_id=5)>, <ServerHasAgent(server_id=31, agent_id=3)>]
2025-09-04 14:59:02,415 - agents.agent_manager - INFO - [<ServerHasAgent(server_id=32, agent_id=2)>, <ServerHasAgent(server_id=32, agent_id=5)>, <ServerHasAgent(server_id=32, agent_id=3)>]
2025-09-04 14:59:02,447 - agents.agent_manager - INFO - [<ServerHasAgent(server_id=33, agent_id=2)>, <ServerHasAgent(server_id=33, agent_id=5)>, <ServerHasAgent(server_id=33, agent_id=3)>]
2025-09-04 14:59:02,475 - agents.agent_manager - INFO - [<ServerHasAgent(server_id=34, agent_id=2)>, <ServerHasAgent(server_id=34, agent_id=5)>, <ServerHasAgent(server_id=34, agent_id=3)>]
2025-09-04 14:59:02,500 - agents.agent_manager - INFO - [<ServerHasAgent(server_id=35, agent_id=2)>, <ServerHasAgent(server_id=35, agent_id=5)>, <ServerHasAgent(server_id=35, agent_id=3)>]
2025-09-04 14:59:02,526 - agents.agent_manager - INFO - [<ServerHasAgent(server_id=36, agent_id=2)>, <ServerHasAgent(server_id=36, agent_id=5)>, <ServerHasAgent(server_id=36, agent_id=3)>]
2025-09-04 14:59:02,558 - agents.agent_manager - INFO - [<ServerHasAgent(server_id=37, agent_id=2)>, <ServerHasAgent(server_id=37, agent_id=5)>, <ServerHasAgent(server_id=37, agent_id=3)>]
2025-09-04 14:59:02,583 - agents.agent_manager - INFO - [<ServerHasAgent(server_id=38, agent_id=2)>, <ServerHasAgent(server_id=38, agent_id=5)>, <ServerHasAgent(server_id=38, agent_id=3)>]
2025-09-04 14:59:02,615 - agents.agent_manager - INFO - [<ServerHasAgent(server_id=39, agent_id=2)>, <ServerHasAgent(server_id=39, agent_id=5)>, <ServerHasAgent(server_id=39, agent_id=3)>]
2025-09-04 14:59:02,643 - agents.agent_manager - INFO - [<ServerHasAgent(server_id=40, agent_id=2)>, <ServerHasAgent(server_id=40, agent_id=5)>, <ServerHasAgent(server_id=40, agent_id=3)>]
2025-09-04 14:59:02,670 - agents.agent_manager - INFO - [<ServerHasAgent(server_id=41, agent_id=2)>, <ServerHasAgent(server_id=41, agent_id=5)>, <ServerHasAgent(server_id=41, agent_id=3)>]
2025-09-04 14:59:02,707 - agents.agent_manager - INFO - [<ServerHasAgent(server_id=42, agent_id=2)>, <ServerHasAgent(server_id=42, agent_id=5)>, <ServerHasAgent(server_id=42, agent_id=3)>]
2025-09-04 14:59:02,755 - agents.agent_manager - INFO - [<ServerHasAgent(server_id=43, agent_id=2)>, <ServerHasAgent(server_id=43, agent_id=5)>, <ServerHasAgent(server_id=43, agent_id=3)>]
2025-09-04 14:59:02,783 - agents.agent_manager - INFO - [<ServerHasAgent(server_id=44, agent_id=2)>, <ServerHasAgent(server_id=44, agent_id=5)>, <ServerHasAgent(server_id=44, agent_id=3)>]
2025-09-04 14:59:02,812 - agents.agent_manager - INFO - [<ServerHasAgent(server_id=45, agent_id=2)>, <ServerHasAgent(server_id=45, agent_id=5)>, <ServerHasAgent(server_id=45, agent_id=3)>]
2025-09-04 14:59:02,843 - agents.agent_manager - INFO - [<ServerHasAgent(server_id=46, agent_id=2)>, <ServerHasAgent(server_id=46, agent_id=5)>, <ServerHasAgent(server_id=46, agent_id=3)>]
2025-09-04 14:59:02,876 - agents.agent_manager - INFO - [<ServerHasAgent(server_id=47, agent_id=2)>, <ServerHasAgent(server_id=47, agent_id=5)>, <ServerHasAgent(server_id=47, agent_id=3)>]
2025-09-04 14:59:02,903 - agents.agent_manager - INFO - [<ServerHasAgent(server_id=48, agent_id=2)>, <ServerHasAgent(server_id=48, agent_id=5)>, <ServerHasAgent(server_id=48, agent_id=3)>]
2025-09-04 14:59:02,933 - agents.agent_manager - INFO - [<ServerHasAgent(server_id=49, agent_id=2)>, <ServerHasAgent(server_id=49, agent_id=5)>, <ServerHasAgent(server_id=49, agent_id=3)>]
2025-09-04 14:59:02,962 - agents.agent_manager - INFO - [<ServerHasAgent(server_id=50, agent_id=2)>, <ServerHasAgent(server_id=50, agent_id=5)>, <ServerHasAgent(server_id=50, agent_id=3)>]
2025-09-04 14:59:02,993 - agents.agent_manager - INFO - [<ServerHasAgent(server_id=51, agent_id=2)>, <ServerHasAgent(server_id=51, agent_id=5)>, <ServerHasAgent(server_id=51, agent_id=3)>]
2025-09-04 14:59:03,032 - agents.agent_manager - INFO - [<ServerHasAgent(server_id=52, agent_id=2)>, <ServerHasAgent(server_id=52, agent_id=5)>, <ServerHasAgent(server_id=52, agent_id=3)>]
2025-09-04 14:59:03,059 - agents.agent_manager - INFO - [<ServerHasAgent(server_id=53, agent_id=2)>, <ServerHasAgent(server_id=53, agent_id=5)>, <ServerHasAgent(server_id=53, agent_id=3)>]
2025-09-04 14:59:03,086 - agents.agent_manager - INFO - [<ServerHasAgent(server_id=54, agent_id=2)>, <ServerHasAgent(server_id=54, agent_id=5)>, <ServerHasAgent(server_id=54, agent_id=3)>]
2025-09-04 14:59:03,114 - agents.agent_manager - INFO - [<ServerHasAgent(server_id=55, agent_id=2)>, <ServerHasAgent(server_id=55, agent_id=5)>, <ServerHasAgent(server_id=55, agent_id=3)>]
2025-09-04 14:59:03,139 - agents.agent_manager - INFO - [<ServerHasAgent(server_id=56, agent_id=2)>, <ServerHasAgent(server_id=56, agent_id=5)>, <ServerHasAgent(server_id=56, agent_id=3)>]
2025-09-04 14:59:03,169 - agents.agent_manager - INFO - [<ServerHasAgent(server_id=57, agent_id=2)>, <ServerHasAgent(server_id=57, agent_id=5)>, <ServerHasAgent(server_id=57, agent_id=3)>]
2025-09-04 14:59:03,203 - agents.agent_manager - INFO - [<ServerHasAgent(server_id=58, agent_id=2)>, <ServerHasAgent(server_id=58, agent_id=5)>, <ServerHasAgent(server_id=58, agent_id=3)>]
2025-09-04 14:59:03,232 - agents.agent_manager - INFO - [<ServerHasAgent(server_id=59, agent_id=2)>, <ServerHasAgent(server_id=59, agent_id=5)>, <ServerHasAgent(server_id=59, agent_id=3)>]
2025-09-04 14:59:03,259 - agents.agent_manager - INFO - [<ServerHasAgent(server_id=60, agent_id=2)>, <ServerHasAgent(server_id=60, agent_id=5)>, <ServerHasAgent(server_id=60, agent_id=3)>]
2025-09-04 14:59:03,290 - agents.agent_manager - INFO - [<ServerHasAgent(server_id=61, agent_id=2)>, <ServerHasAgent(server_id=61, agent_id=5)>, <ServerHasAgent(server_id=61, agent_id=3)>]
2025-09-04 14:59:03,318 - agents.agent_manager - INFO - [<ServerHasAgent(server_id=62, agent_id=2)>, <ServerHasAgent(server_id=62, agent_id=5)>, <ServerHasAgent(server_id=62, agent_id=3)>]
2025-09-04 14:59:03,347 - agents.agent_manager - INFO - [<ServerHasAgent(server_id=63, agent_id=2)>, <ServerHasAgent(server_id=63, agent_id=5)>, <ServerHasAgent(server_id=63, agent_id=3)>]
2025-09-04 14:59:03,373 - agents.agent_manager - INFO - [<ServerHasAgent(server_id=64, agent_id=2)>, <ServerHasAgent(server_id=64, agent_id=5)>, <ServerHasAgent(server_id=64, agent_id=3)>]
2025-09-04 14:59:03,400 - agents.agent_manager - INFO - [<ServerHasAgent(server_id=65, agent_id=2)>, <ServerHasAgent(server_id=65, agent_id=5)>, <ServerHasAgent(server_id=65, agent_id=3)>]
2025-09-04 14:59:03,424 - agents.agent_manager - INFO - [<ServerHasAgent(server_id=66, agent_id=2)>, <ServerHasAgent(server_id=66, agent_id=5)>, <ServerHasAgent(server_id=66, agent_id=3)>]
2025-09-04 14:59:03,450 - agents.agent_manager - INFO - [<ServerHasAgent(server_id=67, agent_id=2)>, <ServerHasAgent(server_id=67, agent_id=5)>, <ServerHasAgent(server_id=67, agent_id=3)>]
2025-09-04 14:59:03,477 - agents.agent_manager - INFO - [<ServerHasAgent(server_id=68, agent_id=2)>, <ServerHasAgent(server_id=68, agent_id=5)>, <ServerHasAgent(server_id=68, agent_id=3)>]
2025-09-04 14:59:03,516 - agents.agent_manager - INFO - [<ServerHasAgent(server_id=69, agent_id=2)>, <ServerHasAgent(server_id=69, agent_id=5)>, <ServerHasAgent(server_id=69, agent_id=3)>]
2025-09-04 14:59:03,543 - agents.agent_manager - INFO - [<ServerHasAgent(server_id=70, agent_id=2)>, <ServerHasAgent(server_id=70, agent_id=5)>, <ServerHasAgent(server_id=70, agent_id=3)>]
2025-09-04 14:59:03,571 - agents.agent_manager - INFO - [<ServerHasAgent(server_id=71, agent_id=2)>, <ServerHasAgent(server_id=71, agent_id=5)>, <ServerHasAgent(server_id=71, agent_id=3)>]
2025-09-04 14:59:03,598 - agents.agent_manager - INFO - [<ServerHasAgent(server_id=72, agent_id=2)>, <ServerHasAgent(server_id=72, agent_id=5)>, <ServerHasAgent(server_id=72, agent_id=3)>]
2025-09-04 14:59:03,630 - agents.agent_manager - INFO - [<ServerHasAgent(server_id=73, agent_id=2)>, <ServerHasAgent(server_id=73, agent_id=5)>, <ServerHasAgent(server_id=73, agent_id=3)>]
2025-09-04 14:59:03,666 - agents.agent_manager - INFO - [<ServerHasAgent(server_id=74, agent_id=2)>, <ServerHasAgent(server_id=74, agent_id=5)>, <ServerHasAgent(server_id=74, agent_id=3)>]
2025-09-04 14:59:03,696 - agents.agent_manager - INFO - [<ServerHasAgent(server_id=75, agent_id=2)>, <ServerHasAgent(server_id=75, agent_id=5)>, <ServerHasAgent(server_id=75, agent_id=3)>]
2025-09-04 14:59:03,723 - agents.agent_manager - INFO - [<ServerHasAgent(server_id=76, agent_id=2)>, <ServerHasAgent(server_id=76, agent_id=5)>, <ServerHasAgent(server_id=76, agent_id=3)>]
2025-09-04 14:59:03,761 - agents.agent_manager - INFO - [<ServerHasAgent(server_id=77, agent_id=2)>, <ServerHasAgent(server_id=77, agent_id=5)>, <ServerHasAgent(server_id=77, agent_id=3)>]
2025-09-04 14:59:03,789 - agents.agent_manager - INFO - [<ServerHasAgent(server_id=78, agent_id=2)>, <ServerHasAgent(server_id=78, agent_id=5)>, <ServerHasAgent(server_id=78, agent_id=3)>]
2025-09-04 14:59:03,814 - agents.agent_manager - INFO - [<ServerHasAgent(server_id=79, agent_id=2)>, <ServerHasAgent(server_id=79, agent_id=5)>, <ServerHasAgent(server_id=79, agent_id=3)>]
2025-09-04 14:59:03,845 - agents.agent_manager - INFO - [<ServerHasAgent(server_id=80, agent_id=2)>, <ServerHasAgent(server_id=80, agent_id=5)>, <ServerHasAgent(server_id=80, agent_id=3)>]
2025-09-04 14:59:03,878 - agents.agent_manager - INFO - [<ServerHasAgent(server_id=81, agent_id=2)>, <ServerHasAgent(server_id=81, agent_id=5)>, <ServerHasAgent(server_id=81, agent_id=3)>]
2025-09-04 14:59:03,906 - agents.agent_manager - INFO - [<ServerHasAgent(server_id=82, agent_id=2)>, <ServerHasAgent(server_id=82, agent_id=5)>, <ServerHasAgent(server_id=82, agent_id=3)>]
2025-09-04 14:59:03,930 - agents.agent_manager - INFO - [<ServerHasAgent(server_id=83, agent_id=2)>, <ServerHasAgent(server_id=83, agent_id=5)>, <ServerHasAgent(server_id=83, agent_id=3)>]
2025-09-04 14:59:03,957 - agents.agent_manager - INFO - [<ServerHasAgent(server_id=84, agent_id=2)>, <ServerHasAgent(server_id=84, agent_id=5)>, <ServerHasAgent(server_id=84, agent_id=3)>]
2025-09-04 14:59:03,991 - agents.agent_manager - INFO - [<ServerHasAgent(server_id=85, agent_id=2)>, <ServerHasAgent(server_id=85, agent_id=5)>, <ServerHasAgent(server_id=85, agent_id=3)>]
2025-09-04 14:59:04,017 - agents.agent_manager - INFO - [<ServerHasAgent(server_id=86, agent_id=2)>, <ServerHasAgent(server_id=86, agent_id=5)>, <ServerHasAgent(server_id=86, agent_id=3)>]
2025-09-04 14:59:04,057 - agents.agent_manager - INFO - [<ServerHasAgent(server_id=87, agent_id=2)>, <ServerHasAgent(server_id=87, agent_id=5)>, <ServerHasAgent(server_id=87, agent_id=3)>]
2025-09-04 14:59:04,083 - agents.agent_manager - INFO - [<ServerHasAgent(server_id=88, agent_id=2)>, <ServerHasAgent(server_id=88, agent_id=5)>, <ServerHasAgent(server_id=88, agent_id=3)>]
2025-09-04 14:59:04,112 - agents.agent_manager - INFO - [<ServerHasAgent(server_id=89, agent_id=2)>, <ServerHasAgent(server_id=89, agent_id=5)>, <ServerHasAgent(server_id=89, agent_id=3)>]
2025-09-04 14:59:04,138 - agents.agent_manager - INFO - [<ServerHasAgent(server_id=90, agent_id=2)>, <ServerHasAgent(server_id=90, agent_id=5)>, <ServerHasAgent(server_id=90, agent_id=3)>]
2025-09-04 14:59:04,165 - agents.agent_manager - INFO - [<ServerHasAgent(server_id=91, agent_id=2)>, <ServerHasAgent(server_id=91, agent_id=5)>, <ServerHasAgent(server_id=91, agent_id=3)>]
2025-09-04 14:59:04,193 - agents.agent_manager - INFO - [<ServerHasAgent(server_id=92, agent_id=2)>, <ServerHasAgent(server_id=92, agent_id=5)>, <ServerHasAgent(server_id=92, agent_id=3)>]
2025-09-04 14:59:04,224 - agents.agent_manager - INFO - [<ServerHasAgent(server_id=93, agent_id=2)>, <ServerHasAgent(server_id=93, agent_id=5)>, <ServerHasAgent(server_id=93, agent_id=3)>]
2025-09-04 14:59:04,251 - agents.agent_manager - INFO - [<ServerHasAgent(server_id=94, agent_id=2)>, <ServerHasAgent(server_id=94, agent_id=5)>, <ServerHasAgent(server_id=94, agent_id=3)>]
2025-09-04 14:59:04,281 - agents.agent_manager - INFO - [<ServerHasAgent(server_id=95, agent_id=2)>, <ServerHasAgent(server_id=95, agent_id=5)>, <ServerHasAgent(server_id=95, agent_id=3)>]
2025-09-04 14:59:04,307 - agents.agent_manager - INFO - [<ServerHasAgent(server_id=96, agent_id=2)>, <ServerHasAgent(server_id=96, agent_id=5)>, <ServerHasAgent(server_id=96, agent_id=3)>]
2025-09-04 14:59:04,346 - agents.agent_manager - INFO - [<ServerHasAgent(server_id=97, agent_id=2)>, <ServerHasAgent(server_id=97, agent_id=5)>, <ServerHasAgent(server_id=97, agent_id=3)>]
2025-09-04 14:59:04,373 - agents.agent_manager - INFO - [<ServerHasAgent(server_id=98, agent_id=2)>, <ServerHasAgent(server_id=98, agent_id=5)>, <ServerHasAgent(server_id=98, agent_id=3)>]
2025-09-04 14:59:04,404 - agents.agent_manager - INFO - [<ServerHasAgent(server_id=99, agent_id=2)>, <ServerHasAgent(server_id=99, agent_id=5)>, <ServerHasAgent(server_id=99, agent_id=3)>]
2025-09-04 14:59:04,433 - agents.agent_manager - INFO - [<ServerHasAgent(server_id=100, agent_id=2)>, <ServerHasAgent(server_id=100, agent_id=5)>, <ServerHasAgent(server_id=100, agent_id=3)>]
2025-09-04 14:59:04,465 - agents.agent_manager - INFO - [<ServerHasAgent(server_id=101, agent_id=2)>, <ServerHasAgent(server_id=101, agent_id=5)>, <ServerHasAgent(server_id=101, agent_id=3)>]
2025-09-04 14:59:04,491 - agents.agent_manager - INFO - [<ServerHasAgent(server_id=102, agent_id=2)>, <ServerHasAgent(server_id=102, agent_id=5)>, <ServerHasAgent(server_id=102, agent_id=3)>]
2025-09-04 14:59:04,522 - agents.agent_manager - INFO - [<ServerHasAgent(server_id=103, agent_id=2)>, <ServerHasAgent(server_id=103, agent_id=5)>, <ServerHasAgent(server_id=103, agent_id=3)>]
2025-09-04 14:59:04,551 - agents.agent_manager - INFO - [<ServerHasAgent(server_id=104, agent_id=2)>, <ServerHasAgent(server_id=104, agent_id=5)>, <ServerHasAgent(server_id=104, agent_id=3)>]
2025-09-04 14:59:04,579 - agents.agent_manager - INFO - [<ServerHasAgent(server_id=105, agent_id=2)>, <ServerHasAgent(server_id=105, agent_id=5)>, <ServerHasAgent(server_id=105, agent_id=3)>]
2025-09-04 14:59:04,618 - agents.agent_manager - INFO - [<ServerHasAgent(server_id=106, agent_id=2)>, <ServerHasAgent(server_id=106, agent_id=5)>, <ServerHasAgent(server_id=106, agent_id=3)>]
2025-09-04 14:59:04,644 - agents.agent_manager - INFO - [<ServerHasAgent(server_id=107, agent_id=2)>, <ServerHasAgent(server_id=107, agent_id=5)>, <ServerHasAgent(server_id=107, agent_id=3)>]
2025-09-04 14:59:04,669 - agents.agent_manager - INFO - [<ServerHasAgent(server_id=108, agent_id=2)>, <ServerHasAgent(server_id=108, agent_id=5)>, <ServerHasAgent(server_id=108, agent_id=3)>]
2025-09-04 14:59:04,696 - agents.agent_manager - INFO - [<ServerHasAgent(server_id=109, agent_id=2)>, <ServerHasAgent(server_id=109, agent_id=5)>, <ServerHasAgent(server_id=109, agent_id=3)>]
2025-09-04 14:59:04,722 - agents.agent_manager - INFO - [<ServerHasAgent(server_id=110, agent_id=2)>, <ServerHasAgent(server_id=110, agent_id=5)>, <ServerHasAgent(server_id=110, agent_id=3)>]
2025-09-04 14:59:04,757 - agents.agent_manager - INFO - [<ServerHasAgent(server_id=111, agent_id=2)>, <ServerHasAgent(server_id=111, agent_id=5)>, <ServerHasAgent(server_id=111, agent_id=3)>]
2025-09-04 14:59:04,784 - agents.agent_manager - INFO - [<ServerHasAgent(server_id=112, agent_id=2)>, <ServerHasAgent(server_id=112, agent_id=5)>, <ServerHasAgent(server_id=112, agent_id=3)>]
2025-09-04 14:59:04,816 - agents.agent_manager - INFO - [<ServerHasAgent(server_id=113, agent_id=2)>, <ServerHasAgent(server_id=113, agent_id=5)>, <ServerHasAgent(server_id=113, agent_id=3)>]
2025-09-04 14:59:04,843 - agents.agent_manager - INFO - [<ServerHasAgent(server_id=114, agent_id=2)>, <ServerHasAgent(server_id=114, agent_id=5)>, <ServerHasAgent(server_id=114, agent_id=3)>]
2025-09-04 14:59:04,869 - agents.agent_manager - INFO - [<ServerHasAgent(server_id=115, agent_id=2)>, <ServerHasAgent(server_id=115, agent_id=5)>, <ServerHasAgent(server_id=115, agent_id=3)>]
2025-09-04 14:59:04,897 - agents.agent_manager - INFO - [<ServerHasAgent(server_id=116, agent_id=2)>, <ServerHasAgent(server_id=116, agent_id=5)>, <ServerHasAgent(server_id=116, agent_id=3)>]
2025-09-04 14:59:04,928 - agents.agent_manager - INFO - [<ServerHasAgent(server_id=117, agent_id=2)>, <ServerHasAgent(server_id=117, agent_id=5)>, <ServerHasAgent(server_id=117, agent_id=3)>]
2025-09-04 14:59:04,954 - agents.agent_manager - INFO - [<ServerHasAgent(server_id=118, agent_id=2)>, <ServerHasAgent(server_id=118, agent_id=5)>, <ServerHasAgent(server_id=118, agent_id=3)>]
2025-09-04 14:59:04,981 - agents.agent_manager - INFO - [<ServerHasAgent(server_id=119, agent_id=2)>, <ServerHasAgent(server_id=119, agent_id=5)>, <ServerHasAgent(server_id=119, agent_id=3)>]
2025-09-04 14:59:05,009 - agents.agent_manager - INFO - [<ServerHasAgent(server_id=120, agent_id=2)>, <ServerHasAgent(server_id=120, agent_id=5)>, <ServerHasAgent(server_id=120, agent_id=3)>]
2025-09-04 14:59:05,056 - agents.agent_manager - INFO - [<ServerHasAgent(server_id=121, agent_id=2)>, <ServerHasAgent(server_id=121, agent_id=5)>, <ServerHasAgent(server_id=121, agent_id=3)>]
2025-09-04 14:59:05,085 - agents.agent_manager - INFO - [<ServerHasAgent(server_id=122, agent_id=2)>, <ServerHasAgent(server_id=122, agent_id=5)>, <ServerHasAgent(server_id=122, agent_id=3)>]
2025-09-04 14:59:05,111 - agents.agent_manager - INFO - [<ServerHasAgent(server_id=123, agent_id=2)>, <ServerHasAgent(server_id=123, agent_id=5)>, <ServerHasAgent(server_id=123, agent_id=3)>]
2025-09-04 14:59:05,135 - agents.agent_manager - INFO - [<ServerHasAgent(server_id=124, agent_id=2)>, <ServerHasAgent(server_id=124, agent_id=5)>, <ServerHasAgent(server_id=124, agent_id=3)>]
2025-09-04 14:59:05,159 - agents.agent_manager - INFO - [<ServerHasAgent(server_id=125, agent_id=2)>, <ServerHasAgent(server_id=125, agent_id=5)>, <ServerHasAgent(server_id=125, agent_id=3)>]
2025-09-04 14:59:05,186 - agents.agent_manager - INFO - [<ServerHasAgent(server_id=126, agent_id=2)>, <ServerHasAgent(server_id=126, agent_id=5)>, <ServerHasAgent(server_id=126, agent_id=3)>]
2025-09-04 14:59:05,211 - agents.agent_manager - INFO - [<ServerHasAgent(server_id=127, agent_id=2)>, <ServerHasAgent(server_id=127, agent_id=5)>, <ServerHasAgent(server_id=127, agent_id=3)>]
2025-09-04 14:59:05,236 - agents.agent_manager - INFO - [<ServerHasAgent(server_id=128, agent_id=2)>, <ServerHasAgent(server_id=128, agent_id=5)>, <ServerHasAgent(server_id=128, agent_id=3)>]
2025-09-04 14:59:05,269 - agents.agent_manager - INFO - [<ServerHasAgent(server_id=129, agent_id=2)>, <ServerHasAgent(server_id=129, agent_id=5)>, <ServerHasAgent(server_id=129, agent_id=3)>]
2025-09-04 14:59:05,296 - agents.agent_manager - INFO - [<ServerHasAgent(server_id=130, agent_id=2)>, <ServerHasAgent(server_id=130, agent_id=5)>, <ServerHasAgent(server_id=130, agent_id=3)>]
2025-09-04 14:59:05,321 - agents.agent_manager - INFO - [<ServerHasAgent(server_id=131, agent_id=2)>, <ServerHasAgent(server_id=131, agent_id=5)>, <ServerHasAgent(server_id=131, agent_id=3)>]
2025-09-04 14:59:05,353 - agents.agent_manager - INFO - [<ServerHasAgent(server_id=132, agent_id=2)>, <ServerHasAgent(server_id=132, agent_id=5)>, <ServerHasAgent(server_id=132, agent_id=3)>]
2025-09-04 14:59:05,381 - agents.agent_manager - INFO - [<ServerHasAgent(server_id=133, agent_id=2)>, <ServerHasAgent(server_id=133, agent_id=5)>, <ServerHasAgent(server_id=133, agent_id=3)>]
2025-09-04 14:59:05,406 - agents.agent_manager - INFO - [<ServerHasAgent(server_id=134, agent_id=2)>, <ServerHasAgent(server_id=134, agent_id=5)>, <ServerHasAgent(server_id=134, agent_id=3)>]
2025-09-04 14:59:05,431 - agents.agent_manager - INFO - [<ServerHasAgent(server_id=135, agent_id=2)>, <ServerHasAgent(server_id=135, agent_id=5)>, <ServerHasAgent(server_id=135, agent_id=3)>]
2025-09-04 14:59:05,464 - agents.agent_manager - INFO - [<ServerHasAgent(server_id=136, agent_id=2)>, <ServerHasAgent(server_id=136, agent_id=5)>, <ServerHasAgent(server_id=136, agent_id=3)>]
2025-09-04 14:59:05,488 - agents.agent_manager - INFO - [<ServerHasAgent(server_id=137, agent_id=2)>, <ServerHasAgent(server_id=137, agent_id=5)>, <ServerHasAgent(server_id=137, agent_id=3)>]
2025-09-04 14:59:05,513 - agents.agent_manager - INFO - [<ServerHasAgent(server_id=138, agent_id=2)>, <ServerHasAgent(server_id=138, agent_id=5)>, <ServerHasAgent(server_id=138, agent_id=3)>]
2025-09-04 14:59:05,539 - agents.agent_manager - INFO - [<ServerHasAgent(server_id=139, agent_id=2)>, <ServerHasAgent(server_id=139, agent_id=5)>, <ServerHasAgent(server_id=139, agent_id=3)>]
2025-09-04 14:59:05,567 - agents.agent_manager - INFO - [<ServerHasAgent(server_id=140, agent_id=2)>, <ServerHasAgent(server_id=140, agent_id=5)>, <ServerHasAgent(server_id=140, agent_id=3)>]
2025-09-04 14:59:05,592 - agents.agent_manager - INFO - [<ServerHasAgent(server_id=141, agent_id=2)>, <ServerHasAgent(server_id=141, agent_id=5)>, <ServerHasAgent(server_id=141, agent_id=3)>]
2025-09-04 14:59:05,616 - agents.agent_manager - INFO - [<ServerHasAgent(server_id=142, agent_id=2)>, <ServerHasAgent(server_id=142, agent_id=5)>, <ServerHasAgent(server_id=142, agent_id=3)>]
2025-09-04 14:59:05,641 - agents.agent_manager - INFO - [<ServerHasAgent(server_id=143, agent_id=2)>, <ServerHasAgent(server_id=143, agent_id=5)>, <ServerHasAgent(server_id=143, agent_id=3)>]
2025-09-04 14:59:05,673 - agents.agent_manager - INFO - [<ServerHasAgent(server_id=144, agent_id=2)>, <ServerHasAgent(server_id=144, agent_id=5)>, <ServerHasAgent(server_id=144, agent_id=3)>]
2025-09-04 14:59:05,701 - agents.agent_manager - INFO - [<ServerHasAgent(server_id=145, agent_id=2)>, <ServerHasAgent(server_id=145, agent_id=5)>, <ServerHasAgent(server_id=145, agent_id=3)>]
2025-09-04 14:59:05,729 - agents.agent_manager - INFO - [<ServerHasAgent(server_id=146, agent_id=2)>, <ServerHasAgent(server_id=146, agent_id=5)>, <ServerHasAgent(server_id=146, agent_id=3)>]
2025-09-04 14:59:05,769 - agents.agent_manager - INFO - [<ServerHasAgent(server_id=147, agent_id=2)>, <ServerHasAgent(server_id=147, agent_id=5)>, <ServerHasAgent(server_id=147, agent_id=3)>]
2025-09-04 14:59:05,794 - agents.agent_manager - INFO - [<ServerHasAgent(server_id=148, agent_id=2)>, <ServerHasAgent(server_id=148, agent_id=5)>, <ServerHasAgent(server_id=148, agent_id=3)>]
2025-09-04 14:59:05,818 - agents.agent_manager - INFO - [<ServerHasAgent(server_id=149, agent_id=2)>, <ServerHasAgent(server_id=149, agent_id=5)>, <ServerHasAgent(server_id=149, agent_id=3)>]
2025-09-04 14:59:05,851 - agents.agent_manager - INFO - [<ServerHasAgent(server_id=150, agent_id=2)>, <ServerHasAgent(server_id=150, agent_id=5)>, <ServerHasAgent(server_id=150, agent_id=3)>]
2025-09-04 14:59:05,877 - agents.agent_manager - INFO - [<ServerHasAgent(server_id=151, agent_id=2)>, <ServerHasAgent(server_id=151, agent_id=5)>, <ServerHasAgent(server_id=151, agent_id=3)>]
2025-09-04 14:59:05,907 - agents.agent_manager - INFO - [<ServerHasAgent(server_id=152, agent_id=2)>, <ServerHasAgent(server_id=152, agent_id=5)>, <ServerHasAgent(server_id=152, agent_id=3)>]
2025-09-04 14:59:05,935 - agents.agent_manager - INFO - [<ServerHasAgent(server_id=153, agent_id=2)>, <ServerHasAgent(server_id=153, agent_id=5)>, <ServerHasAgent(server_id=153, agent_id=3)>]
2025-09-04 14:59:05,959 - agents.agent_manager - INFO - [<ServerHasAgent(server_id=154, agent_id=2)>, <ServerHasAgent(server_id=154, agent_id=5)>, <ServerHasAgent(server_id=154, agent_id=3)>]
2025-09-04 14:59:05,982 - agents.agent_manager - INFO - [<ServerHasAgent(server_id=155, agent_id=2)>, <ServerHasAgent(server_id=155, agent_id=5)>, <ServerHasAgent(server_id=155, agent_id=3)>]
2025-09-04 14:59:06,006 - agents.agent_manager - INFO - [<ServerHasAgent(server_id=156, agent_id=2)>, <ServerHasAgent(server_id=156, agent_id=5)>, <ServerHasAgent(server_id=156, agent_id=3)>]
2025-09-04 14:59:06,031 - agents.agent_manager - INFO - [<ServerHasAgent(server_id=157, agent_id=2)>, <ServerHasAgent(server_id=157, agent_id=5)>, <ServerHasAgent(server_id=157, agent_id=3)>]
2025-09-04 14:59:06,073 - agents.agent_manager - INFO - [<ServerHasAgent(server_id=158, agent_id=2)>, <ServerHasAgent(server_id=158, agent_id=5)>, <ServerHasAgent(server_id=158, agent_id=3)>]
2025-09-04 14:59:06,099 - agents.agent_manager - INFO - [<ServerHasAgent(server_id=159, agent_id=2)>, <ServerHasAgent(server_id=159, agent_id=5)>, <ServerHasAgent(server_id=159, agent_id=3)>]
2025-09-04 14:59:06,127 - agents.agent_manager - INFO - [<ServerHasAgent(server_id=160, agent_id=2)>, <ServerHasAgent(server_id=160, agent_id=5)>, <ServerHasAgent(server_id=160, agent_id=3)>]
2025-09-04 14:59:06,156 - agents.agent_manager - INFO - [<ServerHasAgent(server_id=161, agent_id=2)>, <ServerHasAgent(server_id=161, agent_id=5)>, <ServerHasAgent(server_id=161, agent_id=3)>]
2025-09-04 14:59:06,181 - agents.agent_manager - INFO - [<ServerHasAgent(server_id=162, agent_id=2)>, <ServerHasAgent(server_id=162, agent_id=5)>, <ServerHasAgent(server_id=162, agent_id=3)>]
2025-09-04 14:59:06,204 - agents.agent_manager - INFO - [<ServerHasAgent(server_id=163, agent_id=2)>, <ServerHasAgent(server_id=163, agent_id=5)>, <ServerHasAgent(server_id=163, agent_id=3)>]
2025-09-04 14:59:06,229 - agents.agent_manager - INFO - [<ServerHasAgent(server_id=164, agent_id=2)>, <ServerHasAgent(server_id=164, agent_id=5)>, <ServerHasAgent(server_id=164, agent_id=3)>]
2025-09-04 14:59:06,258 - agents.agent_manager - INFO - [<ServerHasAgent(server_id=165, agent_id=2)>, <ServerHasAgent(server_id=165, agent_id=5)>, <ServerHasAgent(server_id=165, agent_id=3)>]
2025-09-04 14:59:06,283 - agents.agent_manager - INFO - [<ServerHasAgent(server_id=166, agent_id=2)>, <ServerHasAgent(server_id=166, agent_id=5)>, <ServerHasAgent(server_id=166, agent_id=3)>]
2025-09-04 14:59:06,308 - agents.agent_manager - INFO - [<ServerHasAgent(server_id=167, agent_id=2)>, <ServerHasAgent(server_id=167, agent_id=5)>, <ServerHasAgent(server_id=167, agent_id=3)>]
2025-09-04 14:59:06,331 - agents.agent_manager - INFO - [<ServerHasAgent(server_id=168, agent_id=2)>, <ServerHasAgent(server_id=168, agent_id=5)>, <ServerHasAgent(server_id=168, agent_id=3)>]
2025-09-04 14:59:06,354 - agents.agent_manager - INFO - [<ServerHasAgent(server_id=169, agent_id=2)>, <ServerHasAgent(server_id=169, agent_id=5)>, <ServerHasAgent(server_id=169, agent_id=3)>]
2025-09-04 14:59:06,378 - agents.agent_manager - INFO - [<ServerHasAgent(server_id=170, agent_id=2)>, <ServerHasAgent(server_id=170, agent_id=5)>, <ServerHasAgent(server_id=170, agent_id=3)>]
2025-09-04 14:59:06,404 - agents.agent_manager - INFO - [<ServerHasAgent(server_id=171, agent_id=2)>, <ServerHasAgent(server_id=171, agent_id=5)>, <ServerHasAgent(server_id=171, agent_id=3)>]
2025-09-04 14:59:06,429 - agents.agent_manager - INFO - [<ServerHasAgent(server_id=172, agent_id=2)>, <ServerHasAgent(server_id=172, agent_id=5)>, <ServerHasAgent(server_id=172, agent_id=3)>]
2025-09-04 14:59:06,453 - agents.agent_manager - INFO - [<ServerHasAgent(server_id=173, agent_id=2)>, <ServerHasAgent(server_id=173, agent_id=5)>, <ServerHasAgent(server_id=173, agent_id=3)>]
2025-09-04 14:59:06,478 - agents.agent_manager - INFO - [<ServerHasAgent(server_id=174, agent_id=2)>, <ServerHasAgent(server_id=174, agent_id=5)>, <ServerHasAgent(server_id=174, agent_id=3)>]
2025-09-04 14:59:06,505 - agents.agent_manager - INFO - [<ServerHasAgent(server_id=175, agent_id=2)>, <ServerHasAgent(server_id=175, agent_id=5)>, <ServerHasAgent(server_id=175, agent_id=3)>]
2025-09-04 14:59:06,533 - agents.agent_manager - INFO - [<ServerHasAgent(server_id=176, agent_id=2)>, <ServerHasAgent(server_id=176, agent_id=5)>, <ServerHasAgent(server_id=176, agent_id=3)>]
2025-09-04 14:59:06,559 - agents.agent_manager - INFO - [<ServerHasAgent(server_id=177, agent_id=2)>, <ServerHasAgent(server_id=177, agent_id=5)>, <ServerHasAgent(server_id=177, agent_id=3)>]
2025-09-04 14:59:06,582 - agents.agent_manager - INFO - [<ServerHasAgent(server_id=178, agent_id=2)>, <ServerHasAgent(server_id=178, agent_id=5)>, <ServerHasAgent(server_id=178, agent_id=3)>]
2025-09-04 14:59:06,606 - agents.agent_manager - INFO - [<ServerHasAgent(server_id=179, agent_id=2)>, <ServerHasAgent(server_id=179, agent_id=5)>, <ServerHasAgent(server_id=179, agent_id=3)>]
2025-09-04 14:59:06,634 - agents.agent_manager - INFO - [<ServerHasAgent(server_id=180, agent_id=2)>, <ServerHasAgent(server_id=180, agent_id=5)>, <ServerHasAgent(server_id=180, agent_id=3)>]
2025-09-04 14:59:06,666 - agents.agent_manager - INFO - [<ServerHasAgent(server_id=181, agent_id=2)>, <ServerHasAgent(server_id=181, agent_id=5)>, <ServerHasAgent(server_id=181, agent_id=3)>]
2025-09-04 14:59:06,691 - agents.agent_manager - INFO - [<ServerHasAgent(server_id=182, agent_id=2)>, <ServerHasAgent(server_id=182, agent_id=5)>, <ServerHasAgent(server_id=182, agent_id=3)>]
2025-09-04 14:59:06,717 - agents.agent_manager - INFO - [<ServerHasAgent(server_id=183, agent_id=2)>, <ServerHasAgent(server_id=183, agent_id=5)>, <ServerHasAgent(server_id=183, agent_id=3)>]
2025-09-04 14:59:06,752 - agents.agent_manager - INFO - [<ServerHasAgent(server_id=184, agent_id=2)>, <ServerHasAgent(server_id=184, agent_id=5)>, <ServerHasAgent(server_id=184, agent_id=3)>]
2025-09-04 14:59:06,781 - agents.agent_manager - INFO - [<ServerHasAgent(server_id=185, agent_id=2)>, <ServerHasAgent(server_id=185, agent_id=5)>, <ServerHasAgent(server_id=185, agent_id=3)>]
2025-09-04 14:59:06,810 - agents.agent_manager - INFO - [<ServerHasAgent(server_id=186, agent_id=2)>, <ServerHasAgent(server_id=186, agent_id=5)>, <ServerHasAgent(server_id=186, agent_id=3)>]
2025-09-04 14:59:06,835 - agents.agent_manager - INFO - [<ServerHasAgent(server_id=187, agent_id=2)>, <ServerHasAgent(server_id=187, agent_id=5)>, <ServerHasAgent(server_id=187, agent_id=3)>]
2025-09-04 14:59:06,860 - agents.agent_manager - INFO - [<ServerHasAgent(server_id=188, agent_id=2)>, <ServerHasAgent(server_id=188, agent_id=5)>, <ServerHasAgent(server_id=188, agent_id=3)>]
2025-09-04 14:59:06,885 - agents.agent_manager - INFO - [<ServerHasAgent(server_id=189, agent_id=2)>, <ServerHasAgent(server_id=189, agent_id=5)>, <ServerHasAgent(server_id=189, agent_id=3)>]
2025-09-04 14:59:06,908 - agents.agent_manager - INFO - [<ServerHasAgent(server_id=190, agent_id=2)>, <ServerHasAgent(server_id=190, agent_id=5)>, <ServerHasAgent(server_id=190, agent_id=3)>]
2025-09-04 14:59:06,932 - agents.agent_manager - INFO - [<ServerHasAgent(server_id=191, agent_id=2)>, <ServerHasAgent(server_id=191, agent_id=5)>, <ServerHasAgent(server_id=191, agent_id=3)>]
2025-09-04 14:59:06,958 - agents.agent_manager - INFO - [<ServerHasAgent(server_id=192, agent_id=2)>, <ServerHasAgent(server_id=192, agent_id=5)>, <ServerHasAgent(server_id=192, agent_id=3)>]
2025-09-04 14:59:06,987 - agents.agent_manager - INFO - [<ServerHasAgent(server_id=193, agent_id=2)>, <ServerHasAgent(server_id=193, agent_id=5)>, <ServerHasAgent(server_id=193, agent_id=3)>]
2025-09-04 14:59:07,011 - agents.agent_manager - INFO - [<ServerHasAgent(server_id=194, agent_id=2)>, <ServerHasAgent(server_id=194, agent_id=5)>, <ServerHasAgent(server_id=194, agent_id=3)>]
2025-09-04 14:59:07,037 - agents.agent_manager - INFO - [<ServerHasAgent(server_id=195, agent_id=2)>, <ServerHasAgent(server_id=195, agent_id=5)>, <ServerHasAgent(server_id=195, agent_id=3)>]
2025-09-04 14:59:07,064 - agents.agent_manager - INFO - [<ServerHasAgent(server_id=196, agent_id=2)>, <ServerHasAgent(server_id=196, agent_id=5)>, <ServerHasAgent(server_id=196, agent_id=3)>]
2025-09-04 14:59:07,104 - agents.agent_manager - INFO - [<ServerHasAgent(server_id=197, agent_id=2)>, <ServerHasAgent(server_id=197, agent_id=5)>, <ServerHasAgent(server_id=197, agent_id=3)>]
2025-09-04 14:59:07,127 - agents.agent_manager - INFO - [<ServerHasAgent(server_id=198, agent_id=2)>, <ServerHasAgent(server_id=198, agent_id=5)>, <ServerHasAgent(server_id=198, agent_id=3)>]
2025-09-04 14:59:07,153 - agents.agent_manager - INFO - [<ServerHasAgent(server_id=199, agent_id=2)>, <ServerHasAgent(server_id=199, agent_id=5)>, <ServerHasAgent(server_id=199, agent_id=3)>]
2025-09-04 14:59:07,177 - agents.agent_manager - INFO - [<ServerHasAgent(server_id=200, agent_id=2)>, <ServerHasAgent(server_id=200, agent_id=5)>, <ServerHasAgent(server_id=200, agent_id=3)>]
2025-09-04 14:59:07,206 - agents.agent_manager - INFO - [<ServerHasAgent(server_id=201, agent_id=2)>, <ServerHasAgent(server_id=201, agent_id=5)>, <ServerHasAgent(server_id=201, agent_id=3)>]
2025-09-04 14:59:07,230 - agents.agent_manager - INFO - [<ServerHasAgent(server_id=202, agent_id=2)>, <ServerHasAgent(server_id=202, agent_id=5)>, <ServerHasAgent(server_id=202, agent_id=3)>]
2025-09-04 14:59:07,256 - agents.agent_manager - INFO - [<ServerHasAgent(server_id=203, agent_id=2)>, <ServerHasAgent(server_id=203, agent_id=5)>, <ServerHasAgent(server_id=203, agent_id=3)>]
2025-09-04 14:59:07,281 - agents.agent_manager - INFO - [<ServerHasAgent(server_id=204, agent_id=2)>, <ServerHasAgent(server_id=204, agent_id=5)>, <ServerHasAgent(server_id=204, agent_id=3)>]
2025-09-04 14:59:07,309 - agents.agent_manager - INFO - [<ServerHasAgent(server_id=205, agent_id=2)>, <ServerHasAgent(server_id=205, agent_id=5)>, <ServerHasAgent(server_id=205, agent_id=3)>]
2025-09-04 14:59:07,343 - agents.agent_manager - INFO - [<ServerHasAgent(server_id=206, agent_id=2)>, <ServerHasAgent(server_id=206, agent_id=5)>, <ServerHasAgent(server_id=206, agent_id=3)>]
2025-09-04 14:59:07,368 - agents.agent_manager - INFO - [<ServerHasAgent(server_id=207, agent_id=2)>, <ServerHasAgent(server_id=207, agent_id=5)>, <ServerHasAgent(server_id=207, agent_id=3)>]
2025-09-04 14:59:07,398 - agents.agent_manager - INFO - [<ServerHasAgent(server_id=208, agent_id=2)>, <ServerHasAgent(server_id=208, agent_id=5)>, <ServerHasAgent(server_id=208, agent_id=3)>]
2025-09-04 14:59:07,429 - agents.agent_manager - INFO - [<ServerHasAgent(server_id=209, agent_id=2)>, <ServerHasAgent(server_id=209, agent_id=5)>, <ServerHasAgent(server_id=209, agent_id=3)>]
2025-09-04 14:59:07,462 - agents.agent_manager - INFO - [<ServerHasAgent(server_id=210, agent_id=2)>, <ServerHasAgent(server_id=210, agent_id=5)>, <ServerHasAgent(server_id=210, agent_id=3)>]
2025-09-04 14:59:07,488 - agents.agent_manager - INFO - [<ServerHasAgent(server_id=211, agent_id=2)>, <ServerHasAgent(server_id=211, agent_id=5)>, <ServerHasAgent(server_id=211, agent_id=3)>]
2025-09-04 14:59:07,513 - agents.agent_manager - INFO - [<ServerHasAgent(server_id=212, agent_id=2)>, <ServerHasAgent(server_id=212, agent_id=5)>, <ServerHasAgent(server_id=212, agent_id=3)>]
2025-09-04 14:59:07,540 - agents.agent_manager - INFO - [<ServerHasAgent(server_id=213, agent_id=2)>, <ServerHasAgent(server_id=213, agent_id=5)>, <ServerHasAgent(server_id=213, agent_id=3)>]
2025-09-04 14:59:07,565 - agents.agent_manager - INFO - [<ServerHasAgent(server_id=214, agent_id=2)>, <ServerHasAgent(server_id=214, agent_id=5)>, <ServerHasAgent(server_id=214, agent_id=3)>]
2025-09-04 14:59:07,595 - agents.agent_manager - INFO - [<ServerHasAgent(server_id=215, agent_id=2)>, <ServerHasAgent(server_id=215, agent_id=5)>, <ServerHasAgent(server_id=215, agent_id=3)>]
2025-09-04 14:59:07,622 - agents.agent_manager - INFO - [<ServerHasAgent(server_id=216, agent_id=2)>, <ServerHasAgent(server_id=216, agent_id=5)>, <ServerHasAgent(server_id=216, agent_id=3)>]
2025-09-04 14:59:07,648 - agents.agent_manager - INFO - [<ServerHasAgent(server_id=217, agent_id=2)>, <ServerHasAgent(server_id=217, agent_id=5)>, <ServerHasAgent(server_id=217, agent_id=3)>]
2025-09-04 14:59:07,672 - agents.agent_manager - INFO - [<ServerHasAgent(server_id=218, agent_id=2)>, <ServerHasAgent(server_id=218, agent_id=5)>, <ServerHasAgent(server_id=218, agent_id=3)>]
2025-09-04 14:59:07,696 - agents.agent_manager - INFO - [<ServerHasAgent(server_id=219, agent_id=2)>, <ServerHasAgent(server_id=219, agent_id=5)>, <ServerHasAgent(server_id=219, agent_id=3)>]
2025-09-04 14:59:07,721 - agents.agent_manager - INFO - [<ServerHasAgent(server_id=220, agent_id=2)>, <ServerHasAgent(server_id=220, agent_id=5)>, <ServerHasAgent(server_id=220, agent_id=3)>]
2025-09-04 14:59:07,748 - agents.agent_manager - INFO - [<ServerHasAgent(server_id=221, agent_id=2)>, <ServerHasAgent(server_id=221, agent_id=5)>, <ServerHasAgent(server_id=221, agent_id=3)>]
2025-09-04 14:59:07,772 - agents.agent_manager - INFO - [<ServerHasAgent(server_id=222, agent_id=2)>, <ServerHasAgent(server_id=222, agent_id=5)>, <ServerHasAgent(server_id=222, agent_id=3)>]
2025-09-04 14:59:07,802 - agents.agent_manager - INFO - [<ServerHasAgent(server_id=223, agent_id=2)>, <ServerHasAgent(server_id=223, agent_id=5)>, <ServerHasAgent(server_id=223, agent_id=3)>]
2025-09-04 14:59:07,826 - agents.agent_manager - INFO - [<ServerHasAgent(server_id=224, agent_id=2)>, <ServerHasAgent(server_id=224, agent_id=5)>, <ServerHasAgent(server_id=224, agent_id=3)>]
2025-09-04 14:59:07,857 - agents.agent_manager - INFO - [<ServerHasAgent(server_id=225, agent_id=2)>, <ServerHasAgent(server_id=225, agent_id=5)>, <ServerHasAgent(server_id=225, agent_id=3)>]
2025-09-04 14:59:07,886 - agents.agent_manager - INFO - [<ServerHasAgent(server_id=226, agent_id=2)>, <ServerHasAgent(server_id=226, agent_id=5)>, <ServerHasAgent(server_id=226, agent_id=3)>]
2025-09-04 14:59:07,918 - agents.agent_manager - INFO - [<ServerHasAgent(server_id=227, agent_id=2)>, <ServerHasAgent(server_id=227, agent_id=5)>, <ServerHasAgent(server_id=227, agent_id=3)>]
2025-09-04 14:59:07,948 - agents.agent_manager - INFO - [<ServerHasAgent(server_id=228, agent_id=2)>, <ServerHasAgent(server_id=228, agent_id=5)>, <ServerHasAgent(server_id=228, agent_id=3)>]
2025-09-04 14:59:07,973 - agents.agent_manager - INFO - [<ServerHasAgent(server_id=229, agent_id=2)>, <ServerHasAgent(server_id=229, agent_id=5)>, <ServerHasAgent(server_id=229, agent_id=3)>]
2025-09-04 14:59:08,010 - agents.agent_manager - INFO - [<ServerHasAgent(server_id=230, agent_id=2)>, <ServerHasAgent(server_id=230, agent_id=5)>, <ServerHasAgent(server_id=230, agent_id=3)>]
2025-09-04 14:59:08,037 - agents.agent_manager - INFO - [<ServerHasAgent(server_id=231, agent_id=2)>, <ServerHasAgent(server_id=231, agent_id=5)>, <ServerHasAgent(server_id=231, agent_id=3)>]
2025-09-04 14:59:08,063 - agents.agent_manager - INFO - [<ServerHasAgent(server_id=232, agent_id=2)>, <ServerHasAgent(server_id=232, agent_id=5)>, <ServerHasAgent(server_id=232, agent_id=3)>]
2025-09-04 14:59:08,105 - agents.agent_manager - INFO - [<ServerHasAgent(server_id=233, agent_id=2)>, <ServerHasAgent(server_id=233, agent_id=5)>, <ServerHasAgent(server_id=233, agent_id=3)>]
2025-09-04 14:59:08,129 - agents.agent_manager - INFO - [<ServerHasAgent(server_id=234, agent_id=2)>, <ServerHasAgent(server_id=234, agent_id=5)>, <ServerHasAgent(server_id=234, agent_id=3)>]
2025-09-04 14:59:08,160 - agents.agent_manager - INFO - [<ServerHasAgent(server_id=235, agent_id=2)>, <ServerHasAgent(server_id=235, agent_id=5)>, <ServerHasAgent(server_id=235, agent_id=3)>]
2025-09-04 14:59:08,196 - agents.agent_manager - INFO - [<ServerHasAgent(server_id=236, agent_id=2)>, <ServerHasAgent(server_id=236, agent_id=5)>, <ServerHasAgent(server_id=236, agent_id=3)>]
2025-09-04 14:59:08,228 - agents.agent_manager - INFO - [<ServerHasAgent(server_id=237, agent_id=2)>, <ServerHasAgent(server_id=237, agent_id=5)>, <ServerHasAgent(server_id=237, agent_id=3)>]
2025-09-04 14:59:08,260 - agents.agent_manager - INFO - [<ServerHasAgent(server_id=238, agent_id=2)>, <ServerHasAgent(server_id=238, agent_id=5)>, <ServerHasAgent(server_id=238, agent_id=3)>]
2025-09-04 14:59:08,288 - agents.agent_manager - INFO - [<ServerHasAgent(server_id=239, agent_id=2)>, <ServerHasAgent(server_id=239, agent_id=5)>, <ServerHasAgent(server_id=239, agent_id=3)>]
2025-09-04 14:59:08,313 - agents.agent_manager - INFO - [<ServerHasAgent(server_id=240, agent_id=2)>, <ServerHasAgent(server_id=240, agent_id=5)>, <ServerHasAgent(server_id=240, agent_id=3)>]
2025-09-04 14:59:08,342 - agents.agent_manager - INFO - [<ServerHasAgent(server_id=241, agent_id=2)>, <ServerHasAgent(server_id=241, agent_id=5)>, <ServerHasAgent(server_id=241, agent_id=3)>]
2025-09-04 14:59:08,369 - agents.agent_manager - INFO - [<ServerHasAgent(server_id=242, agent_id=2)>, <ServerHasAgent(server_id=242, agent_id=5)>, <ServerHasAgent(server_id=242, agent_id=3)>]
2025-09-04 14:59:08,394 - agents.agent_manager - INFO - [<ServerHasAgent(server_id=243, agent_id=2)>, <ServerHasAgent(server_id=243, agent_id=5)>, <ServerHasAgent(server_id=243, agent_id=3)>]
2025-09-04 14:59:08,425 - agents.agent_manager - INFO - [<ServerHasAgent(server_id=244, agent_id=2)>, <ServerHasAgent(server_id=244, agent_id=5)>, <ServerHasAgent(server_id=244, agent_id=3)>]
2025-09-04 14:59:08,449 - agents.agent_manager - INFO - [<ServerHasAgent(server_id=245, agent_id=2)>, <ServerHasAgent(server_id=245, agent_id=5)>, <ServerHasAgent(server_id=245, agent_id=3)>]
2025-09-04 14:59:08,478 - agents.agent_manager - INFO - [<ServerHasAgent(server_id=246, agent_id=2)>, <ServerHasAgent(server_id=246, agent_id=5)>, <ServerHasAgent(server_id=246, agent_id=3)>]
2025-09-04 14:59:08,507 - agents.agent_manager - INFO - [<ServerHasAgent(server_id=247, agent_id=2)>, <ServerHasAgent(server_id=247, agent_id=5)>, <ServerHasAgent(server_id=247, agent_id=3)>]
2025-09-04 14:59:08,531 - agents.agent_manager - INFO - [<ServerHasAgent(server_id=248, agent_id=2)>, <ServerHasAgent(server_id=248, agent_id=5)>, <ServerHasAgent(server_id=248, agent_id=3)>]
2025-09-04 14:59:08,558 - agents.agent_manager - INFO - [<ServerHasAgent(server_id=249, agent_id=2)>, <ServerHasAgent(server_id=249, agent_id=5)>, <ServerHasAgent(server_id=249, agent_id=3)>]
2025-09-04 14:59:08,588 - agents.agent_manager - INFO - [<ServerHasAgent(server_id=250, agent_id=2)>, <ServerHasAgent(server_id=250, agent_id=5)>, <ServerHasAgent(server_id=250, agent_id=3)>]
2025-09-04 14:59:08,614 - agents.agent_manager - INFO - [<ServerHasAgent(server_id=251, agent_id=2)>, <ServerHasAgent(server_id=251, agent_id=5)>, <ServerHasAgent(server_id=251, agent_id=3)>]
2025-09-04 14:59:08,642 - agents.agent_manager - INFO - [<ServerHasAgent(server_id=252, agent_id=2)>, <ServerHasAgent(server_id=252, agent_id=5)>, <ServerHasAgent(server_id=252, agent_id=3)>]
2025-09-04 14:59:08,677 - agents.agent_manager - INFO - [<ServerHasAgent(server_id=253, agent_id=2)>, <ServerHasAgent(server_id=253, agent_id=5)>, <ServerHasAgent(server_id=253, agent_id=3)>]
2025-09-04 14:59:08,704 - agents.agent_manager - INFO - [<ServerHasAgent(server_id=254, agent_id=2)>, <ServerHasAgent(server_id=254, agent_id=5)>, <ServerHasAgent(server_id=254, agent_id=3)>]
2025-09-04 14:59:08,741 - agents.agent_manager - INFO - [<ServerHasAgent(server_id=255, agent_id=2)>, <ServerHasAgent(server_id=255, agent_id=5)>, <ServerHasAgent(server_id=255, agent_id=3)>]
2025-09-04 14:59:08,782 - agents.agent_manager - INFO - [<ServerHasAgent(server_id=256, agent_id=2)>, <ServerHasAgent(server_id=256, agent_id=5)>, <ServerHasAgent(server_id=256, agent_id=3)>]
2025-09-04 14:59:08,808 - agents.agent_manager - INFO - [<ServerHasAgent(server_id=257, agent_id=2)>, <ServerHasAgent(server_id=257, agent_id=5)>, <ServerHasAgent(server_id=257, agent_id=3)>]
2025-09-04 14:59:08,838 - agents.agent_manager - INFO - [<ServerHasAgent(server_id=258, agent_id=2)>, <ServerHasAgent(server_id=258, agent_id=5)>, <ServerHasAgent(server_id=258, agent_id=3)>]
2025-09-04 14:59:08,871 - agents.agent_manager - INFO - [<ServerHasAgent(server_id=259, agent_id=2)>, <ServerHasAgent(server_id=259, agent_id=5)>, <ServerHasAgent(server_id=259, agent_id=3)>]
2025-09-04 14:59:08,895 - agents.agent_manager - INFO - [<ServerHasAgent(server_id=260, agent_id=2)>, <ServerHasAgent(server_id=260, agent_id=5)>, <ServerHasAgent(server_id=260, agent_id=3)>]
2025-09-04 14:59:08,923 - agents.agent_manager - INFO - [<ServerHasAgent(server_id=261, agent_id=2)>, <ServerHasAgent(server_id=261, agent_id=5)>, <ServerHasAgent(server_id=261, agent_id=3)>]
2025-09-04 14:59:08,948 - agents.agent_manager - INFO - [<ServerHasAgent(server_id=262, agent_id=2)>, <ServerHasAgent(server_id=262, agent_id=5)>, <ServerHasAgent(server_id=262, agent_id=3)>]
2025-09-04 14:59:08,972 - agents.agent_manager - INFO - [<ServerHasAgent(server_id=263, agent_id=2)>, <ServerHasAgent(server_id=263, agent_id=5)>, <ServerHasAgent(server_id=263, agent_id=3)>]
2025-09-04 14:59:08,998 - agents.agent_manager - INFO - [<ServerHasAgent(server_id=264, agent_id=2)>, <ServerHasAgent(server_id=264, agent_id=5)>, <ServerHasAgent(server_id=264, agent_id=3)>]
2025-09-04 14:59:09,031 - agents.agent_manager - INFO - [<ServerHasAgent(server_id=265, agent_id=2)>, <ServerHasAgent(server_id=265, agent_id=5)>, <ServerHasAgent(server_id=265, agent_id=3)>]
2025-09-04 14:59:09,058 - agents.agent_manager - INFO - [<ServerHasAgent(server_id=266, agent_id=2)>, <ServerHasAgent(server_id=266, agent_id=5)>, <ServerHasAgent(server_id=266, agent_id=3)>]
2025-09-04 14:59:09,084 - agents.agent_manager - INFO - [<ServerHasAgent(server_id=267, agent_id=2)>, <ServerHasAgent(server_id=267, agent_id=5)>, <ServerHasAgent(server_id=267, agent_id=3)>]
2025-09-04 14:59:09,127 - agents.agent_manager - INFO - [<ServerHasAgent(server_id=268, agent_id=2)>, <ServerHasAgent(server_id=268, agent_id=5)>, <ServerHasAgent(server_id=268, agent_id=3)>]
2025-09-04 14:59:09,152 - agents.agent_manager - INFO - [<ServerHasAgent(server_id=269, agent_id=2)>, <ServerHasAgent(server_id=269, agent_id=5)>, <ServerHasAgent(server_id=269, agent_id=3)>]
2025-09-04 14:59:09,177 - agents.agent_manager - INFO - [<ServerHasAgent(server_id=270, agent_id=2)>, <ServerHasAgent(server_id=270, agent_id=5)>, <ServerHasAgent(server_id=270, agent_id=3)>]
2025-09-04 14:59:09,212 - agents.agent_manager - INFO - [<ServerHasAgent(server_id=271, agent_id=2)>, <ServerHasAgent(server_id=271, agent_id=5)>, <ServerHasAgent(server_id=271, agent_id=3)>]
2025-09-04 14:59:09,246 - agents.agent_manager - INFO - [<ServerHasAgent(server_id=272, agent_id=2)>, <ServerHasAgent(server_id=272, agent_id=5)>, <ServerHasAgent(server_id=272, agent_id=3)>]
2025-09-04 14:59:09,273 - agents.agent_manager - INFO - [<ServerHasAgent(server_id=273, agent_id=2)>, <ServerHasAgent(server_id=273, agent_id=5)>, <ServerHasAgent(server_id=273, agent_id=3)>]
2025-09-04 14:59:09,307 - agents.agent_manager - INFO - [<ServerHasAgent(server_id=274, agent_id=2)>, <ServerHasAgent(server_id=274, agent_id=5)>, <ServerHasAgent(server_id=274, agent_id=3)>]
2025-09-04 14:59:09,331 - agents.agent_manager - INFO - [<ServerHasAgent(server_id=275, agent_id=2)>, <ServerHasAgent(server_id=275, agent_id=5)>, <ServerHasAgent(server_id=275, agent_id=3)>]
2025-09-04 14:59:09,365 - agents.agent_manager - INFO - [<ServerHasAgent(server_id=276, agent_id=2)>, <ServerHasAgent(server_id=276, agent_id=5)>, <ServerHasAgent(server_id=276, agent_id=3)>]
2025-09-04 14:59:09,391 - agents.agent_manager - INFO - [<ServerHasAgent(server_id=277, agent_id=2)>, <ServerHasAgent(server_id=277, agent_id=5)>, <ServerHasAgent(server_id=277, agent_id=3)>]
2025-09-04 14:59:09,418 - agents.agent_manager - INFO - [<ServerHasAgent(server_id=278, agent_id=2)>, <ServerHasAgent(server_id=278, agent_id=5)>, <ServerHasAgent(server_id=278, agent_id=3)>]
2025-09-04 14:59:09,443 - agents.agent_manager - INFO - [<ServerHasAgent(server_id=279, agent_id=2)>, <ServerHasAgent(server_id=279, agent_id=5)>, <ServerHasAgent(server_id=279, agent_id=3)>]
2025-09-04 14:59:09,474 - agents.agent_manager - INFO - [<ServerHasAgent(server_id=280, agent_id=2)>, <ServerHasAgent(server_id=280, agent_id=5)>, <ServerHasAgent(server_id=280, agent_id=3)>]
2025-09-04 14:59:09,506 - agents.agent_manager - INFO - [<ServerHasAgent(server_id=281, agent_id=2)>, <ServerHasAgent(server_id=281, agent_id=5)>, <ServerHasAgent(server_id=281, agent_id=3)>]
2025-09-04 14:59:09,535 - agents.agent_manager - INFO - [<ServerHasAgent(server_id=282, agent_id=2)>, <ServerHasAgent(server_id=282, agent_id=5)>, <ServerHasAgent(server_id=282, agent_id=3)>]
2025-09-04 14:59:09,559 - agents.agent_manager - INFO - [<ServerHasAgent(server_id=283, agent_id=2)>, <ServerHasAgent(server_id=283, agent_id=5)>, <ServerHasAgent(server_id=283, agent_id=3)>]
2025-09-04 14:59:09,584 - agents.agent_manager - INFO - [<ServerHasAgent(server_id=284, agent_id=2)>, <ServerHasAgent(server_id=284, agent_id=5)>, <ServerHasAgent(server_id=284, agent_id=3)>]
2025-09-04 14:59:09,615 - agents.agent_manager - INFO - [<ServerHasAgent(server_id=285, agent_id=2)>, <ServerHasAgent(server_id=285, agent_id=5)>, <ServerHasAgent(server_id=285, agent_id=3)>]
2025-09-04 14:59:09,639 - agents.agent_manager - INFO - [<ServerHasAgent(server_id=286, agent_id=2)>, <ServerHasAgent(server_id=286, agent_id=5)>, <ServerHasAgent(server_id=286, agent_id=3)>]
2025-09-04 14:59:09,665 - agents.agent_manager - INFO - [<ServerHasAgent(server_id=287, agent_id=2)>, <ServerHasAgent(server_id=287, agent_id=5)>, <ServerHasAgent(server_id=287, agent_id=3)>]
2025-09-04 14:59:09,694 - agents.agent_manager - INFO - [<ServerHasAgent(server_id=288, agent_id=2)>, <ServerHasAgent(server_id=288, agent_id=5)>, <ServerHasAgent(server_id=288, agent_id=3)>]
2025-09-04 14:59:09,724 - agents.agent_manager - INFO - [<ServerHasAgent(server_id=289, agent_id=2)>, <ServerHasAgent(server_id=289, agent_id=5)>, <ServerHasAgent(server_id=289, agent_id=3)>]
2025-09-04 14:59:09,763 - agents.agent_manager - INFO - [<ServerHasAgent(server_id=290, agent_id=2)>, <ServerHasAgent(server_id=290, agent_id=5)>, <ServerHasAgent(server_id=290, agent_id=3)>]
2025-09-04 14:59:09,791 - agents.agent_manager - INFO - [<ServerHasAgent(server_id=291, agent_id=2)>, <ServerHasAgent(server_id=291, agent_id=5)>, <ServerHasAgent(server_id=291, agent_id=3)>]
2025-09-04 14:59:09,819 - agents.agent_manager - INFO - [<ServerHasAgent(server_id=292, agent_id=2)>, <ServerHasAgent(server_id=292, agent_id=5)>, <ServerHasAgent(server_id=292, agent_id=3)>]
2025-09-04 14:59:09,845 - agents.agent_manager - INFO - [<ServerHasAgent(server_id=293, agent_id=2)>, <ServerHasAgent(server_id=293, agent_id=5)>, <ServerHasAgent(server_id=293, agent_id=3)>]
2025-09-04 14:59:09,873 - agents.agent_manager - INFO - [<ServerHasAgent(server_id=294, agent_id=2)>, <ServerHasAgent(server_id=294, agent_id=5)>, <ServerHasAgent(server_id=294, agent_id=3)>]
2025-09-04 14:59:09,899 - agents.agent_manager - INFO - [<ServerHasAgent(server_id=295, agent_id=2)>, <ServerHasAgent(server_id=295, agent_id=5)>, <ServerHasAgent(server_id=295, agent_id=3)>]
2025-09-04 14:59:09,931 - agents.agent_manager - INFO - [<ServerHasAgent(server_id=296, agent_id=2)>, <ServerHasAgent(server_id=296, agent_id=5)>, <ServerHasAgent(server_id=296, agent_id=3)>]
2025-09-04 14:59:09,959 - agents.agent_manager - INFO - [<ServerHasAgent(server_id=297, agent_id=2)>, <ServerHasAgent(server_id=297, agent_id=5)>, <ServerHasAgent(server_id=297, agent_id=3)>]
2025-09-04 14:59:09,988 - agents.agent_manager - INFO - [<ServerHasAgent(server_id=298, agent_id=2)>, <ServerHasAgent(server_id=298, agent_id=5)>, <ServerHasAgent(server_id=298, agent_id=3)>]
2025-09-04 14:59:10,013 - agents.agent_manager - INFO - [<ServerHasAgent(server_id=299, agent_id=2)>, <ServerHasAgent(server_id=299, agent_id=5)>, <ServerHasAgent(server_id=299, agent_id=3)>]
2025-09-04 14:59:10,038 - agents.agent_manager - INFO - [<ServerHasAgent(server_id=300, agent_id=2)>, <ServerHasAgent(server_id=300, agent_id=5)>, <ServerHasAgent(server_id=300, agent_id=3)>]
2025-09-04 14:59:10,064 - agents.agent_manager - INFO - [<ServerHasAgent(server_id=301, agent_id=2)>, <ServerHasAgent(server_id=301, agent_id=5)>, <ServerHasAgent(server_id=301, agent_id=3)>]
2025-09-04 14:59:10,088 - agents.agent_manager - INFO - [<ServerHasAgent(server_id=302, agent_id=2)>, <ServerHasAgent(server_id=302, agent_id=5)>, <ServerHasAgent(server_id=302, agent_id=3)>]
2025-09-04 14:59:10,127 - agents.agent_manager - INFO - [<ServerHasAgent(server_id=303, agent_id=2)>, <ServerHasAgent(server_id=303, agent_id=5)>, <ServerHasAgent(server_id=303, agent_id=3)>]
2025-09-04 14:59:10,159 - agents.agent_manager - INFO - [<ServerHasAgent(server_id=304, agent_id=2)>, <ServerHasAgent(server_id=304, agent_id=5)>, <ServerHasAgent(server_id=304, agent_id=3)>]
2025-09-04 14:59:10,183 - agents.agent_manager - INFO - [<ServerHasAgent(server_id=305, agent_id=2)>, <ServerHasAgent(server_id=305, agent_id=5)>, <ServerHasAgent(server_id=305, agent_id=3)>]
2025-09-04 14:59:10,212 - agents.agent_manager - INFO - [<ServerHasAgent(server_id=306, agent_id=2)>, <ServerHasAgent(server_id=306, agent_id=5)>, <ServerHasAgent(server_id=306, agent_id=3)>]
2025-09-04 14:59:10,239 - agents.agent_manager - INFO - [<ServerHasAgent(server_id=307, agent_id=2)>, <ServerHasAgent(server_id=307, agent_id=5)>, <ServerHasAgent(server_id=307, agent_id=3)>]
2025-09-04 14:59:10,266 - agents.agent_manager - INFO - [<ServerHasAgent(server_id=308, agent_id=2)>, <ServerHasAgent(server_id=308, agent_id=5)>, <ServerHasAgent(server_id=308, agent_id=3)>]
2025-09-04 14:59:10,295 - agents.agent_manager - INFO - [<ServerHasAgent(server_id=309, agent_id=2)>, <ServerHasAgent(server_id=309, agent_id=5)>, <ServerHasAgent(server_id=309, agent_id=3)>]
2025-09-04 14:59:10,321 - agents.agent_manager - INFO - [<ServerHasAgent(server_id=310, agent_id=2)>, <ServerHasAgent(server_id=310, agent_id=5)>, <ServerHasAgent(server_id=310, agent_id=3)>]
2025-09-04 14:59:10,354 - agents.agent_manager - INFO - [<ServerHasAgent(server_id=311, agent_id=2)>, <ServerHasAgent(server_id=311, agent_id=5)>, <ServerHasAgent(server_id=311, agent_id=3)>]
2025-09-04 14:59:10,382 - agents.agent_manager - INFO - [<ServerHasAgent(server_id=312, agent_id=2)>, <ServerHasAgent(server_id=312, agent_id=5)>, <ServerHasAgent(server_id=312, agent_id=3)>]
2025-09-04 14:59:10,408 - agents.agent_manager - INFO - [<ServerHasAgent(server_id=313, agent_id=2)>, <ServerHasAgent(server_id=313, agent_id=5)>, <ServerHasAgent(server_id=313, agent_id=3)>]
2025-09-04 14:59:10,440 - agents.agent_manager - INFO - [<ServerHasAgent(server_id=314, agent_id=2)>, <ServerHasAgent(server_id=314, agent_id=5)>, <ServerHasAgent(server_id=314, agent_id=3)>]
2025-09-04 14:59:10,465 - agents.agent_manager - INFO - [<ServerHasAgent(server_id=315, agent_id=2)>, <ServerHasAgent(server_id=315, agent_id=5)>, <ServerHasAgent(server_id=315, agent_id=3)>]
2025-09-04 14:59:10,491 - agents.agent_manager - INFO - [<ServerHasAgent(server_id=316, agent_id=2)>, <ServerHasAgent(server_id=316, agent_id=5)>, <ServerHasAgent(server_id=316, agent_id=3)>]
2025-09-04 14:59:10,516 - agents.agent_manager - INFO - [<ServerHasAgent(server_id=317, agent_id=2)>, <ServerHasAgent(server_id=317, agent_id=5)>, <ServerHasAgent(server_id=317, agent_id=3)>]
2025-09-04 14:59:10,540 - agents.agent_manager - INFO - [<ServerHasAgent(server_id=318, agent_id=2)>, <ServerHasAgent(server_id=318, agent_id=5)>, <ServerHasAgent(server_id=318, agent_id=3)>]
2025-09-04 14:59:10,564 - agents.agent_manager - INFO - [<ServerHasAgent(server_id=319, agent_id=2)>, <ServerHasAgent(server_id=319, agent_id=5)>, <ServerHasAgent(server_id=319, agent_id=3)>]
2025-09-04 14:59:10,596 - agents.agent_manager - INFO - [<ServerHasAgent(server_id=320, agent_id=2)>, <ServerHasAgent(server_id=320, agent_id=5)>, <ServerHasAgent(server_id=320, agent_id=3)>]
2025-09-04 14:59:10,624 - agents.agent_manager - INFO - [<ServerHasAgent(server_id=321, agent_id=2)>, <ServerHasAgent(server_id=321, agent_id=5)>, <ServerHasAgent(server_id=321, agent_id=3)>]
2025-09-04 14:59:10,648 - agents.agent_manager - INFO - [<ServerHasAgent(server_id=322, agent_id=2)>, <ServerHasAgent(server_id=322, agent_id=5)>, <ServerHasAgent(server_id=322, agent_id=3)>]
2025-09-04 14:59:10,673 - agents.agent_manager - INFO - [<ServerHasAgent(server_id=323, agent_id=2)>, <ServerHasAgent(server_id=323, agent_id=5)>, <ServerHasAgent(server_id=323, agent_id=3)>]
2025-09-04 14:59:10,699 - agents.agent_manager - INFO - [<ServerHasAgent(server_id=324, agent_id=2)>, <ServerHasAgent(server_id=324, agent_id=5)>, <ServerHasAgent(server_id=324, agent_id=3)>]
2025-09-04 14:59:10,724 - agents.agent_manager - INFO - [<ServerHasAgent(server_id=325, agent_id=2)>, <ServerHasAgent(server_id=325, agent_id=5)>, <ServerHasAgent(server_id=325, agent_id=3)>]
2025-09-04 14:59:10,760 - agents.agent_manager - INFO - [<ServerHasAgent(server_id=326, agent_id=2)>, <ServerHasAgent(server_id=326, agent_id=5)>, <ServerHasAgent(server_id=326, agent_id=3)>]
2025-09-04 14:59:10,789 - agents.agent_manager - INFO - [<ServerHasAgent(server_id=327, agent_id=2)>, <ServerHasAgent(server_id=327, agent_id=5)>, <ServerHasAgent(server_id=327, agent_id=3)>]
2025-09-04 14:59:10,823 - agents.agent_manager - INFO - [<ServerHasAgent(server_id=328, agent_id=2)>, <ServerHasAgent(server_id=328, agent_id=5)>, <ServerHasAgent(server_id=328, agent_id=3)>]
2025-09-04 14:59:10,847 - agents.agent_manager - INFO - [<ServerHasAgent(server_id=329, agent_id=2)>, <ServerHasAgent(server_id=329, agent_id=5)>, <ServerHasAgent(server_id=329, agent_id=3)>]
2025-09-04 14:59:10,878 - agents.agent_manager - INFO - [<ServerHasAgent(server_id=330, agent_id=2)>, <ServerHasAgent(server_id=330, agent_id=5)>, <ServerHasAgent(server_id=330, agent_id=3)>]
2025-09-04 14:59:10,912 - agents.agent_manager - INFO - [<ServerHasAgent(server_id=331, agent_id=2)>, <ServerHasAgent(server_id=331, agent_id=5)>, <ServerHasAgent(server_id=331, agent_id=3)>]
2025-09-04 14:59:10,942 - agents.agent_manager - INFO - [<ServerHasAgent(server_id=332, agent_id=2)>, <ServerHasAgent(server_id=332, agent_id=5)>, <ServerHasAgent(server_id=332, agent_id=3)>]
2025-09-04 14:59:10,973 - agents.agent_manager - INFO - [<ServerHasAgent(server_id=333, agent_id=2)>, <ServerHasAgent(server_id=333, agent_id=5)>, <ServerHasAgent(server_id=333, agent_id=3)>]
2025-09-04 14:59:11,006 - agents.agent_manager - INFO - [<ServerHasAgent(server_id=334, agent_id=2)>, <ServerHasAgent(server_id=334, agent_id=5)>, <ServerHasAgent(server_id=334, agent_id=3)>]
2025-09-04 14:59:11,035 - agents.agent_manager - INFO - [<ServerHasAgent(server_id=335, agent_id=2)>, <ServerHasAgent(server_id=335, agent_id=5)>, <ServerHasAgent(server_id=335, agent_id=3)>]
2025-09-04 14:59:11,061 - agents.agent_manager - INFO - [<ServerHasAgent(server_id=336, agent_id=2)>, <ServerHasAgent(server_id=336, agent_id=5)>, <ServerHasAgent(server_id=336, agent_id=3)>]
2025-09-04 14:59:11,088 - agents.agent_manager - INFO - [<ServerHasAgent(server_id=337, agent_id=2)>, <ServerHasAgent(server_id=337, agent_id=5)>, <ServerHasAgent(server_id=337, agent_id=3)>]
2025-09-04 14:59:11,119 - agents.agent_manager - INFO - [<ServerHasAgent(server_id=338, agent_id=2)>, <ServerHasAgent(server_id=338, agent_id=5)>, <ServerHasAgent(server_id=338, agent_id=3)>]
2025-09-04 14:59:11,159 - agents.agent_manager - INFO - [<ServerHasAgent(server_id=339, agent_id=2)>, <ServerHasAgent(server_id=339, agent_id=5)>, <ServerHasAgent(server_id=339, agent_id=3)>]
2025-09-04 14:59:11,192 - agents.agent_manager - INFO - [<ServerHasAgent(server_id=340, agent_id=2)>, <ServerHasAgent(server_id=340, agent_id=5)>, <ServerHasAgent(server_id=340, agent_id=3)>]
2025-09-04 14:59:11,224 - agents.agent_manager - INFO - [<ServerHasAgent(server_id=341, agent_id=2)>, <ServerHasAgent(server_id=341, agent_id=5)>, <ServerHasAgent(server_id=341, agent_id=3)>]
2025-09-04 14:59:11,258 - agents.agent_manager - INFO - [<ServerHasAgent(server_id=342, agent_id=2)>, <ServerHasAgent(server_id=342, agent_id=5)>, <ServerHasAgent(server_id=342, agent_id=3)>]
2025-09-04 14:59:11,293 - agents.agent_manager - INFO - [<ServerHasAgent(server_id=343, agent_id=2)>, <ServerHasAgent(server_id=343, agent_id=5)>, <ServerHasAgent(server_id=343, agent_id=3)>]
2025-09-04 14:59:11,318 - agents.agent_manager - INFO - [<ServerHasAgent(server_id=344, agent_id=2)>, <ServerHasAgent(server_id=344, agent_id=5)>, <ServerHasAgent(server_id=344, agent_id=3)>]
2025-09-04 14:59:11,348 - agents.agent_manager - INFO - [<ServerHasAgent(server_id=345, agent_id=2)>, <ServerHasAgent(server_id=345, agent_id=5)>, <ServerHasAgent(server_id=345, agent_id=3)>]
2025-09-04 14:59:11,379 - agents.agent_manager - INFO - [<ServerHasAgent(server_id=346, agent_id=2)>, <ServerHasAgent(server_id=346, agent_id=5)>, <ServerHasAgent(server_id=346, agent_id=3)>]
2025-09-04 14:59:11,403 - agents.agent_manager - INFO - [<ServerHasAgent(server_id=347, agent_id=2)>, <ServerHasAgent(server_id=347, agent_id=5)>, <ServerHasAgent(server_id=347, agent_id=3)>]
2025-09-04 14:59:11,437 - agents.agent_manager - INFO - [<ServerHasAgent(server_id=348, agent_id=2)>, <ServerHasAgent(server_id=348, agent_id=5)>, <ServerHasAgent(server_id=348, agent_id=3)>]
2025-09-04 14:59:11,472 - agents.agent_manager - INFO - [<ServerHasAgent(server_id=349, agent_id=2)>, <ServerHasAgent(server_id=349, agent_id=5)>, <ServerHasAgent(server_id=349, agent_id=3)>]
2025-09-04 14:59:11,502 - agents.agent_manager - INFO - [<ServerHasAgent(server_id=350, agent_id=2)>, <ServerHasAgent(server_id=350, agent_id=5)>, <ServerHasAgent(server_id=350, agent_id=3)>]
2025-09-04 14:59:11,531 - agents.agent_manager - INFO - [<ServerHasAgent(server_id=351, agent_id=2)>, <ServerHasAgent(server_id=351, agent_id=5)>, <ServerHasAgent(server_id=351, agent_id=3)>]
2025-09-04 14:59:11,562 - agents.agent_manager - INFO - [<ServerHasAgent(server_id=352, agent_id=2)>, <ServerHasAgent(server_id=352, agent_id=5)>, <ServerHasAgent(server_id=352, agent_id=3)>]
2025-09-04 14:59:11,587 - agents.agent_manager - INFO - [<ServerHasAgent(server_id=353, agent_id=2)>, <ServerHasAgent(server_id=353, agent_id=5)>, <ServerHasAgent(server_id=353, agent_id=3)>]
2025-09-04 14:59:11,611 - agents.agent_manager - INFO - [<ServerHasAgent(server_id=354, agent_id=2)>, <ServerHasAgent(server_id=354, agent_id=5)>, <ServerHasAgent(server_id=354, agent_id=3)>]
2025-09-04 14:59:11,639 - agents.agent_manager - INFO - [<ServerHasAgent(server_id=355, agent_id=2)>, <ServerHasAgent(server_id=355, agent_id=5)>, <ServerHasAgent(server_id=355, agent_id=3)>]
2025-09-04 14:59:11,671 - agents.agent_manager - INFO - [<ServerHasAgent(server_id=356, agent_id=2)>, <ServerHasAgent(server_id=356, agent_id=5)>, <ServerHasAgent(server_id=356, agent_id=3)>]
2025-09-04 14:59:11,699 - agents.agent_manager - INFO - [<ServerHasAgent(server_id=357, agent_id=2)>, <ServerHasAgent(server_id=357, agent_id=5)>, <ServerHasAgent(server_id=357, agent_id=3)>]
2025-09-04 14:59:11,733 - agents.agent_manager - INFO - [<ServerHasAgent(server_id=358, agent_id=2)>, <ServerHasAgent(server_id=358, agent_id=5)>, <ServerHasAgent(server_id=358, agent_id=3)>]
2025-09-04 14:59:11,772 - agents.agent_manager - INFO - [<ServerHasAgent(server_id=359, agent_id=2)>, <ServerHasAgent(server_id=359, agent_id=5)>, <ServerHasAgent(server_id=359, agent_id=3)>]
2025-09-04 14:59:11,798 - agents.agent_manager - INFO - [<ServerHasAgent(server_id=360, agent_id=2)>, <ServerHasAgent(server_id=360, agent_id=5)>, <ServerHasAgent(server_id=360, agent_id=3)>]
2025-09-04 14:59:11,835 - agents.agent_manager - INFO - [<ServerHasAgent(server_id=361, agent_id=2)>, <ServerHasAgent(server_id=361, agent_id=5)>, <ServerHasAgent(server_id=361, agent_id=3)>]
2025-09-04 14:59:11,870 - agents.agent_manager - INFO - [<ServerHasAgent(server_id=362, agent_id=2)>, <ServerHasAgent(server_id=362, agent_id=5)>, <ServerHasAgent(server_id=362, agent_id=3)>]
2025-09-04 14:59:11,902 - agents.agent_manager - INFO - [<ServerHasAgent(server_id=363, agent_id=2)>, <ServerHasAgent(server_id=363, agent_id=5)>, <ServerHasAgent(server_id=363, agent_id=3)>]
2025-09-04 14:59:11,934 - agents.agent_manager - INFO - [<ServerHasAgent(server_id=364, agent_id=2)>, <ServerHasAgent(server_id=364, agent_id=5)>, <ServerHasAgent(server_id=364, agent_id=3)>]
2025-09-04 14:59:11,966 - agents.agent_manager - INFO - [<ServerHasAgent(server_id=365, agent_id=2)>, <ServerHasAgent(server_id=365, agent_id=5)>, <ServerHasAgent(server_id=365, agent_id=3)>]
2025-09-04 14:59:11,998 - agents.agent_manager - INFO - [<ServerHasAgent(server_id=366, agent_id=2)>, <ServerHasAgent(server_id=366, agent_id=5)>, <ServerHasAgent(server_id=366, agent_id=3)>]
2025-09-04 14:59:12,025 - agents.agent_manager - INFO - [<ServerHasAgent(server_id=367, agent_id=2)>, <ServerHasAgent(server_id=367, agent_id=5)>, <ServerHasAgent(server_id=367, agent_id=3)>]
2025-09-04 14:59:12,051 - agents.agent_manager - INFO - [<ServerHasAgent(server_id=368, agent_id=2)>, <ServerHasAgent(server_id=368, agent_id=5)>, <ServerHasAgent(server_id=368, agent_id=3)>]
2025-09-04 14:59:12,084 - agents.agent_manager - INFO - [<ServerHasAgent(server_id=369, agent_id=2)>, <ServerHasAgent(server_id=369, agent_id=5)>, <ServerHasAgent(server_id=369, agent_id=3)>]
2025-09-04 14:59:12,117 - agents.agent_manager - INFO - [<ServerHasAgent(server_id=370, agent_id=2)>, <ServerHasAgent(server_id=370, agent_id=5)>, <ServerHasAgent(server_id=370, agent_id=3)>]
2025-09-04 14:59:12,156 - agents.agent_manager - INFO - [<ServerHasAgent(server_id=371, agent_id=2)>, <ServerHasAgent(server_id=371, agent_id=5)>, <ServerHasAgent(server_id=371, agent_id=3)>]
2025-09-04 14:59:12,187 - agents.agent_manager - INFO - [<ServerHasAgent(server_id=372, agent_id=2)>, <ServerHasAgent(server_id=372, agent_id=5)>, <ServerHasAgent(server_id=372, agent_id=3)>]
2025-09-04 14:59:12,211 - agents.agent_manager - INFO - [<ServerHasAgent(server_id=373, agent_id=2)>, <ServerHasAgent(server_id=373, agent_id=5)>, <ServerHasAgent(server_id=373, agent_id=3)>]
2025-09-04 14:59:12,240 - agents.agent_manager - INFO - [<ServerHasAgent(server_id=374, agent_id=2)>, <ServerHasAgent(server_id=374, agent_id=5)>, <ServerHasAgent(server_id=374, agent_id=3)>]
2025-09-04 14:59:12,266 - agents.agent_manager - INFO - [<ServerHasAgent(server_id=375, agent_id=2)>, <ServerHasAgent(server_id=375, agent_id=5)>, <ServerHasAgent(server_id=375, agent_id=3)>]
2025-09-04 14:59:12,296 - agents.agent_manager - INFO - [<ServerHasAgent(server_id=376, agent_id=2)>, <ServerHasAgent(server_id=376, agent_id=5)>, <ServerHasAgent(server_id=376, agent_id=3)>]
2025-09-04 14:59:12,323 - agents.agent_manager - INFO - [<ServerHasAgent(server_id=377, agent_id=2)>, <ServerHasAgent(server_id=377, agent_id=5)>, <ServerHasAgent(server_id=377, agent_id=3)>]
2025-09-04 14:59:12,361 - agents.agent_manager - INFO - [<ServerHasAgent(server_id=378, agent_id=2)>, <ServerHasAgent(server_id=378, agent_id=5)>, <ServerHasAgent(server_id=378, agent_id=3)>]
2025-09-04 14:59:12,392 - agents.agent_manager - INFO - [<ServerHasAgent(server_id=379, agent_id=2)>, <ServerHasAgent(server_id=379, agent_id=5)>, <ServerHasAgent(server_id=379, agent_id=3)>]
2025-09-04 14:59:12,426 - agents.agent_manager - INFO - [<ServerHasAgent(server_id=380, agent_id=2)>, <ServerHasAgent(server_id=380, agent_id=5)>, <ServerHasAgent(server_id=380, agent_id=3)>]
2025-09-04 14:59:12,456 - agents.agent_manager - INFO - [<ServerHasAgent(server_id=381, agent_id=2)>, <ServerHasAgent(server_id=381, agent_id=5)>, <ServerHasAgent(server_id=381, agent_id=3)>]
2025-09-04 14:59:12,488 - agents.agent_manager - INFO - [<ServerHasAgent(server_id=382, agent_id=2)>, <ServerHasAgent(server_id=382, agent_id=5)>, <ServerHasAgent(server_id=382, agent_id=3)>]
2025-09-04 14:59:12,522 - agents.agent_manager - INFO - [<ServerHasAgent(server_id=383, agent_id=2)>, <ServerHasAgent(server_id=383, agent_id=5)>, <ServerHasAgent(server_id=383, agent_id=3)>]
2025-09-04 14:59:12,553 - agents.agent_manager - INFO - [<ServerHasAgent(server_id=384, agent_id=2)>, <ServerHasAgent(server_id=384, agent_id=5)>, <ServerHasAgent(server_id=384, agent_id=3)>]
2025-09-04 14:59:12,581 - agents.agent_manager - INFO - [<ServerHasAgent(server_id=385, agent_id=2)>, <ServerHasAgent(server_id=385, agent_id=5)>, <ServerHasAgent(server_id=385, agent_id=3)>]
2025-09-04 14:59:12,612 - agents.agent_manager - INFO - [<ServerHasAgent(server_id=386, agent_id=2)>, <ServerHasAgent(server_id=386, agent_id=5)>, <ServerHasAgent(server_id=386, agent_id=3)>]
2025-09-04 14:59:12,646 - agents.agent_manager - INFO - [<ServerHasAgent(server_id=387, agent_id=2)>, <ServerHasAgent(server_id=387, agent_id=5)>, <ServerHasAgent(server_id=387, agent_id=3)>]
2025-09-04 14:59:12,685 - agents.agent_manager - INFO - [<ServerHasAgent(server_id=388, agent_id=2)>, <ServerHasAgent(server_id=388, agent_id=5)>, <ServerHasAgent(server_id=388, agent_id=3)>]
2025-09-04 14:59:12,720 - agents.agent_manager - INFO - [<ServerHasAgent(server_id=389, agent_id=2)>, <ServerHasAgent(server_id=389, agent_id=5)>, <ServerHasAgent(server_id=389, agent_id=3)>]
2025-09-04 14:59:12,775 - agents.agent_manager - INFO - [<ServerHasAgent(server_id=390, agent_id=2)>, <ServerHasAgent(server_id=390, agent_id=5)>, <ServerHasAgent(server_id=390, agent_id=3)>]
2025-09-04 14:59:12,807 - agents.agent_manager - INFO - [<ServerHasAgent(server_id=391, agent_id=2)>, <ServerHasAgent(server_id=391, agent_id=5)>, <ServerHasAgent(server_id=391, agent_id=3)>]
2025-09-04 14:59:12,845 - agents.agent_manager - INFO - [<ServerHasAgent(server_id=392, agent_id=2)>, <ServerHasAgent(server_id=392, agent_id=5)>, <ServerHasAgent(server_id=392, agent_id=3)>]
2025-09-04 14:59:12,875 - agents.agent_manager - INFO - [<ServerHasAgent(server_id=393, agent_id=2)>, <ServerHasAgent(server_id=393, agent_id=5)>, <ServerHasAgent(server_id=393, agent_id=3)>]
2025-09-04 14:59:12,908 - agents.agent_manager - INFO - [<ServerHasAgent(server_id=394, agent_id=2)>, <ServerHasAgent(server_id=394, agent_id=5)>, <ServerHasAgent(server_id=394, agent_id=3)>]
2025-09-04 14:59:12,937 - agents.agent_manager - INFO - [<ServerHasAgent(server_id=395, agent_id=2)>, <ServerHasAgent(server_id=395, agent_id=5)>, <ServerHasAgent(server_id=395, agent_id=3)>]
2025-09-04 14:59:12,975 - agents.agent_manager - INFO - [<ServerHasAgent(server_id=396, agent_id=2)>, <ServerHasAgent(server_id=396, agent_id=5)>, <ServerHasAgent(server_id=396, agent_id=3)>]
2025-09-04 14:59:13,009 - agents.agent_manager - INFO - [<ServerHasAgent(server_id=397, agent_id=2)>, <ServerHasAgent(server_id=397, agent_id=5)>, <ServerHasAgent(server_id=397, agent_id=3)>]
2025-09-04 14:59:13,050 - agents.agent_manager - INFO - [<ServerHasAgent(server_id=398, agent_id=2)>, <ServerHasAgent(server_id=398, agent_id=5)>, <ServerHasAgent(server_id=398, agent_id=3)>]
2025-09-04 14:59:13,085 - agents.agent_manager - INFO - [<ServerHasAgent(server_id=399, agent_id=2)>, <ServerHasAgent(server_id=399, agent_id=5)>, <ServerHasAgent(server_id=399, agent_id=3)>]
2025-09-04 14:59:13,118 - agents.agent_manager - INFO - [<ServerHasAgent(server_id=400, agent_id=2)>, <ServerHasAgent(server_id=400, agent_id=5)>, <ServerHasAgent(server_id=400, agent_id=3)>]
2025-09-04 14:59:13,151 - agents.agent_manager - INFO - [<ServerHasAgent(server_id=401, agent_id=2)>, <ServerHasAgent(server_id=401, agent_id=5)>, <ServerHasAgent(server_id=401, agent_id=3)>]
2025-09-04 14:59:13,201 - agents.agent_manager - INFO - [<ServerHasAgent(server_id=402, agent_id=2)>, <ServerHasAgent(server_id=402, agent_id=5)>, <ServerHasAgent(server_id=402, agent_id=3)>]
2025-09-04 14:59:13,230 - agents.agent_manager - INFO - [<ServerHasAgent(server_id=403, agent_id=2)>, <ServerHasAgent(server_id=403, agent_id=5)>, <ServerHasAgent(server_id=403, agent_id=3)>]
2025-09-04 14:59:13,260 - agents.agent_manager - INFO - [<ServerHasAgent(server_id=404, agent_id=2)>, <ServerHasAgent(server_id=404, agent_id=5)>, <ServerHasAgent(server_id=404, agent_id=3)>]
2025-09-04 14:59:13,295 - agents.agent_manager - INFO - [<ServerHasAgent(server_id=405, agent_id=2)>, <ServerHasAgent(server_id=405, agent_id=5)>, <ServerHasAgent(server_id=405, agent_id=3)>]
2025-09-04 14:59:13,328 - agents.agent_manager - INFO - [<ServerHasAgent(server_id=406, agent_id=2)>, <ServerHasAgent(server_id=406, agent_id=5)>, <ServerHasAgent(server_id=406, agent_id=3)>]
2025-09-04 14:59:13,363 - agents.agent_manager - INFO - [<ServerHasAgent(server_id=407, agent_id=2)>, <ServerHasAgent(server_id=407, agent_id=5)>, <ServerHasAgent(server_id=407, agent_id=3)>]
2025-09-04 14:59:13,393 - agents.agent_manager - INFO - [<ServerHasAgent(server_id=408, agent_id=2)>, <ServerHasAgent(server_id=408, agent_id=5)>, <ServerHasAgent(server_id=408, agent_id=3)>]
2025-09-04 14:59:13,429 - agents.agent_manager - INFO - [<ServerHasAgent(server_id=409, agent_id=2)>, <ServerHasAgent(server_id=409, agent_id=5)>, <ServerHasAgent(server_id=409, agent_id=3)>]
2025-09-04 14:59:13,462 - agents.agent_manager - INFO - [<ServerHasAgent(server_id=410, agent_id=2)>, <ServerHasAgent(server_id=410, agent_id=5)>, <ServerHasAgent(server_id=410, agent_id=3)>]
2025-09-04 14:59:13,499 - agents.agent_manager - INFO - [<ServerHasAgent(server_id=411, agent_id=2)>, <ServerHasAgent(server_id=411, agent_id=5)>, <ServerHasAgent(server_id=411, agent_id=3)>]
2025-09-04 14:59:13,539 - agents.agent_manager - INFO - [<ServerHasAgent(server_id=412, agent_id=2)>, <ServerHasAgent(server_id=412, agent_id=5)>, <ServerHasAgent(server_id=412, agent_id=3)>]
2025-09-04 14:59:13,573 - agents.agent_manager - INFO - [<ServerHasAgent(server_id=413, agent_id=2)>, <ServerHasAgent(server_id=413, agent_id=5)>, <ServerHasAgent(server_id=413, agent_id=3)>]
2025-09-04 14:59:13,603 - agents.agent_manager - INFO - [<ServerHasAgent(server_id=414, agent_id=2)>, <ServerHasAgent(server_id=414, agent_id=5)>, <ServerHasAgent(server_id=414, agent_id=3)>]
2025-09-04 14:59:13,641 - agents.agent_manager - INFO - [<ServerHasAgent(server_id=415, agent_id=2)>, <ServerHasAgent(server_id=415, agent_id=5)>, <ServerHasAgent(server_id=415, agent_id=3)>]
2025-09-04 14:59:13,669 - agents.agent_manager - INFO - [<ServerHasAgent(server_id=416, agent_id=2)>, <ServerHasAgent(server_id=416, agent_id=5)>, <ServerHasAgent(server_id=416, agent_id=3)>]
2025-09-04 14:59:13,704 - agents.agent_manager - INFO - [<ServerHasAgent(server_id=417, agent_id=2)>, <ServerHasAgent(server_id=417, agent_id=5)>, <ServerHasAgent(server_id=417, agent_id=3)>]
2025-09-04 14:59:13,738 - agents.agent_manager - INFO - [<ServerHasAgent(server_id=418, agent_id=2)>, <ServerHasAgent(server_id=418, agent_id=5)>, <ServerHasAgent(server_id=418, agent_id=3)>]
2025-09-04 14:59:13,795 - agents.agent_manager - INFO - [<ServerHasAgent(server_id=419, agent_id=2)>, <ServerHasAgent(server_id=419, agent_id=5)>, <ServerHasAgent(server_id=419, agent_id=3)>]
2025-09-04 14:59:13,827 - agents.agent_manager - INFO - [<ServerHasAgent(server_id=420, agent_id=2)>, <ServerHasAgent(server_id=420, agent_id=5)>, <ServerHasAgent(server_id=420, agent_id=3)>]
2025-09-04 14:59:13,864 - agents.agent_manager - INFO - [<ServerHasAgent(server_id=421, agent_id=2)>, <ServerHasAgent(server_id=421, agent_id=5)>, <ServerHasAgent(server_id=421, agent_id=3)>]
2025-09-04 14:59:13,898 - agents.agent_manager - INFO - [<ServerHasAgent(server_id=422, agent_id=2)>, <ServerHasAgent(server_id=422, agent_id=5)>, <ServerHasAgent(server_id=422, agent_id=3)>]
2025-09-04 14:59:13,924 - agents.agent_manager - INFO - [<ServerHasAgent(server_id=423, agent_id=2)>, <ServerHasAgent(server_id=423, agent_id=5)>, <ServerHasAgent(server_id=423, agent_id=3)>]
2025-09-04 14:59:13,955 - agents.agent_manager - INFO - [<ServerHasAgent(server_id=424, agent_id=2)>, <ServerHasAgent(server_id=424, agent_id=5)>, <ServerHasAgent(server_id=424, agent_id=3)>]
2025-09-04 14:59:13,989 - agents.agent_manager - INFO - [<ServerHasAgent(server_id=425, agent_id=2)>, <ServerHasAgent(server_id=425, agent_id=5)>, <ServerHasAgent(server_id=425, agent_id=3)>]
2025-09-04 14:59:14,021 - agents.agent_manager - INFO - [<ServerHasAgent(server_id=426, agent_id=2)>, <ServerHasAgent(server_id=426, agent_id=5)>, <ServerHasAgent(server_id=426, agent_id=3)>]
2025-09-04 14:59:14,047 - agents.agent_manager - INFO - [<ServerHasAgent(server_id=427, agent_id=2)>, <ServerHasAgent(server_id=427, agent_id=5)>, <ServerHasAgent(server_id=427, agent_id=3)>]
2025-09-04 14:59:14,082 - agents.agent_manager - INFO - [<ServerHasAgent(server_id=428, agent_id=2)>, <ServerHasAgent(server_id=428, agent_id=5)>, <ServerHasAgent(server_id=428, agent_id=3)>]
2025-09-04 14:59:14,111 - agents.agent_manager - INFO - [<ServerHasAgent(server_id=429, agent_id=2)>, <ServerHasAgent(server_id=429, agent_id=5)>, <ServerHasAgent(server_id=429, agent_id=3)>]
2025-09-04 14:59:14,139 - agents.agent_manager - INFO - [<ServerHasAgent(server_id=430, agent_id=2)>, <ServerHasAgent(server_id=430, agent_id=5)>, <ServerHasAgent(server_id=430, agent_id=3)>]
2025-09-04 14:59:14,174 - agents.agent_manager - INFO - [<ServerHasAgent(server_id=431, agent_id=2)>, <ServerHasAgent(server_id=431, agent_id=5)>, <ServerHasAgent(server_id=431, agent_id=3)>]
2025-09-04 14:59:14,211 - agents.agent_manager - INFO - [<ServerHasAgent(server_id=432, agent_id=2)>, <ServerHasAgent(server_id=432, agent_id=5)>, <ServerHasAgent(server_id=432, agent_id=3)>]
2025-09-04 14:59:14,243 - agents.agent_manager - INFO - [<ServerHasAgent(server_id=433, agent_id=2)>, <ServerHasAgent(server_id=433, agent_id=5)>, <ServerHasAgent(server_id=433, agent_id=3)>]
2025-09-04 14:59:14,273 - agents.agent_manager - INFO - [<ServerHasAgent(server_id=434, agent_id=2)>, <ServerHasAgent(server_id=434, agent_id=5)>, <ServerHasAgent(server_id=434, agent_id=3)>]
2025-09-04 14:59:14,303 - agents.agent_manager - INFO - [<ServerHasAgent(server_id=435, agent_id=2)>, <ServerHasAgent(server_id=435, agent_id=5)>, <ServerHasAgent(server_id=435, agent_id=3)>]
2025-09-04 14:59:14,329 - agents.agent_manager - INFO - [<ServerHasAgent(server_id=436, agent_id=2)>, <ServerHasAgent(server_id=436, agent_id=5)>, <ServerHasAgent(server_id=436, agent_id=3)>]
2025-09-04 14:59:14,367 - agents.agent_manager - INFO - [<ServerHasAgent(server_id=437, agent_id=2)>, <ServerHasAgent(server_id=437, agent_id=5)>, <ServerHasAgent(server_id=437, agent_id=3)>]
2025-09-04 14:59:14,396 - agents.agent_manager - INFO - [<ServerHasAgent(server_id=438, agent_id=2)>, <ServerHasAgent(server_id=438, agent_id=5)>, <ServerHasAgent(server_id=438, agent_id=3)>]
2025-09-04 14:59:14,432 - agents.agent_manager - INFO - [<ServerHasAgent(server_id=439, agent_id=2)>, <ServerHasAgent(server_id=439, agent_id=5)>, <ServerHasAgent(server_id=439, agent_id=3)>]
2025-09-04 14:59:14,472 - agents.agent_manager - INFO - [<ServerHasAgent(server_id=440, agent_id=2)>, <ServerHasAgent(server_id=440, agent_id=5)>, <ServerHasAgent(server_id=440, agent_id=3)>]
2025-09-04 14:59:14,501 - agents.agent_manager - INFO - [<ServerHasAgent(server_id=441, agent_id=2)>, <ServerHasAgent(server_id=441, agent_id=5)>, <ServerHasAgent(server_id=441, agent_id=3)>]
2025-09-04 14:59:14,530 - agents.agent_manager - INFO - [<ServerHasAgent(server_id=442, agent_id=2)>, <ServerHasAgent(server_id=442, agent_id=5)>, <ServerHasAgent(server_id=442, agent_id=3)>]
2025-09-04 14:59:14,569 - agents.agent_manager - INFO - [<ServerHasAgent(server_id=443, agent_id=2)>, <ServerHasAgent(server_id=443, agent_id=5)>, <ServerHasAgent(server_id=443, agent_id=3)>]
2025-09-04 14:59:14,604 - agents.agent_manager - INFO - [<ServerHasAgent(server_id=444, agent_id=2)>, <ServerHasAgent(server_id=444, agent_id=5)>, <ServerHasAgent(server_id=444, agent_id=3)>]
2025-09-04 14:59:14,640 - agents.agent_manager - INFO - [<ServerHasAgent(server_id=445, agent_id=2)>, <ServerHasAgent(server_id=445, agent_id=5)>, <ServerHasAgent(server_id=445, agent_id=3)>]
2025-09-04 14:59:14,678 - agents.agent_manager - INFO - [<ServerHasAgent(server_id=446, agent_id=2)>, <ServerHasAgent(server_id=446, agent_id=5)>, <ServerHasAgent(server_id=446, agent_id=3)>]
2025-09-04 14:59:14,709 - agents.agent_manager - INFO - [<ServerHasAgent(server_id=447, agent_id=2)>, <ServerHasAgent(server_id=447, agent_id=5)>, <ServerHasAgent(server_id=447, agent_id=3)>]
2025-09-04 14:59:14,769 - agents.agent_manager - INFO - [<ServerHasAgent(server_id=448, agent_id=2)>, <ServerHasAgent(server_id=448, agent_id=5)>, <ServerHasAgent(server_id=448, agent_id=3)>]
2025-09-04 14:59:14,806 - agents.agent_manager - INFO - [<ServerHasAgent(server_id=449, agent_id=2)>, <ServerHasAgent(server_id=449, agent_id=5)>, <ServerHasAgent(server_id=449, agent_id=3)>]
2025-09-04 14:59:14,844 - agents.agent_manager - INFO - [<ServerHasAgent(server_id=450, agent_id=2)>, <ServerHasAgent(server_id=450, agent_id=5)>, <ServerHasAgent(server_id=450, agent_id=3)>]
2025-09-04 14:59:14,919 - agents.agent_manager - INFO - [<ServerHasAgent(server_id=451, agent_id=2)>, <ServerHasAgent(server_id=451, agent_id=5)>, <ServerHasAgent(server_id=451, agent_id=3)>]
2025-09-04 14:59:14,956 - agents.agent_manager - INFO - [<ServerHasAgent(server_id=452, agent_id=2)>, <ServerHasAgent(server_id=452, agent_id=5)>, <ServerHasAgent(server_id=452, agent_id=3)>]
2025-09-04 14:59:15,006 - agents.agent_manager - INFO - [<ServerHasAgent(server_id=453, agent_id=2)>, <ServerHasAgent(server_id=453, agent_id=5)>, <ServerHasAgent(server_id=453, agent_id=3)>]
2025-09-04 14:59:15,045 - agents.agent_manager - INFO - [<ServerHasAgent(server_id=454, agent_id=2)>, <ServerHasAgent(server_id=454, agent_id=5)>, <ServerHasAgent(server_id=454, agent_id=3)>]
2025-09-04 14:59:15,079 - agents.agent_manager - INFO - [<ServerHasAgent(server_id=455, agent_id=2)>, <ServerHasAgent(server_id=455, agent_id=5)>, <ServerHasAgent(server_id=455, agent_id=3)>]
2025-09-04 14:59:15,116 - agents.agent_manager - INFO - [<ServerHasAgent(server_id=456, agent_id=2)>, <ServerHasAgent(server_id=456, agent_id=5)>, <ServerHasAgent(server_id=456, agent_id=3)>]
2025-09-04 14:59:15,148 - agents.agent_manager - INFO - [<ServerHasAgent(server_id=457, agent_id=2)>, <ServerHasAgent(server_id=457, agent_id=5)>, <ServerHasAgent(server_id=457, agent_id=3)>]
2025-09-04 14:59:15,179 - agents.agent_manager - INFO - [<ServerHasAgent(server_id=458, agent_id=2)>, <ServerHasAgent(server_id=458, agent_id=5)>, <ServerHasAgent(server_id=458, agent_id=3)>]
2025-09-04 14:59:15,229 - agents.agent_manager - INFO - [<ServerHasAgent(server_id=459, agent_id=2)>, <ServerHasAgent(server_id=459, agent_id=5)>, <ServerHasAgent(server_id=459, agent_id=3)>]
2025-09-04 14:59:15,264 - agents.agent_manager - INFO - [<ServerHasAgent(server_id=460, agent_id=2)>, <ServerHasAgent(server_id=460, agent_id=5)>, <ServerHasAgent(server_id=460, agent_id=3)>]
2025-09-04 14:59:15,302 - agents.agent_manager - INFO - [<ServerHasAgent(server_id=461, agent_id=2)>, <ServerHasAgent(server_id=461, agent_id=5)>, <ServerHasAgent(server_id=461, agent_id=3)>]
2025-09-04 14:59:15,334 - agents.agent_manager - INFO - [<ServerHasAgent(server_id=462, agent_id=2)>, <ServerHasAgent(server_id=462, agent_id=5)>, <ServerHasAgent(server_id=462, agent_id=3)>]
2025-09-04 14:59:15,367 - agents.agent_manager - INFO - [<ServerHasAgent(server_id=463, agent_id=2)>, <ServerHasAgent(server_id=463, agent_id=5)>, <ServerHasAgent(server_id=463, agent_id=3)>]
2025-09-04 14:59:15,399 - agents.agent_manager - INFO - [<ServerHasAgent(server_id=464, agent_id=2)>, <ServerHasAgent(server_id=464, agent_id=5)>, <ServerHasAgent(server_id=464, agent_id=3)>]
2025-09-04 14:59:15,434 - agents.agent_manager - INFO - [<ServerHasAgent(server_id=465, agent_id=2)>, <ServerHasAgent(server_id=465, agent_id=5)>, <ServerHasAgent(server_id=465, agent_id=3)>]
2025-09-04 14:59:15,470 - agents.agent_manager - INFO - [<ServerHasAgent(server_id=466, agent_id=2)>, <ServerHasAgent(server_id=466, agent_id=5)>, <ServerHasAgent(server_id=466, agent_id=3)>]
2025-09-04 14:59:15,510 - agents.agent_manager - INFO - [<ServerHasAgent(server_id=467, agent_id=2)>, <ServerHasAgent(server_id=467, agent_id=5)>, <ServerHasAgent(server_id=467, agent_id=3)>]
2025-09-04 14:59:15,545 - agents.agent_manager - INFO - [<ServerHasAgent(server_id=468, agent_id=2)>, <ServerHasAgent(server_id=468, agent_id=5)>, <ServerHasAgent(server_id=468, agent_id=3)>]
2025-09-04 14:59:15,588 - agents.agent_manager - INFO - [<ServerHasAgent(server_id=469, agent_id=2)>, <ServerHasAgent(server_id=469, agent_id=5)>, <ServerHasAgent(server_id=469, agent_id=3)>]
2025-09-04 14:59:15,624 - agents.agent_manager - INFO - [<ServerHasAgent(server_id=470, agent_id=2)>, <ServerHasAgent(server_id=470, agent_id=5)>, <ServerHasAgent(server_id=470, agent_id=3)>]
2025-09-04 14:59:15,667 - agents.agent_manager - INFO - [<ServerHasAgent(server_id=471, agent_id=2)>, <ServerHasAgent(server_id=471, agent_id=5)>, <ServerHasAgent(server_id=471, agent_id=3)>]
2025-09-04 14:59:15,702 - agents.agent_manager - INFO - [<ServerHasAgent(server_id=472, agent_id=2)>, <ServerHasAgent(server_id=472, agent_id=5)>, <ServerHasAgent(server_id=472, agent_id=3)>]
2025-09-04 14:59:15,761 - agents.agent_manager - INFO - [<ServerHasAgent(server_id=473, agent_id=2)>, <ServerHasAgent(server_id=473, agent_id=5)>, <ServerHasAgent(server_id=473, agent_id=3)>]
2025-09-04 14:59:15,795 - agents.agent_manager - INFO - [<ServerHasAgent(server_id=474, agent_id=2)>, <ServerHasAgent(server_id=474, agent_id=5)>, <ServerHasAgent(server_id=474, agent_id=3)>]
2025-09-04 14:59:15,836 - agents.agent_manager - INFO - [<ServerHasAgent(server_id=475, agent_id=2)>, <ServerHasAgent(server_id=475, agent_id=5)>, <ServerHasAgent(server_id=475, agent_id=3)>]
2025-09-04 14:59:15,873 - agents.agent_manager - INFO - [<ServerHasAgent(server_id=476, agent_id=2)>, <ServerHasAgent(server_id=476, agent_id=5)>, <ServerHasAgent(server_id=476, agent_id=3)>]
2025-09-04 14:59:15,921 - agents.agent_manager - INFO - [<ServerHasAgent(server_id=477, agent_id=2)>, <ServerHasAgent(server_id=477, agent_id=5)>, <ServerHasAgent(server_id=477, agent_id=3)>]
2025-09-04 14:59:15,955 - agents.agent_manager - INFO - [<ServerHasAgent(server_id=478, agent_id=2)>, <ServerHasAgent(server_id=478, agent_id=5)>, <ServerHasAgent(server_id=478, agent_id=3)>]
2025-09-04 14:59:15,990 - agents.agent_manager - INFO - [<ServerHasAgent(server_id=479, agent_id=2)>, <ServerHasAgent(server_id=479, agent_id=5)>, <ServerHasAgent(server_id=479, agent_id=3)>]
2025-09-04 14:59:16,025 - agents.agent_manager - INFO - [<ServerHasAgent(server_id=480, agent_id=2)>, <ServerHasAgent(server_id=480, agent_id=5)>, <ServerHasAgent(server_id=480, agent_id=3)>]
2025-09-04 14:59:16,061 - agents.agent_manager - INFO - [<ServerHasAgent(server_id=481, agent_id=2)>, <ServerHasAgent(server_id=481, agent_id=5)>, <ServerHasAgent(server_id=481, agent_id=3)>]
2025-09-04 14:59:16,095 - agents.agent_manager - INFO - [<ServerHasAgent(server_id=482, agent_id=2)>, <ServerHasAgent(server_id=482, agent_id=5)>, <ServerHasAgent(server_id=482, agent_id=3)>]
2025-09-04 14:59:16,128 - agents.agent_manager - INFO - [<ServerHasAgent(server_id=483, agent_id=2)>, <ServerHasAgent(server_id=483, agent_id=5)>, <ServerHasAgent(server_id=483, agent_id=3)>]
2025-09-04 14:59:16,163 - agents.agent_manager - INFO - [<ServerHasAgent(server_id=484, agent_id=2)>, <ServerHasAgent(server_id=484, agent_id=5)>, <ServerHasAgent(server_id=484, agent_id=3)>]
2025-09-04 14:59:16,199 - agents.agent_manager - INFO - [<ServerHasAgent(server_id=485, agent_id=2)>, <ServerHasAgent(server_id=485, agent_id=5)>, <ServerHasAgent(server_id=485, agent_id=3)>]
2025-09-04 14:59:16,251 - agents.agent_manager - INFO - [<ServerHasAgent(server_id=486, agent_id=2)>, <ServerHasAgent(server_id=486, agent_id=5)>, <ServerHasAgent(server_id=486, agent_id=3)>]
2025-09-04 14:59:16,284 - agents.agent_manager - INFO - [<ServerHasAgent(server_id=487, agent_id=2)>, <ServerHasAgent(server_id=487, agent_id=5)>, <ServerHasAgent(server_id=487, agent_id=3)>]
2025-09-04 14:59:16,321 - agents.agent_manager - INFO - [<ServerHasAgent(server_id=488, agent_id=2)>, <ServerHasAgent(server_id=488, agent_id=5)>, <ServerHasAgent(server_id=488, agent_id=3)>]
2025-09-04 14:59:16,355 - agents.agent_manager - INFO - [<ServerHasAgent(server_id=489, agent_id=2)>, <ServerHasAgent(server_id=489, agent_id=5)>, <ServerHasAgent(server_id=489, agent_id=3)>]
2025-09-04 14:59:16,390 - agents.agent_manager - INFO - [<ServerHasAgent(server_id=490, agent_id=2)>, <ServerHasAgent(server_id=490, agent_id=5)>, <ServerHasAgent(server_id=490, agent_id=3)>]
2025-09-04 14:59:16,424 - agents.agent_manager - INFO - [<ServerHasAgent(server_id=491, agent_id=2)>, <ServerHasAgent(server_id=491, agent_id=5)>, <ServerHasAgent(server_id=491, agent_id=3)>]
2025-09-04 14:59:16,459 - agents.agent_manager - INFO - [<ServerHasAgent(server_id=492, agent_id=2)>, <ServerHasAgent(server_id=492, agent_id=5)>, <ServerHasAgent(server_id=492, agent_id=3)>]
2025-09-04 14:59:16,490 - agents.agent_manager - INFO - [<ServerHasAgent(server_id=493, agent_id=2)>, <ServerHasAgent(server_id=493, agent_id=5)>, <ServerHasAgent(server_id=493, agent_id=3)>]
2025-09-04 14:59:16,520 - agents.agent_manager - INFO - [<ServerHasAgent(server_id=494, agent_id=2)>, <ServerHasAgent(server_id=494, agent_id=5)>, <ServerHasAgent(server_id=494, agent_id=3)>]
2025-09-04 14:59:16,552 - agents.agent_manager - INFO - [<ServerHasAgent(server_id=495, agent_id=2)>, <ServerHasAgent(server_id=495, agent_id=5)>, <ServerHasAgent(server_id=495, agent_id=3)>]
2025-09-04 14:59:16,576 - agents.agent_manager - INFO - [<ServerHasAgent(server_id=496, agent_id=2)>, <ServerHasAgent(server_id=496, agent_id=5)>, <ServerHasAgent(server_id=496, agent_id=3)>]
2025-09-04 14:59:16,606 - agents.agent_manager - INFO - [<ServerHasAgent(server_id=497, agent_id=2)>, <ServerHasAgent(server_id=497, agent_id=5)>, <ServerHasAgent(server_id=497, agent_id=3)>]
2025-09-04 14:59:16,634 - agents.agent_manager - INFO - [<ServerHasAgent(server_id=498, agent_id=2)>, <ServerHasAgent(server_id=498, agent_id=5)>, <ServerHasAgent(server_id=498, agent_id=3)>]
2025-09-04 14:59:16,671 - agents.agent_manager - INFO - [<ServerHasAgent(server_id=499, agent_id=2)>, <ServerHasAgent(server_id=499, agent_id=5)>, <ServerHasAgent(server_id=499, agent_id=3)>]
2025-09-04 14:59:16,702 - agents.agent_manager - INFO - [<ServerHasAgent(server_id=500, agent_id=2)>, <ServerHasAgent(server_id=500, agent_id=5)>, <ServerHasAgent(server_id=500, agent_id=3)>]
2025-09-04 14:59:16,738 - agents.agent_manager - INFO - [<ServerHasAgent(server_id=501, agent_id=2)>, <ServerHasAgent(server_id=501, agent_id=5)>, <ServerHasAgent(server_id=501, agent_id=3)>]
2025-09-04 14:59:16,792 - agents.agent_manager - INFO - [<ServerHasAgent(server_id=502, agent_id=2)>, <ServerHasAgent(server_id=502, agent_id=5)>, <ServerHasAgent(server_id=502, agent_id=3)>]
2025-09-04 14:59:16,824 - agents.agent_manager - INFO - [<ServerHasAgent(server_id=503, agent_id=2)>, <ServerHasAgent(server_id=503, agent_id=5)>, <ServerHasAgent(server_id=503, agent_id=3)>]
2025-09-04 14:59:16,859 - agents.agent_manager - INFO - [<ServerHasAgent(server_id=504, agent_id=2)>, <ServerHasAgent(server_id=504, agent_id=5)>, <ServerHasAgent(server_id=504, agent_id=3)>]
2025-09-04 14:59:16,891 - agents.agent_manager - INFO - [<ServerHasAgent(server_id=505, agent_id=2)>, <ServerHasAgent(server_id=505, agent_id=5)>, <ServerHasAgent(server_id=505, agent_id=3)>]
2025-09-04 14:59:16,926 - agents.agent_manager - INFO - [<ServerHasAgent(server_id=506, agent_id=2)>, <ServerHasAgent(server_id=506, agent_id=5)>, <ServerHasAgent(server_id=506, agent_id=3)>]
2025-09-04 14:59:16,954 - agents.agent_manager - INFO - [<ServerHasAgent(server_id=507, agent_id=2)>, <ServerHasAgent(server_id=507, agent_id=5)>, <ServerHasAgent(server_id=507, agent_id=3)>]
2025-09-04 14:59:16,986 - agents.agent_manager - INFO - [<ServerHasAgent(server_id=508, agent_id=2)>, <ServerHasAgent(server_id=508, agent_id=5)>, <ServerHasAgent(server_id=508, agent_id=3)>]
2025-09-04 14:59:17,023 - agents.agent_manager - INFO - [<ServerHasAgent(server_id=509, agent_id=2)>, <ServerHasAgent(server_id=509, agent_id=5)>, <ServerHasAgent(server_id=509, agent_id=3)>]
2025-09-04 14:59:17,056 - agents.agent_manager - INFO - [<ServerHasAgent(server_id=510, agent_id=2)>, <ServerHasAgent(server_id=510, agent_id=5)>, <ServerHasAgent(server_id=510, agent_id=3)>]
2025-09-04 14:59:17,087 - agents.agent_manager - INFO - [<ServerHasAgent(server_id=511, agent_id=2)>, <ServerHasAgent(server_id=511, agent_id=5)>, <ServerHasAgent(server_id=511, agent_id=3)>]
2025-09-04 14:59:17,121 - agents.agent_manager - INFO - [<ServerHasAgent(server_id=512, agent_id=2)>, <ServerHasAgent(server_id=512, agent_id=5)>, <ServerHasAgent(server_id=512, agent_id=3)>]
2025-09-04 14:59:17,153 - agents.agent_manager - INFO - [<ServerHasAgent(server_id=513, agent_id=2)>, <ServerHasAgent(server_id=513, agent_id=5)>, <ServerHasAgent(server_id=513, agent_id=3)>]
2025-09-04 14:59:17,185 - agents.agent_manager - INFO - [<ServerHasAgent(server_id=514, agent_id=2)>, <ServerHasAgent(server_id=514, agent_id=5)>, <ServerHasAgent(server_id=514, agent_id=3)>]
2025-09-04 14:59:17,215 - agents.agent_manager - INFO - [<ServerHasAgent(server_id=515, agent_id=2)>, <ServerHasAgent(server_id=515, agent_id=5)>, <ServerHasAgent(server_id=515, agent_id=3)>]
2025-09-04 14:59:17,259 - agents.agent_manager - INFO - [<ServerHasAgent(server_id=516, agent_id=2)>, <ServerHasAgent(server_id=516, agent_id=5)>, <ServerHasAgent(server_id=516, agent_id=3)>]
2025-09-04 14:59:17,291 - agents.agent_manager - INFO - [<ServerHasAgent(server_id=517, agent_id=2)>, <ServerHasAgent(server_id=517, agent_id=5)>, <ServerHasAgent(server_id=517, agent_id=3)>]
2025-09-04 14:59:17,328 - agents.agent_manager - INFO - [<ServerHasAgent(server_id=518, agent_id=2)>, <ServerHasAgent(server_id=518, agent_id=5)>, <ServerHasAgent(server_id=518, agent_id=3)>]
2025-09-04 14:59:17,361 - agents.agent_manager - INFO - [<ServerHasAgent(server_id=519, agent_id=2)>, <ServerHasAgent(server_id=519, agent_id=5)>, <ServerHasAgent(server_id=519, agent_id=3)>]
2025-09-04 14:59:17,395 - agents.agent_manager - INFO - [<ServerHasAgent(server_id=520, agent_id=2)>, <ServerHasAgent(server_id=520, agent_id=5)>, <ServerHasAgent(server_id=520, agent_id=3)>]
2025-09-04 14:59:17,424 - agents.agent_manager - INFO - [<ServerHasAgent(server_id=521, agent_id=2)>, <ServerHasAgent(server_id=521, agent_id=5)>, <ServerHasAgent(server_id=521, agent_id=3)>]
2025-09-04 14:59:17,460 - agents.agent_manager - INFO - [<ServerHasAgent(server_id=522, agent_id=2)>, <ServerHasAgent(server_id=522, agent_id=5)>, <ServerHasAgent(server_id=522, agent_id=3)>]
2025-09-04 14:59:17,495 - agents.agent_manager - INFO - [<ServerHasAgent(server_id=523, agent_id=2)>, <ServerHasAgent(server_id=523, agent_id=5)>, <ServerHasAgent(server_id=523, agent_id=3)>]
2025-09-04 14:59:17,527 - agents.agent_manager - INFO - [<ServerHasAgent(server_id=524, agent_id=2)>, <ServerHasAgent(server_id=524, agent_id=5)>, <ServerHasAgent(server_id=524, agent_id=3)>]
2025-09-04 14:59:17,557 - agents.agent_manager - INFO - [<ServerHasAgent(server_id=525, agent_id=2)>, <ServerHasAgent(server_id=525, agent_id=5)>, <ServerHasAgent(server_id=525, agent_id=3)>]
2025-09-04 14:59:17,590 - agents.agent_manager - INFO - [<ServerHasAgent(server_id=526, agent_id=2)>, <ServerHasAgent(server_id=526, agent_id=5)>, <ServerHasAgent(server_id=526, agent_id=3)>]
2025-09-04 14:59:17,622 - agents.agent_manager - INFO - [<ServerHasAgent(server_id=527, agent_id=2)>, <ServerHasAgent(server_id=527, agent_id=5)>, <ServerHasAgent(server_id=527, agent_id=3)>]
2025-09-04 14:59:17,654 - agents.agent_manager - INFO - [<ServerHasAgent(server_id=528, agent_id=2)>, <ServerHasAgent(server_id=528, agent_id=5)>, <ServerHasAgent(server_id=528, agent_id=3)>]
2025-09-04 14:59:17,693 - agents.agent_manager - INFO - [<ServerHasAgent(server_id=529, agent_id=2)>, <ServerHasAgent(server_id=529, agent_id=5)>, <ServerHasAgent(server_id=529, agent_id=3)>]
2025-09-04 14:59:17,723 - agents.agent_manager - INFO - [<ServerHasAgent(server_id=530, agent_id=2)>, <ServerHasAgent(server_id=530, agent_id=5)>, <ServerHasAgent(server_id=530, agent_id=3)>]
2025-09-04 14:59:17,775 - agents.agent_manager - INFO - [<ServerHasAgent(server_id=531, agent_id=2)>, <ServerHasAgent(server_id=531, agent_id=5)>, <ServerHasAgent(server_id=531, agent_id=3)>]
2025-09-04 14:59:17,801 - agents.agent_manager - INFO - [<ServerHasAgent(server_id=532, agent_id=2)>, <ServerHasAgent(server_id=532, agent_id=5)>, <ServerHasAgent(server_id=532, agent_id=3)>]
2025-09-04 14:59:17,831 - agents.agent_manager - INFO - [<ServerHasAgent(server_id=533, agent_id=2)>, <ServerHasAgent(server_id=533, agent_id=5)>, <ServerHasAgent(server_id=533, agent_id=3)>]
2025-09-04 14:59:17,858 - agents.agent_manager - INFO - [<ServerHasAgent(server_id=534, agent_id=2)>, <ServerHasAgent(server_id=534, agent_id=5)>, <ServerHasAgent(server_id=534, agent_id=3)>]
2025-09-04 14:59:17,892 - agents.agent_manager - INFO - [<ServerHasAgent(server_id=535, agent_id=2)>, <ServerHasAgent(server_id=535, agent_id=5)>, <ServerHasAgent(server_id=535, agent_id=3)>]
2025-09-04 14:59:17,924 - agents.agent_manager - INFO - [<ServerHasAgent(server_id=536, agent_id=2)>, <ServerHasAgent(server_id=536, agent_id=5)>, <ServerHasAgent(server_id=536, agent_id=3)>]
2025-09-04 14:59:17,959 - agents.agent_manager - INFO - [<ServerHasAgent(server_id=537, agent_id=2)>, <ServerHasAgent(server_id=537, agent_id=5)>, <ServerHasAgent(server_id=537, agent_id=3)>]
2025-09-04 14:59:17,988 - agents.agent_manager - INFO - [<ServerHasAgent(server_id=538, agent_id=2)>, <ServerHasAgent(server_id=538, agent_id=5)>, <ServerHasAgent(server_id=538, agent_id=3)>]
2025-09-04 14:59:18,019 - agents.agent_manager - INFO - [<ServerHasAgent(server_id=539, agent_id=2)>, <ServerHasAgent(server_id=539, agent_id=5)>, <ServerHasAgent(server_id=539, agent_id=3)>]
2025-09-04 14:59:18,053 - agents.agent_manager - INFO - [<ServerHasAgent(server_id=540, agent_id=2)>, <ServerHasAgent(server_id=540, agent_id=5)>, <ServerHasAgent(server_id=540, agent_id=3)>]
2025-09-04 14:59:18,083 - agents.agent_manager - INFO - [<ServerHasAgent(server_id=541, agent_id=2)>, <ServerHasAgent(server_id=541, agent_id=5)>, <ServerHasAgent(server_id=541, agent_id=3)>]
2025-09-04 14:59:18,111 - agents.agent_manager - INFO - [<ServerHasAgent(server_id=542, agent_id=2)>, <ServerHasAgent(server_id=542, agent_id=5)>, <ServerHasAgent(server_id=542, agent_id=3)>]
2025-09-04 14:59:18,141 - agents.agent_manager - INFO - [<ServerHasAgent(server_id=543, agent_id=2)>, <ServerHasAgent(server_id=543, agent_id=5)>, <ServerHasAgent(server_id=543, agent_id=3)>]
2025-09-04 14:59:18,174 - agents.agent_manager - INFO - [<ServerHasAgent(server_id=544, agent_id=2)>, <ServerHasAgent(server_id=544, agent_id=5)>, <ServerHasAgent(server_id=544, agent_id=3)>]
2025-09-04 14:59:18,198 - agents.agent_manager - INFO - [<ServerHasAgent(server_id=545, agent_id=2)>, <ServerHasAgent(server_id=545, agent_id=5)>, <ServerHasAgent(server_id=545, agent_id=3)>]
2025-09-04 14:59:18,223 - agents.agent_manager - INFO - [<ServerHasAgent(server_id=546, agent_id=2)>, <ServerHasAgent(server_id=546, agent_id=5)>, <ServerHasAgent(server_id=546, agent_id=3)>]
2025-09-04 14:59:18,260 - agents.agent_manager - INFO - [<ServerHasAgent(server_id=547, agent_id=2)>, <ServerHasAgent(server_id=547, agent_id=5)>, <ServerHasAgent(server_id=547, agent_id=3)>]
2025-09-04 14:59:18,290 - agents.agent_manager - INFO - [<ServerHasAgent(server_id=548, agent_id=2)>, <ServerHasAgent(server_id=548, agent_id=5)>, <ServerHasAgent(server_id=548, agent_id=3)>]
2025-09-04 14:59:18,318 - agents.agent_manager - INFO - [<ServerHasAgent(server_id=549, agent_id=2)>, <ServerHasAgent(server_id=549, agent_id=5)>, <ServerHasAgent(server_id=549, agent_id=3)>]
2025-09-04 14:59:18,344 - agents.agent_manager - INFO - [<ServerHasAgent(server_id=550, agent_id=2)>, <ServerHasAgent(server_id=550, agent_id=5)>, <ServerHasAgent(server_id=550, agent_id=3)>]
2025-09-04 14:59:18,370 - agents.agent_manager - INFO - [<ServerHasAgent(server_id=551, agent_id=2)>, <ServerHasAgent(server_id=551, agent_id=5)>, <ServerHasAgent(server_id=551, agent_id=3)>]
2025-09-04 14:59:18,403 - agents.agent_manager - INFO - [<ServerHasAgent(server_id=552, agent_id=2)>, <ServerHasAgent(server_id=552, agent_id=5)>, <ServerHasAgent(server_id=552, agent_id=3)>]
2025-09-04 14:59:18,433 - agents.agent_manager - INFO - [<ServerHasAgent(server_id=553, agent_id=2)>, <ServerHasAgent(server_id=553, agent_id=5)>, <ServerHasAgent(server_id=553, agent_id=3)>]
2025-09-04 14:59:18,466 - agents.agent_manager - INFO - [<ServerHasAgent(server_id=554, agent_id=2)>, <ServerHasAgent(server_id=554, agent_id=5)>, <ServerHasAgent(server_id=554, agent_id=3)>]
2025-09-04 14:59:18,497 - agents.agent_manager - INFO - [<ServerHasAgent(server_id=555, agent_id=2)>, <ServerHasAgent(server_id=555, agent_id=5)>, <ServerHasAgent(server_id=555, agent_id=3)>]
2025-09-04 14:59:18,531 - agents.agent_manager - INFO - [<ServerHasAgent(server_id=556, agent_id=2)>, <ServerHasAgent(server_id=556, agent_id=5)>, <ServerHasAgent(server_id=556, agent_id=3)>]
2025-09-04 14:59:18,563 - agents.agent_manager - INFO - [<ServerHasAgent(server_id=557, agent_id=2)>, <ServerHasAgent(server_id=557, agent_id=5)>, <ServerHasAgent(server_id=557, agent_id=3)>]
2025-09-04 14:59:18,596 - agents.agent_manager - INFO - [<ServerHasAgent(server_id=558, agent_id=2)>, <ServerHasAgent(server_id=558, agent_id=5)>, <ServerHasAgent(server_id=558, agent_id=3)>]
2025-09-04 14:59:18,629 - agents.agent_manager - INFO - [<ServerHasAgent(server_id=559, agent_id=2)>, <ServerHasAgent(server_id=559, agent_id=5)>, <ServerHasAgent(server_id=559, agent_id=3)>]
2025-09-04 14:59:18,659 - agents.agent_manager - INFO - [<ServerHasAgent(server_id=560, agent_id=2)>, <ServerHasAgent(server_id=560, agent_id=5)>, <ServerHasAgent(server_id=560, agent_id=3)>]
2025-09-04 14:59:18,693 - agents.agent_manager - INFO - [<ServerHasAgent(server_id=561, agent_id=2)>, <ServerHasAgent(server_id=561, agent_id=5)>, <ServerHasAgent(server_id=561, agent_id=3)>]
2025-09-04 14:59:18,723 - agents.agent_manager - INFO - [<ServerHasAgent(server_id=562, agent_id=2)>, <ServerHasAgent(server_id=562, agent_id=5)>, <ServerHasAgent(server_id=562, agent_id=3)>]
2025-09-04 14:59:18,754 - agents.agent_manager - INFO - [<ServerHasAgent(server_id=563, agent_id=2)>, <ServerHasAgent(server_id=563, agent_id=5)>, <ServerHasAgent(server_id=563, agent_id=3)>]
2025-09-04 14:59:18,785 - agents.agent_manager - INFO - [<ServerHasAgent(server_id=564, agent_id=2)>, <ServerHasAgent(server_id=564, agent_id=5)>, <ServerHasAgent(server_id=564, agent_id=3)>]
2025-09-04 14:59:18,816 - agents.agent_manager - INFO - [<ServerHasAgent(server_id=565, agent_id=2)>, <ServerHasAgent(server_id=565, agent_id=5)>, <ServerHasAgent(server_id=565, agent_id=3)>]
2025-09-04 14:59:18,849 - agents.agent_manager - INFO - [<ServerHasAgent(server_id=566, agent_id=2)>, <ServerHasAgent(server_id=566, agent_id=5)>, <ServerHasAgent(server_id=566, agent_id=3)>]
2025-09-04 14:59:18,880 - agents.agent_manager - INFO - [<ServerHasAgent(server_id=567, agent_id=2)>, <ServerHasAgent(server_id=567, agent_id=5)>, <ServerHasAgent(server_id=567, agent_id=3)>]
2025-09-04 14:59:18,911 - agents.agent_manager - INFO - [<ServerHasAgent(server_id=568, agent_id=2)>, <ServerHasAgent(server_id=568, agent_id=5)>, <ServerHasAgent(server_id=568, agent_id=3)>]
2025-09-04 14:59:18,952 - agents.agent_manager - INFO - [<ServerHasAgent(server_id=569, agent_id=2)>, <ServerHasAgent(server_id=569, agent_id=5)>, <ServerHasAgent(server_id=569, agent_id=3)>]
2025-09-04 14:59:18,987 - agents.agent_manager - INFO - [<ServerHasAgent(server_id=570, agent_id=2)>, <ServerHasAgent(server_id=570, agent_id=5)>, <ServerHasAgent(server_id=570, agent_id=3)>]
2025-09-04 14:59:19,020 - agents.agent_manager - INFO - [<ServerHasAgent(server_id=571, agent_id=2)>, <ServerHasAgent(server_id=571, agent_id=5)>, <ServerHasAgent(server_id=571, agent_id=3)>]
2025-09-04 14:59:19,047 - agents.agent_manager - INFO - [<ServerHasAgent(server_id=572, agent_id=2)>, <ServerHasAgent(server_id=572, agent_id=5)>, <ServerHasAgent(server_id=572, agent_id=3)>]
2025-09-04 14:59:19,080 - agents.agent_manager - INFO - [<ServerHasAgent(server_id=573, agent_id=2)>, <ServerHasAgent(server_id=573, agent_id=5)>, <ServerHasAgent(server_id=573, agent_id=3)>]
2025-09-04 14:59:19,114 - agents.agent_manager - INFO - [<ServerHasAgent(server_id=574, agent_id=2)>, <ServerHasAgent(server_id=574, agent_id=5)>, <ServerHasAgent(server_id=574, agent_id=3)>]
2025-09-04 14:59:19,145 - agents.agent_manager - INFO - [<ServerHasAgent(server_id=575, agent_id=2)>, <ServerHasAgent(server_id=575, agent_id=5)>, <ServerHasAgent(server_id=575, agent_id=3)>]
2025-09-04 14:59:19,179 - agents.agent_manager - INFO - [<ServerHasAgent(server_id=576, agent_id=2)>, <ServerHasAgent(server_id=576, agent_id=5)>, <ServerHasAgent(server_id=576, agent_id=3)>]
2025-09-04 14:59:19,204 - agents.agent_manager - INFO - [<ServerHasAgent(server_id=577, agent_id=2)>, <ServerHasAgent(server_id=577, agent_id=5)>, <ServerHasAgent(server_id=577, agent_id=3)>]
2025-09-04 14:59:19,228 - agents.agent_manager - INFO - [<ServerHasAgent(server_id=578, agent_id=2)>, <ServerHasAgent(server_id=578, agent_id=5)>, <ServerHasAgent(server_id=578, agent_id=3)>]
2025-09-04 14:59:19,274 - agents.agent_manager - INFO - [<ServerHasAgent(server_id=579, agent_id=2)>, <ServerHasAgent(server_id=579, agent_id=5)>, <ServerHasAgent(server_id=579, agent_id=3)>]
2025-09-04 14:59:19,303 - agents.agent_manager - INFO - [<ServerHasAgent(server_id=580, agent_id=2)>, <ServerHasAgent(server_id=580, agent_id=5)>, <ServerHasAgent(server_id=580, agent_id=3)>]
2025-09-04 14:59:19,327 - agents.agent_manager - INFO - [<ServerHasAgent(server_id=581, agent_id=2)>, <ServerHasAgent(server_id=581, agent_id=5)>, <ServerHasAgent(server_id=581, agent_id=3)>]
2025-09-04 14:59:19,352 - agents.agent_manager - INFO - [<ServerHasAgent(server_id=582, agent_id=2)>, <ServerHasAgent(server_id=582, agent_id=5)>, <ServerHasAgent(server_id=582, agent_id=3)>]
2025-09-04 14:59:19,383 - agents.agent_manager - INFO - [<ServerHasAgent(server_id=583, agent_id=2)>, <ServerHasAgent(server_id=583, agent_id=5)>, <ServerHasAgent(server_id=583, agent_id=3)>]
2025-09-04 14:59:19,412 - agents.agent_manager - INFO - [<ServerHasAgent(server_id=584, agent_id=2)>, <ServerHasAgent(server_id=584, agent_id=5)>, <ServerHasAgent(server_id=584, agent_id=3)>]
2025-09-04 14:59:19,440 - agents.agent_manager - INFO - [<ServerHasAgent(server_id=585, agent_id=2)>, <ServerHasAgent(server_id=585, agent_id=5)>, <ServerHasAgent(server_id=585, agent_id=3)>]
2025-09-04 14:59:19,470 - agents.agent_manager - INFO - [<ServerHasAgent(server_id=586, agent_id=2)>, <ServerHasAgent(server_id=586, agent_id=5)>, <ServerHasAgent(server_id=586, agent_id=3)>]
2025-09-04 14:59:19,502 - agents.agent_manager - INFO - [<ServerHasAgent(server_id=587, agent_id=2)>, <ServerHasAgent(server_id=587, agent_id=5)>, <ServerHasAgent(server_id=587, agent_id=3)>]
2025-09-04 14:59:19,533 - agents.agent_manager - INFO - [<ServerHasAgent(server_id=588, agent_id=2)>, <ServerHasAgent(server_id=588, agent_id=5)>, <ServerHasAgent(server_id=588, agent_id=3)>]
