2025-09-04 15:03:57,444 - root - INFO - Configuration de logging chargée avec succès.
2025-09-04 15:03:57,445 - main - INFO - Application démarrée
2025-09-04 15:03:57,663 - agents.agent_manager - INFO - Démarrage de la collecte et du traitement en parallèle...
2025-09-04 15:03:57,664 - workers.server_agents_worker - INFO - Démarrage de la collecte et du traitement pour la source : CHECKMK - VIC-T1
2025-09-04 15:03:57,665 - workers.server_agents_worker - INFO - Démarrage de la collecte et du traitement pour la source : CHECKMK - VIC-T0
2025-09-04 15:03:57,665 - workers.server_agents_worker - INFO - Démarrage de la collecte et du traitement pour la source : CHECKMK - OXYA-T0
2025-09-04 15:03:57,666 - workers.server_agents_worker - INFO - Démarrage de la collecte et du traitement pour la source : GLPI - GLPI-VCSI
2025-09-04 15:03:58,132 - CHECKMK - VIC-T0 - INFO - Normalisation terminée. 92 serveurs normalisés.
2025-09-04 15:03:58,133 - CHECKMK - OXYA-T0 - INFO - Normalisation terminée. 31 serveurs normalisés.
2025-09-04 15:03:58,134 - workers.server_agents_worker - INFO - Collecte terminée : 92 serveurs trouvés pour la source : CHECKMK - VIC-T0
2025-09-04 15:03:58,134 - workers.server_agents_worker - INFO - Collecte terminée : 31 serveurs trouvés pour la source : CHECKMK - OXYA-T0
2025-09-04 15:03:58,232 - GLPI - GLPI-VCSI - INFO - Normalisation terminée. 1038 serveurs normalisés.
2025-09-04 15:03:58,233 - workers.server_agents_worker - INFO - Collecte terminée : 1038 serveurs trouvés pour la source : GLPI - GLPI-VCSI
2025-09-04 15:03:58,494 - CHECKMK - VIC-T1 - INFO - Normalisation terminée. 955 serveurs normalisés.
2025-09-04 15:03:58,495 - workers.server_agents_worker - INFO - Collecte terminée : 955 serveurs trouvés pour la source : CHECKMK - VIC-T1
2025-09-04 15:03:58,508 - agents.agent_manager - INFO - Collecte terminée. Démarrage de la consolidation des données.
2025-09-04 15:03:58,675 - agents.agent_manager - INFO - Démarrage de la phase de traitement et de mise à jour des agents.
2025-09-04 15:03:58,684 - agents.agent_manager - INFO - vicprdvreaops22 CheckMK False
2025-09-04 15:03:58,686 - agents.agent_manager - INFO - vicprdvreaops22 GLPI True
2025-09-04 15:03:58,688 - agents.agent_manager - INFO - vicprdvreaops22 Rapid7 False
2025-09-04 15:03:58,734 - agents.agent_manager - INFO - SRVTERWEILER CheckMK False
2025-09-04 15:03:58,735 - agents.agent_manager - INFO - SRVTERWEILER GLPI False
2025-09-04 15:03:58,736 - agents.agent_manager - INFO - SRVTERWEILER Rapid7 False
2025-09-04 15:03:58,766 - agents.agent_manager - INFO - D01PRDADDSWDC01 CheckMK False
2025-09-04 15:03:58,766 - agents.agent_manager - INFO - D01PRDADDSWDC01 GLPI True
2025-09-04 15:03:58,767 - agents.agent_manager - INFO - D01PRDADDSWDC01 Rapid7 False
2025-09-04 15:03:58,795 - agents.agent_manager - INFO - FRHQSV017 CheckMK True
2025-09-04 15:03:58,796 - agents.agent_manager - INFO - FRHQSV017 GLPI True
2025-09-04 15:03:58,796 - agents.agent_manager - INFO - FRHQSV017 Rapid7 False
2025-09-04 15:03:58,829 - agents.agent_manager - INFO - SRVTERIDFN02 CheckMK False
2025-09-04 15:03:58,830 - agents.agent_manager - INFO - SRVTERIDFN02 GLPI False
2025-09-04 15:03:58,830 - agents.agent_manager - INFO - SRVTERIDFN02 Rapid7 False
2025-09-04 15:03:58,859 - agents.agent_manager - INFO - vicprdvreaops21 CheckMK False
2025-09-04 15:03:58,860 - agents.agent_manager - INFO - vicprdvreaops21 GLPI True
2025-09-04 15:03:58,860 - agents.agent_manager - INFO - vicprdvreaops21 Rapid7 False
2025-09-04 15:03:58,884 - agents.agent_manager - INFO - D01PRDADDSWDC02 CheckMK False
2025-09-04 15:03:58,885 - agents.agent_manager - INFO - D01PRDADDSWDC02 GLPI True
2025-09-04 15:03:58,885 - agents.agent_manager - INFO - D01PRDADDSWDC02 Rapid7 False
2025-09-04 15:03:58,912 - agents.agent_manager - INFO - EUR1020 CheckMK True
2025-09-04 15:03:58,913 - agents.agent_manager - INFO - EUR1020 GLPI True
2025-09-04 15:03:58,913 - agents.agent_manager - INFO - EUR1020 Rapid7 False
2025-09-04 15:03:58,942 - agents.agent_manager - INFO - SRVTERVCTSW CheckMK False
2025-09-04 15:03:58,943 - agents.agent_manager - INFO - SRVTERVCTSW GLPI False
2025-09-04 15:03:58,943 - agents.agent_manager - INFO - SRVTERVCTSW Rapid7 False
2025-09-04 15:03:58,972 - agents.agent_manager - INFO - vicprdvreavra21 CheckMK False
2025-09-04 15:03:58,973 - agents.agent_manager - INFO - vicprdvreavra21 GLPI True
2025-09-04 15:03:58,973 - agents.agent_manager - INFO - vicprdvreavra21 Rapid7 False
2025-09-04 15:03:59,000 - agents.agent_manager - INFO - ENCPRDADDSWDC01 CheckMK False
2025-09-04 15:03:59,001 - agents.agent_manager - INFO - ENCPRDADDSWDC01 GLPI True
2025-09-04 15:03:59,001 - agents.agent_manager - INFO - ENCPRDADDSWDC01 Rapid7 False
2025-09-04 15:03:59,034 - agents.agent_manager - INFO - SRVTERIDFN01 CheckMK False
2025-09-04 15:03:59,035 - agents.agent_manager - INFO - SRVTERIDFN01 GLPI False
2025-09-04 15:03:59,035 - agents.agent_manager - INFO - SRVTERIDFN01 Rapid7 False
2025-09-04 15:03:59,061 - agents.agent_manager - INFO - VICPRD3PARWIT01 CheckMK False
2025-09-04 15:03:59,062 - agents.agent_manager - INFO - VICPRD3PARWIT01 GLPI False
2025-09-04 15:03:59,062 - agents.agent_manager - INFO - VICPRD3PARWIT01 Rapid7 False
2025-09-04 15:03:59,093 - agents.agent_manager - INFO - ENCPRDADDSWDC02 CheckMK False
2025-09-04 15:03:59,093 - agents.agent_manager - INFO - ENCPRDADDSWDC02 GLPI True
2025-09-04 15:03:59,094 - agents.agent_manager - INFO - ENCPRDADDSWDC02 Rapid7 False
2025-09-04 15:03:59,119 - agents.agent_manager - INFO - vicprdvrnipla01 CheckMK True
2025-09-04 15:03:59,119 - agents.agent_manager - INFO - vicprdvrnipla01 GLPI True
2025-09-04 15:03:59,120 - agents.agent_manager - INFO - vicprdvrnipla01 Rapid7 False
2025-09-04 15:03:59,146 - agents.agent_manager - INFO - VCT-0021 CheckMK False
2025-09-04 15:03:59,147 - agents.agent_manager - INFO - VCT-0021 GLPI False
2025-09-04 15:03:59,147 - agents.agent_manager - INFO - VCT-0021 Rapid7 False
2025-09-04 15:03:59,173 - agents.agent_manager - INFO - FRHQSV951 CheckMK True
2025-09-04 15:03:59,174 - agents.agent_manager - INFO - FRHQSV951 GLPI True
2025-09-04 15:03:59,174 - agents.agent_manager - INFO - FRHQSV951 Rapid7 False
2025-09-04 15:03:59,208 - agents.agent_manager - INFO - export-T1-2019 CheckMK False
2025-09-04 15:03:59,209 - agents.agent_manager - INFO - export-T1-2019 GLPI False
2025-09-04 15:03:59,210 - agents.agent_manager - INFO - export-T1-2019 Rapid7 False
2025-09-04 15:03:59,246 - agents.agent_manager - INFO - vicprdvreawsa21 CheckMK False
2025-09-04 15:03:59,247 - agents.agent_manager - INFO - vicprdvreawsa21 GLPI True
2025-09-04 15:03:59,248 - agents.agent_manager - INFO - vicprdvreawsa21 Rapid7 False
2025-09-04 15:03:59,274 - agents.agent_manager - INFO - FRHQSV984 CheckMK True
2025-09-04 15:03:59,275 - agents.agent_manager - INFO - FRHQSV984 GLPI True
2025-09-04 15:03:59,275 - agents.agent_manager - INFO - FRHQSV984 Rapid7 False
2025-09-04 15:03:59,304 - agents.agent_manager - INFO - EXTPRDADDSWDC01 CheckMK False
2025-09-04 15:03:59,305 - agents.agent_manager - INFO - EXTPRDADDSWDC01 GLPI True
2025-09-04 15:03:59,305 - agents.agent_manager - INFO - EXTPRDADDSWDC01 Rapid7 False
2025-09-04 15:03:59,330 - agents.agent_manager - INFO - SRVTERATSO01 CheckMK False
2025-09-04 15:03:59,331 - agents.agent_manager - INFO - SRVTERATSO01 GLPI False
2025-09-04 15:03:59,331 - agents.agent_manager - INFO - SRVTERATSO01 Rapid7 False
2025-09-04 15:03:59,357 - agents.agent_manager - INFO - vicprdvreawsa23 CheckMK False
2025-09-04 15:03:59,357 - agents.agent_manager - INFO - vicprdvreawsa23 GLPI True
2025-09-04 15:03:59,357 - agents.agent_manager - INFO - vicprdvreawsa23 Rapid7 False
2025-09-04 15:03:59,388 - agents.agent_manager - INFO - FRHQSV950 CheckMK True
2025-09-04 15:03:59,389 - agents.agent_manager - INFO - FRHQSV950 GLPI True
2025-09-04 15:03:59,390 - agents.agent_manager - INFO - FRHQSV950 Rapid7 False
2025-09-04 15:03:59,421 - agents.agent_manager - INFO - EXTPRDADDSWDC02 CheckMK False
2025-09-04 15:03:59,422 - agents.agent_manager - INFO - EXTPRDADDSWDC02 GLPI True
2025-09-04 15:03:59,422 - agents.agent_manager - INFO - EXTPRDADDSWDC02 Rapid7 False
2025-09-04 15:03:59,449 - agents.agent_manager - INFO - SRVTERGPL15 CheckMK False
2025-09-04 15:03:59,449 - agents.agent_manager - INFO - SRVTERGPL15 GLPI False
2025-09-04 15:03:59,450 - agents.agent_manager - INFO - SRVTERGPL15 Rapid7 False
2025-09-04 15:03:59,475 - agents.agent_manager - INFO - vicprdhpeiap01 CheckMK False
2025-09-04 15:03:59,476 - agents.agent_manager - INFO - vicprdhpeiap01 GLPI True
2025-09-04 15:03:59,476 - agents.agent_manager - INFO - vicprdhpeiap01 Rapid7 False
2025-09-04 15:03:59,501 - agents.agent_manager - INFO - FRHQSV911 CheckMK False
2025-09-04 15:03:59,502 - agents.agent_manager - INFO - FRHQSV911 GLPI True
2025-09-04 15:03:59,502 - agents.agent_manager - INFO - FRHQSV911 Rapid7 False
2025-09-04 15:03:59,532 - agents.agent_manager - INFO - GRPPRDADDSWDC01 CheckMK False
2025-09-04 15:03:59,532 - agents.agent_manager - INFO - GRPPRDADDSWDC01 GLPI False
2025-09-04 15:03:59,533 - agents.agent_manager - INFO - GRPPRDADDSWDC01 Rapid7 False
2025-09-04 15:03:59,561 - agents.agent_manager - INFO - SRVTERSOT01 CheckMK False
2025-09-04 15:03:59,561 - agents.agent_manager - INFO - SRVTERSOT01 GLPI False
2025-09-04 15:03:59,562 - agents.agent_manager - INFO - SRVTERSOT01 Rapid7 False
2025-09-04 15:03:59,586 - agents.agent_manager - INFO - vicprdhpeovvc01 CheckMK False
2025-09-04 15:03:59,587 - agents.agent_manager - INFO - vicprdhpeovvc01 GLPI False
2025-09-04 15:03:59,587 - agents.agent_manager - INFO - vicprdhpeovvc01 Rapid7 False
2025-09-04 15:03:59,615 - agents.agent_manager - INFO - FRHQSV909 CheckMK True
2025-09-04 15:03:59,616 - agents.agent_manager - INFO - FRHQSV909 GLPI True
2025-09-04 15:03:59,616 - agents.agent_manager - INFO - FRHQSV909 Rapid7 False
2025-09-04 15:03:59,647 - agents.agent_manager - INFO - SRVTERPORTCOT CheckMK False
2025-09-04 15:03:59,648 - agents.agent_manager - INFO - SRVTERPORTCOT GLPI False
2025-09-04 15:03:59,649 - agents.agent_manager - INFO - SRVTERPORTCOT Rapid7 False
2025-09-04 15:03:59,675 - agents.agent_manager - INFO - GRPPRDADDSWDC02 CheckMK False
2025-09-04 15:03:59,676 - agents.agent_manager - INFO - GRPPRDADDSWDC02 GLPI True
2025-09-04 15:03:59,676 - agents.agent_manager - INFO - GRPPRDADDSWDC02 Rapid7 False
2025-09-04 15:03:59,702 - agents.agent_manager - INFO - vicprdvrnicol01 CheckMK False
2025-09-04 15:03:59,703 - agents.agent_manager - INFO - vicprdvrnicol01 GLPI True
2025-09-04 15:03:59,703 - agents.agent_manager - INFO - vicprdvrnicol01 Rapid7 False
2025-09-04 15:03:59,731 - agents.agent_manager - INFO - SRVTERVPLAPP01 CheckMK False
2025-09-04 15:03:59,732 - agents.agent_manager - INFO - SRVTERVPLAPP01 GLPI False
2025-09-04 15:03:59,732 - agents.agent_manager - INFO - SRVTERVPLAPP01 Rapid7 False
2025-09-04 15:03:59,767 - agents.agent_manager - INFO - GRPPRDDST0ADM01 CheckMK True
2025-09-04 15:03:59,768 - agents.agent_manager - INFO - GRPPRDDST0ADM01 GLPI True
2025-09-04 15:03:59,768 - agents.agent_manager - INFO - GRPPRDDST0ADM01 Rapid7 False
2025-09-04 15:03:59,796 - agents.agent_manager - INFO - FRHQSV955 CheckMK True
2025-09-04 15:03:59,797 - agents.agent_manager - INFO - FRHQSV955 GLPI True
2025-09-04 15:03:59,797 - agents.agent_manager - INFO - FRHQSV955 Rapid7 False
2025-09-04 15:03:59,827 - agents.agent_manager - INFO - vicprdvreaops23 CheckMK False
2025-09-04 15:03:59,827 - agents.agent_manager - INFO - vicprdvreaops23 GLPI True
2025-09-04 15:03:59,828 - agents.agent_manager - INFO - vicprdvreaops23 Rapid7 False
2025-09-04 15:03:59,855 - agents.agent_manager - INFO - SRVTERVPLAN CheckMK False
2025-09-04 15:03:59,855 - agents.agent_manager - INFO - SRVTERVPLAN GLPI False
2025-09-04 15:03:59,856 - agents.agent_manager - INFO - SRVTERVPLAN Rapid7 False
2025-09-04 15:03:59,880 - agents.agent_manager - INFO - FRHQSV202 CheckMK True
2025-09-04 15:03:59,881 - agents.agent_manager - INFO - FRHQSV202 GLPI True
2025-09-04 15:03:59,882 - agents.agent_manager - INFO - FRHQSV202 Rapid7 False
2025-09-04 15:03:59,912 - agents.agent_manager - INFO - GRPPRDOOADFBE01 CheckMK True
2025-09-04 15:03:59,913 - agents.agent_manager - INFO - GRPPRDOOADFBE01 GLPI True
2025-09-04 15:03:59,914 - agents.agent_manager - INFO - GRPPRDOOADFBE01 Rapid7 False
2025-09-04 15:03:59,943 - agents.agent_manager - INFO - vicprdvreawsa22 CheckMK False
2025-09-04 15:03:59,944 - agents.agent_manager - INFO - vicprdvreawsa22 GLPI True
2025-09-04 15:03:59,944 - agents.agent_manager - INFO - vicprdvreawsa22 Rapid7 False
2025-09-04 15:03:59,971 - agents.agent_manager - INFO - SRVTERCH9 CheckMK False
2025-09-04 15:03:59,972 - agents.agent_manager - INFO - SRVTERCH9 GLPI False
2025-09-04 15:03:59,972 - agents.agent_manager - INFO - SRVTERCH9 Rapid7 False
2025-09-04 15:03:59,997 - agents.agent_manager - INFO - HLDPRDADDSWDC01 CheckMK False
2025-09-04 15:03:59,997 - agents.agent_manager - INFO - HLDPRDADDSWDC01 GLPI True
2025-09-04 15:03:59,997 - agents.agent_manager - INFO - HLDPRDADDSWDC01 Rapid7 False
2025-09-04 15:04:00,029 - agents.agent_manager - INFO - FRHQSV985 CheckMK True
2025-09-04 15:04:00,029 - agents.agent_manager - INFO - FRHQSV985 GLPI True
2025-09-04 15:04:00,030 - agents.agent_manager - INFO - FRHQSV985 Rapid7 False
2025-09-04 15:04:00,062 - agents.agent_manager - INFO - SRVTERURBALIA CheckMK False
2025-09-04 15:04:00,062 - agents.agent_manager - INFO - SRVTERURBALIA GLPI False
2025-09-04 15:04:00,062 - agents.agent_manager - INFO - SRVTERURBALIA Rapid7 False
2025-09-04 15:04:00,086 - agents.agent_manager - INFO - vicprdhpeovgd01 CheckMK False
2025-09-04 15:04:00,087 - agents.agent_manager - INFO - vicprdhpeovgd01 GLPI True
2025-09-04 15:04:00,087 - agents.agent_manager - INFO - vicprdhpeovgd01 Rapid7 False
2025-09-04 15:04:00,114 - agents.agent_manager - INFO - HLDPRDADDSWDC02 CheckMK False
2025-09-04 15:04:00,115 - agents.agent_manager - INFO - HLDPRDADDSWDC02 GLPI True
2025-09-04 15:04:00,115 - agents.agent_manager - INFO - HLDPRDADDSWDC02 Rapid7 False
2025-09-04 15:04:00,139 - agents.agent_manager - INFO - EUR1035 CheckMK True
2025-09-04 15:04:00,139 - agents.agent_manager - INFO - EUR1035 GLPI True
2025-09-04 15:04:00,140 - agents.agent_manager - INFO - EUR1035 Rapid7 False
2025-09-04 15:04:00,168 - agents.agent_manager - INFO - BGUPRDLVNAPP01 CheckMK False
2025-09-04 15:04:00,169 - agents.agent_manager - INFO - BGUPRDLVNAPP01 GLPI False
2025-09-04 15:04:00,169 - agents.agent_manager - INFO - BGUPRDLVNAPP01 Rapid7 False
2025-09-04 15:04:00,193 - agents.agent_manager - INFO - vicprdarubman01 CheckMK False
2025-09-04 15:04:00,193 - agents.agent_manager - INFO - vicprdarubman01 GLPI True
2025-09-04 15:04:00,194 - agents.agent_manager - INFO - vicprdarubman01 Rapid7 False
2025-09-04 15:04:00,218 - agents.agent_manager - INFO - FRHQSV986 CheckMK False
2025-09-04 15:04:00,219 - agents.agent_manager - INFO - FRHQSV986 GLPI False
2025-09-04 15:04:00,219 - agents.agent_manager - INFO - FRHQSV986 Rapid7 False
2025-09-04 15:04:00,243 - agents.agent_manager - INFO - PLCPRDADDSWDC01 CheckMK False
2025-09-04 15:04:00,244 - agents.agent_manager - INFO - PLCPRDADDSWDC01 GLPI True
2025-09-04 15:04:00,244 - agents.agent_manager - INFO - PLCPRDADDSWDC01 Rapid7 False
2025-09-04 15:04:00,267 - agents.agent_manager - INFO - SRVTERATRA01 CheckMK False
2025-09-04 15:04:00,268 - agents.agent_manager - INFO - SRVTERATRA01 GLPI False
2025-09-04 15:04:00,268 - agents.agent_manager - INFO - SRVTERATRA01 Rapid7 False
2025-09-04 15:04:00,293 - agents.agent_manager - INFO - PLCPRDADDSWDC02 CheckMK False
2025-09-04 15:04:00,293 - agents.agent_manager - INFO - PLCPRDADDSWDC02 GLPI True
2025-09-04 15:04:00,293 - agents.agent_manager - INFO - PLCPRDADDSWDC02 Rapid7 False
2025-09-04 15:04:00,319 - agents.agent_manager - INFO - FRHQSV995 CheckMK True
2025-09-04 15:04:00,320 - agents.agent_manager - INFO - FRHQSV995 GLPI True
2025-09-04 15:04:00,321 - agents.agent_manager - INFO - FRHQSV995 Rapid7 False
2025-09-04 15:04:00,353 - agents.agent_manager - INFO - vicprdvreavrlcm02 CheckMK True
2025-09-04 15:04:00,354 - agents.agent_manager - INFO - vicprdvreavrlcm02 GLPI True
2025-09-04 15:04:00,354 - agents.agent_manager - INFO - vicprdvreavrlcm02 Rapid7 False
2025-09-04 15:04:00,382 - agents.agent_manager - INFO - SRVTERCARL-PRD CheckMK False
2025-09-04 15:04:00,383 - agents.agent_manager - INFO - SRVTERCARL-PRD GLPI False
2025-09-04 15:04:00,383 - agents.agent_manager - INFO - SRVTERCARL-PRD Rapid7 False
2025-09-04 15:04:00,410 - agents.agent_manager - INFO - FRHQSV994 CheckMK True
2025-09-04 15:04:00,410 - agents.agent_manager - INFO - FRHQSV994 GLPI True
2025-09-04 15:04:00,411 - agents.agent_manager - INFO - FRHQSV994 Rapid7 False
2025-09-04 15:04:00,444 - agents.agent_manager - INFO - SOFPRDADDSWDC01 CheckMK False
2025-09-04 15:04:00,445 - agents.agent_manager - INFO - SOFPRDADDSWDC01 GLPI True
2025-09-04 15:04:00,446 - agents.agent_manager - INFO - SOFPRDADDSWDC01 Rapid7 False
2025-09-04 15:04:00,469 - agents.agent_manager - INFO - vicprdvreavra23 CheckMK False
2025-09-04 15:04:00,470 - agents.agent_manager - INFO - vicprdvreavra23 GLPI True
2025-09-04 15:04:00,471 - agents.agent_manager - INFO - vicprdvreavra23 Rapid7 False
2025-09-04 15:04:00,497 - agents.agent_manager - INFO - BGUPRDSQLAPP01 CheckMK False
2025-09-04 15:04:00,498 - agents.agent_manager - INFO - BGUPRDSQLAPP01 GLPI False
2025-09-04 15:04:00,498 - agents.agent_manager - INFO - BGUPRDSQLAPP01 Rapid7 False
2025-09-04 15:04:00,523 - agents.agent_manager - INFO - FRHQSV007 CheckMK True
2025-09-04 15:04:00,526 - agents.agent_manager - INFO - FRHQSV007 GLPI False
2025-09-04 15:04:00,527 - agents.agent_manager - INFO - FRHQSV007 Rapid7 False
2025-09-04 15:04:00,554 - agents.agent_manager - INFO - vicprdpakresx02 CheckMK False
2025-09-04 15:04:00,555 - agents.agent_manager - INFO - vicprdpakresx02 GLPI True
2025-09-04 15:04:00,556 - agents.agent_manager - INFO - vicprdpakresx02 Rapid7 False
2025-09-04 15:04:00,583 - agents.agent_manager - INFO - SOFPRDADDSWDC02 CheckMK False
2025-09-04 15:04:00,584 - agents.agent_manager - INFO - SOFPRDADDSWDC02 GLPI True
2025-09-04 15:04:00,584 - agents.agent_manager - INFO - SOFPRDADDSWDC02 Rapid7 False
2025-09-04 15:04:00,609 - agents.agent_manager - INFO - SRVTERCNM CheckMK False
2025-09-04 15:04:00,610 - agents.agent_manager - INFO - SRVTERCNM GLPI False
2025-09-04 15:04:00,611 - agents.agent_manager - INFO - SRVTERCNM Rapid7 False
2025-09-04 15:04:00,634 - agents.agent_manager - INFO - FRHQSV987 CheckMK True
2025-09-04 15:04:00,634 - agents.agent_manager - INFO - FRHQSV987 GLPI True
2025-09-04 15:04:00,635 - agents.agent_manager - INFO - FRHQSV987 Rapid7 False
2025-09-04 15:04:00,666 - agents.agent_manager - INFO - SOFPRDMEPPPRX01 CheckMK False
2025-09-04 15:04:00,667 - agents.agent_manager - INFO - SOFPRDMEPPPRX01 GLPI True
2025-09-04 15:04:00,668 - agents.agent_manager - INFO - SOFPRDMEPPPRX01 Rapid7 False
2025-09-04 15:04:00,693 - agents.agent_manager - INFO - vicprdvmwnsxw01b CheckMK False
2025-09-04 15:04:00,694 - agents.agent_manager - INFO - vicprdvmwnsxw01b GLPI False
2025-09-04 15:04:00,694 - agents.agent_manager - INFO - vicprdvmwnsxw01b Rapid7 False
2025-09-04 15:04:00,721 - agents.agent_manager - INFO - SRVTERCARL-ACC CheckMK False
2025-09-04 15:04:00,722 - agents.agent_manager - INFO - SRVTERCARL-ACC GLPI False
2025-09-04 15:04:00,723 - agents.agent_manager - INFO - SRVTERCARL-ACC Rapid7 False
2025-09-04 15:04:00,751 - agents.agent_manager - INFO - FRHQSV956 CheckMK True
2025-09-04 15:04:00,752 - agents.agent_manager - INFO - FRHQSV956 GLPI True
2025-09-04 15:04:00,753 - agents.agent_manager - INFO - FRHQSV956 Rapid7 False
2025-09-04 15:04:00,790 - agents.agent_manager - INFO - vicprdveeaprx15 CheckMK True
2025-09-04 15:04:00,792 - agents.agent_manager - INFO - vicprdveeaprx15 GLPI True
2025-09-04 15:04:00,792 - agents.agent_manager - INFO - vicprdveeaprx15 Rapid7 False
2025-09-04 15:04:00,828 - agents.agent_manager - INFO - SOFPRDMEPPPRX02 CheckMK False
2025-09-04 15:04:00,829 - agents.agent_manager - INFO - SOFPRDMEPPPRX02 GLPI True
2025-09-04 15:04:00,829 - agents.agent_manager - INFO - SOFPRDMEPPPRX02 Rapid7 False
2025-09-04 15:04:00,856 - agents.agent_manager - INFO - SRVTERTPR01 CheckMK False
2025-09-04 15:04:00,857 - agents.agent_manager - INFO - SRVTERTPR01 GLPI False
2025-09-04 15:04:00,858 - agents.agent_manager - INFO - SRVTERTPR01 Rapid7 False
2025-09-04 15:04:00,882 - agents.agent_manager - INFO - FRHQSV996 CheckMK True
2025-09-04 15:04:00,883 - agents.agent_manager - INFO - FRHQSV996 GLPI True
2025-09-04 15:04:00,883 - agents.agent_manager - INFO - FRHQSV996 Rapid7 False
2025-09-04 15:04:00,914 - agents.agent_manager - INFO - BGUPRDCRBAPP01 CheckMK False
2025-09-04 15:04:00,914 - agents.agent_manager - INFO - BGUPRDCRBAPP01 GLPI False
2025-09-04 15:04:00,914 - agents.agent_manager - INFO - BGUPRDCRBAPP01 Rapid7 False
2025-09-04 15:04:00,940 - agents.agent_manager - INFO - SOSPRDADDSWDC01 CheckMK False
2025-09-04 15:04:00,941 - agents.agent_manager - INFO - SOSPRDADDSWDC01 GLPI True
2025-09-04 15:04:00,941 - agents.agent_manager - INFO - SOSPRDADDSWDC01 Rapid7 False
2025-09-04 15:04:00,968 - agents.agent_manager - INFO - vicprdnsxmen01 CheckMK False
2025-09-04 15:04:00,969 - agents.agent_manager - INFO - vicprdnsxmen01 GLPI False
2025-09-04 15:04:00,969 - agents.agent_manager - INFO - vicprdnsxmen01 Rapid7 False
2025-09-04 15:04:00,995 - agents.agent_manager - INFO - FRHQSV989 CheckMK True
2025-09-04 15:04:00,997 - agents.agent_manager - INFO - FRHQSV989 GLPI True
2025-09-04 15:04:00,998 - agents.agent_manager - INFO - FRHQSV989 Rapid7 False
2025-09-04 15:04:01,030 - agents.agent_manager - INFO - SRVTERDEMFAC CheckMK False
2025-09-04 15:04:01,031 - agents.agent_manager - INFO - SRVTERDEMFAC GLPI False
2025-09-04 15:04:01,031 - agents.agent_manager - INFO - SRVTERDEMFAC Rapid7 False
2025-09-04 15:04:01,054 - agents.agent_manager - INFO - SOSPRDADDSWDC02 CheckMK False
2025-09-04 15:04:01,055 - agents.agent_manager - INFO - SOSPRDADDSWDC02 GLPI True
2025-09-04 15:04:01,055 - agents.agent_manager - INFO - SOSPRDADDSWDC02 Rapid7 False
2025-09-04 15:04:01,080 - agents.agent_manager - INFO - vicprdvmwnsxw01a CheckMK False
2025-09-04 15:04:01,081 - agents.agent_manager - INFO - vicprdvmwnsxw01a GLPI False
2025-09-04 15:04:01,081 - agents.agent_manager - INFO - vicprdvmwnsxw01a Rapid7 False
2025-09-04 15:04:01,106 - agents.agent_manager - INFO - FRHQSV957 CheckMK True
2025-09-04 15:04:01,107 - agents.agent_manager - INFO - FRHQSV957 GLPI True
2025-09-04 15:04:01,107 - agents.agent_manager - INFO - FRHQSV957 Rapid7 False
2025-09-04 15:04:01,138 - agents.agent_manager - INFO - SRVTERPRINT CheckMK False
2025-09-04 15:04:01,139 - agents.agent_manager - INFO - SRVTERPRINT GLPI False
2025-09-04 15:04:01,139 - agents.agent_manager - INFO - SRVTERPRINT Rapid7 False
2025-09-04 15:04:01,164 - agents.agent_manager - INFO - Surebackup-VirtualLab-PA3 CheckMK False
2025-09-04 15:04:01,165 - agents.agent_manager - INFO - Surebackup-VirtualLab-PA3 GLPI False
2025-09-04 15:04:01,165 - agents.agent_manager - INFO - Surebackup-VirtualLab-PA3 Rapid7 False
2025-09-04 15:04:01,189 - agents.agent_manager - INFO - vicprdvmwnsxw01c CheckMK False
2025-09-04 15:04:01,190 - agents.agent_manager - INFO - vicprdvmwnsxw01c GLPI False
2025-09-04 15:04:01,190 - agents.agent_manager - INFO - vicprdvmwnsxw01c Rapid7 False
2025-09-04 15:04:01,215 - agents.agent_manager - INFO - FRHQSV952 CheckMK True
2025-09-04 15:04:01,217 - agents.agent_manager - INFO - FRHQSV952 GLPI True
2025-09-04 15:04:01,217 - agents.agent_manager - INFO - FRHQSV952 Rapid7 False
2025-09-04 15:04:01,247 - agents.agent_manager - INFO - Surebackup-VirtualLab-PA4 CheckMK False
2025-09-04 15:04:01,248 - agents.agent_manager - INFO - Surebackup-VirtualLab-PA4 GLPI False
2025-09-04 15:04:01,249 - agents.agent_manager - INFO - Surebackup-VirtualLab-PA4 Rapid7 False
2025-09-04 15:04:01,276 - agents.agent_manager - INFO - SRVTERPRN CheckMK False
2025-09-04 15:04:01,277 - agents.agent_manager - INFO - SRVTERPRN GLPI False
2025-09-04 15:04:01,277 - agents.agent_manager - INFO - SRVTERPRN Rapid7 False
2025-09-04 15:04:01,302 - agents.agent_manager - INFO - vicprdveeaprx17 CheckMK True
2025-09-04 15:04:01,303 - agents.agent_manager - INFO - vicprdveeaprx17 GLPI True
2025-09-04 15:04:01,303 - agents.agent_manager - INFO - vicprdveeaprx17 Rapid7 False
2025-09-04 15:04:01,337 - agents.agent_manager - INFO - FRHQSV145 CheckMK True
2025-09-04 15:04:01,339 - agents.agent_manager - INFO - FRHQSV145 GLPI True
2025-09-04 15:04:01,340 - agents.agent_manager - INFO - FRHQSV145 Rapid7 False
2025-09-04 15:04:01,370 - agents.agent_manager - INFO - VGPPRDPRINT01 CheckMK False
2025-09-04 15:04:01,371 - agents.agent_manager - INFO - VGPPRDPRINT01 GLPI False
2025-09-04 15:04:01,371 - agents.agent_manager - INFO - VGPPRDPRINT01 Rapid7 False
2025-09-04 15:04:01,396 - agents.agent_manager - INFO - vicprdveeaprx16 CheckMK True
2025-09-04 15:04:01,397 - agents.agent_manager - INFO - vicprdveeaprx16 GLPI True
2025-09-04 15:04:01,397 - agents.agent_manager - INFO - vicprdveeaprx16 Rapid7 False
2025-09-04 15:04:01,430 - agents.agent_manager - INFO - TEMPLATE-DC CheckMK False
2025-09-04 15:04:01,431 - agents.agent_manager - INFO - TEMPLATE-DC GLPI False
2025-09-04 15:04:01,431 - agents.agent_manager - INFO - TEMPLATE-DC Rapid7 False
2025-09-04 15:04:01,457 - agents.agent_manager - INFO - FRHQSV912 CheckMK False
2025-09-04 15:04:01,457 - agents.agent_manager - INFO - FRHQSV912 GLPI True
2025-09-04 15:04:01,458 - agents.agent_manager - INFO - FRHQSV912 Rapid7 False
2025-09-04 15:04:01,491 - agents.agent_manager - INFO - TEMPLATE-NONDC CheckMK False
2025-09-04 15:04:01,491 - agents.agent_manager - INFO - TEMPLATE-NONDC GLPI False
2025-09-04 15:04:01,492 - agents.agent_manager - INFO - TEMPLATE-NONDC Rapid7 False
2025-09-04 15:04:01,519 - agents.agent_manager - INFO - vicprdveeabck05 CheckMK True
2025-09-04 15:04:01,519 - agents.agent_manager - INFO - vicprdveeabck05 GLPI True
2025-09-04 15:04:01,520 - agents.agent_manager - INFO - vicprdveeabck05 Rapid7 False
2025-09-04 15:04:01,551 - agents.agent_manager - INFO - VGP-0010 CheckMK False
2025-09-04 15:04:01,552 - agents.agent_manager - INFO - VGP-0010 GLPI False
2025-09-04 15:04:01,553 - agents.agent_manager - INFO - VGP-0010 Rapid7 False
2025-09-04 15:04:01,579 - agents.agent_manager - INFO - FRHQSV993 CheckMK True
2025-09-04 15:04:01,579 - agents.agent_manager - INFO - FRHQSV993 GLPI True
2025-09-04 15:04:01,580 - agents.agent_manager - INFO - FRHQSV993 Rapid7 False
2025-09-04 15:04:01,611 - agents.agent_manager - INFO - DCBPRDSEQ01 CheckMK False
2025-09-04 15:04:01,612 - agents.agent_manager - INFO - DCBPRDSEQ01 GLPI False
2025-09-04 15:04:01,612 - agents.agent_manager - INFO - DCBPRDSEQ01 Rapid7 False
2025-09-04 15:04:01,636 - agents.agent_manager - INFO - vicprdvmwavnfs01 CheckMK True
2025-09-04 15:04:01,637 - agents.agent_manager - INFO - vicprdvmwavnfs01 GLPI False
2025-09-04 15:04:01,637 - agents.agent_manager - INFO - vicprdvmwavnfs01 Rapid7 False
2025-09-04 15:04:01,666 - agents.agent_manager - INFO - vcfdevadfsapp51 CheckMK False
2025-09-04 15:04:01,667 - agents.agent_manager - INFO - vcfdevadfsapp51 GLPI True
2025-09-04 15:04:01,667 - agents.agent_manager - INFO - vcfdevadfsapp51 Rapid7 False
2025-09-04 15:04:01,693 - agents.agent_manager - INFO - WifiGuest CheckMK False
2025-09-04 15:04:01,694 - agents.agent_manager - INFO - WifiGuest GLPI False
2025-09-04 15:04:01,694 - agents.agent_manager - INFO - WifiGuest Rapid7 False
2025-09-04 15:04:01,721 - agents.agent_manager - INFO - vicprdveeaone05 CheckMK True
2025-09-04 15:04:01,723 - agents.agent_manager - INFO - vicprdveeaone05 GLPI True
2025-09-04 15:04:01,723 - agents.agent_manager - INFO - vicprdveeaone05 Rapid7 False
2025-09-04 15:04:01,756 - agents.agent_manager - INFO - ENGSV000007 CheckMK False
2025-09-04 15:04:01,757 - agents.agent_manager - INFO - ENGSV000007 GLPI False
2025-09-04 15:04:01,757 - agents.agent_manager - INFO - ENGSV000007 Rapid7 False
2025-09-04 15:04:01,782 - agents.agent_manager - INFO - vcfdevadfsapp52 CheckMK False
2025-09-04 15:04:01,785 - agents.agent_manager - INFO - vcfdevadfsapp52 GLPI True
2025-09-04 15:04:01,785 - agents.agent_manager - INFO - vcfdevadfsapp52 Rapid7 False
2025-09-04 15:04:01,811 - agents.agent_manager - INFO - FRHQSV997 CheckMK True
2025-09-04 15:04:01,811 - agents.agent_manager - INFO - FRHQSV997 GLPI False
2025-09-04 15:04:01,812 - agents.agent_manager - INFO - FRHQSV997 Rapid7 False
2025-09-04 15:04:01,840 - agents.agent_manager - INFO - vcfhomadfsapp51 CheckMK False
2025-09-04 15:04:01,841 - agents.agent_manager - INFO - vcfhomadfsapp51 GLPI True
2025-09-04 15:04:01,841 - agents.agent_manager - INFO - vcfhomadfsapp51 Rapid7 False
2025-09-04 15:04:01,871 - agents.agent_manager - INFO - ENCPRDTKLLIC01 CheckMK False
2025-09-04 15:04:01,872 - agents.agent_manager - INFO - ENCPRDTKLLIC01 GLPI False
2025-09-04 15:04:01,872 - agents.agent_manager - INFO - ENCPRDTKLLIC01 Rapid7 False
2025-09-04 15:04:01,900 - agents.agent_manager - INFO - vicprdonvwgdb01 CheckMK True
2025-09-04 15:04:01,901 - agents.agent_manager - INFO - vicprdonvwgdb01 GLPI True
2025-09-04 15:04:01,902 - agents.agent_manager - INFO - vicprdonvwgdb01 Rapid7 False
2025-09-04 15:04:01,929 - agents.agent_manager - INFO - FRHQSV205 CheckMK True
2025-09-04 15:04:01,934 - agents.agent_manager - INFO - FRHQSV205 GLPI True
2025-09-04 15:04:01,935 - agents.agent_manager - INFO - FRHQSV205 Rapid7 False
2025-09-04 15:04:01,971 - agents.agent_manager - INFO - vicprdonvwfbe02 CheckMK False
2025-09-04 15:04:01,971 - agents.agent_manager - INFO - vicprdonvwfbe02 GLPI True
2025-09-04 15:04:01,972 - agents.agent_manager - INFO - vicprdonvwfbe02 Rapid7 False
2025-09-04 15:04:01,998 - agents.agent_manager - INFO - BGUPRDIMPAPP01 CheckMK False
2025-09-04 15:04:01,999 - agents.agent_manager - INFO - BGUPRDIMPAPP01 GLPI False
2025-09-04 15:04:01,999 - agents.agent_manager - INFO - BGUPRDIMPAPP01 Rapid7 False
2025-09-04 15:04:02,026 - agents.agent_manager - INFO - vcfhomadfsapp52 CheckMK False
2025-09-04 15:04:02,028 - agents.agent_manager - INFO - vcfhomadfsapp52 GLPI True
2025-09-04 15:04:02,028 - agents.agent_manager - INFO - vcfhomadfsapp52 Rapid7 False
2025-09-04 15:04:02,055 - agents.agent_manager - INFO - EUROPKI CheckMK True
2025-09-04 15:04:02,057 - agents.agent_manager - INFO - EUROPKI GLPI False
2025-09-04 15:04:02,057 - agents.agent_manager - INFO - EUROPKI Rapid7 False
2025-09-04 15:04:02,089 - agents.agent_manager - INFO - VCFPRDADDSWDC50 CheckMK False
2025-09-04 15:04:02,089 - agents.agent_manager - INFO - VCFPRDADDSWDC50 GLPI True
2025-09-04 15:04:02,090 - agents.agent_manager - INFO - VCFPRDADDSWDC50 Rapid7 False
2025-09-04 15:04:02,114 - agents.agent_manager - INFO - SRVTERLIC01 CheckMK False
2025-09-04 15:04:02,115 - agents.agent_manager - INFO - SRVTERLIC01 GLPI False
2025-09-04 15:04:02,115 - agents.agent_manager - INFO - SRVTERLIC01 Rapid7 False
2025-09-04 15:04:02,141 - agents.agent_manager - INFO - vicprdvreaops25 CheckMK False
2025-09-04 15:04:02,142 - agents.agent_manager - INFO - vicprdvreaops25 GLPI True
2025-09-04 15:04:02,142 - agents.agent_manager - INFO - vicprdvreaops25 Rapid7 False
2025-09-04 15:04:02,166 - agents.agent_manager - INFO - GLRESITSV911 CheckMK True
2025-09-04 15:04:02,166 - agents.agent_manager - INFO - GLRESITSV911 GLPI True
2025-09-04 15:04:02,167 - agents.agent_manager - INFO - GLRESITSV911 Rapid7 False
2025-09-04 15:04:02,201 - agents.agent_manager - INFO - DCBPRDLIC01 CheckMK False
2025-09-04 15:04:02,201 - agents.agent_manager - INFO - DCBPRDLIC01 GLPI False
2025-09-04 15:04:02,202 - agents.agent_manager - INFO - DCBPRDLIC01 Rapid7 False
2025-09-04 15:04:02,228 - agents.agent_manager - INFO - VCFPRDADDSWDC51 CheckMK False
2025-09-04 15:04:02,228 - agents.agent_manager - INFO - VCFPRDADDSWDC51 GLPI True
2025-09-04 15:04:02,229 - agents.agent_manager - INFO - VCFPRDADDSWDC51 Rapid7 False
2025-09-04 15:04:02,256 - agents.agent_manager - INFO - vicprdvmwsddcmgr01 CheckMK True
2025-09-04 15:04:02,257 - agents.agent_manager - INFO - vicprdvmwsddcmgr01 GLPI True
2025-09-04 15:04:02,257 - agents.agent_manager - INFO - vicprdvmwsddcmgr01 Rapid7 False
2025-09-04 15:04:02,282 - agents.agent_manager - INFO - FRHQSV034 CheckMK False
2025-09-04 15:04:02,282 - agents.agent_manager - INFO - FRHQSV034 GLPI False
2025-09-04 15:04:02,283 - agents.agent_manager - INFO - FRHQSV034 Rapid7 False
2025-09-04 15:04:02,308 - agents.agent_manager - INFO - VCFPRDADDSWDC52 CheckMK False
2025-09-04 15:04:02,309 - agents.agent_manager - INFO - VCFPRDADDSWDC52 GLPI True
2025-09-04 15:04:02,309 - agents.agent_manager - INFO - VCFPRDADDSWDC52 Rapid7 False
2025-09-04 15:04:02,335 - agents.agent_manager - INFO - SRVTERDT2I CheckMK False
2025-09-04 15:04:02,335 - agents.agent_manager - INFO - SRVTERDT2I GLPI False
2025-09-04 15:04:02,336 - agents.agent_manager - INFO - SRVTERDT2I Rapid7 False
2025-09-04 15:04:02,361 - agents.agent_manager - INFO - vicprd3paradm01 CheckMK False
2025-09-04 15:04:02,362 - agents.agent_manager - INFO - vicprd3paradm01 GLPI True
2025-09-04 15:04:02,362 - agents.agent_manager - INFO - vicprd3paradm01 Rapid7 False
2025-09-04 15:04:02,392 - agents.agent_manager - INFO - EUR1003 CheckMK True
2025-09-04 15:04:02,393 - agents.agent_manager - INFO - EUR1003 GLPI True
2025-09-04 15:04:02,393 - agents.agent_manager - INFO - EUR1003 Rapid7 False
2025-09-04 15:04:02,425 - agents.agent_manager - INFO - VCFPRDADDSWDC53 CheckMK False
2025-09-04 15:04:02,425 - agents.agent_manager - INFO - VCFPRDADDSWDC53 GLPI True
2025-09-04 15:04:02,426 - agents.agent_manager - INFO - VCFPRDADDSWDC53 Rapid7 False
2025-09-04 15:04:02,451 - agents.agent_manager - INFO - ENCPRDVPNAPP01 CheckMK False
2025-09-04 15:04:02,451 - agents.agent_manager - INFO - ENCPRDVPNAPP01 GLPI False
2025-09-04 15:04:02,452 - agents.agent_manager - INFO - ENCPRDVPNAPP01 Rapid7 False
2025-09-04 15:04:02,476 - agents.agent_manager - INFO - FRHQSV201 CheckMK True
2025-09-04 15:04:02,477 - agents.agent_manager - INFO - FRHQSV201 GLPI True
2025-09-04 15:04:02,478 - agents.agent_manager - INFO - FRHQSV201 Rapid7 False
2025-09-04 15:04:02,510 - agents.agent_manager - INFO - vicprdvmwnsxm01c CheckMK False
2025-09-04 15:04:02,510 - agents.agent_manager - INFO - vicprdvmwnsxm01c GLPI False
2025-09-04 15:04:02,510 - agents.agent_manager - INFO - vicprdvmwnsxm01c Rapid7 False
2025-09-04 15:04:02,539 - agents.agent_manager - INFO - VCFPRDADFSAPP51 CheckMK True
2025-09-04 15:04:02,539 - agents.agent_manager - INFO - VCFPRDADFSAPP51 GLPI True
2025-09-04 15:04:02,540 - agents.agent_manager - INFO - VCFPRDADFSAPP51 Rapid7 False
2025-09-04 15:04:02,572 - agents.agent_manager - INFO - DCBPRDNPS02 CheckMK False
2025-09-04 15:04:02,572 - agents.agent_manager - INFO - DCBPRDNPS02 GLPI False
2025-09-04 15:04:02,573 - agents.agent_manager - INFO - DCBPRDNPS02 Rapid7 False
2025-09-04 15:04:02,599 - agents.agent_manager - INFO - GLRESITSV026 CheckMK True
2025-09-04 15:04:02,600 - agents.agent_manager - INFO - GLRESITSV026 GLPI True
2025-09-04 15:04:02,600 - agents.agent_manager - INFO - GLRESITSV026 Rapid7 False
2025-09-04 15:04:02,635 - agents.agent_manager - INFO - vicprdnetwddi02 CheckMK True
2025-09-04 15:04:02,635 - agents.agent_manager - INFO - vicprdnetwddi02 GLPI False
2025-09-04 15:04:02,636 - agents.agent_manager - INFO - vicprdnetwddi02 Rapid7 False
2025-09-04 15:04:02,664 - agents.agent_manager - INFO - VCFPRDADFSAPP52 CheckMK True
2025-09-04 15:04:02,664 - agents.agent_manager - INFO - VCFPRDADFSAPP52 GLPI True
2025-09-04 15:04:02,664 - agents.agent_manager - INFO - VCFPRDADFSAPP52 Rapid7 False
2025-09-04 15:04:02,691 - agents.agent_manager - INFO - VGPPRDMSTR01 CheckMK False
2025-09-04 15:04:02,691 - agents.agent_manager - INFO - VGPPRDMSTR01 GLPI False
2025-09-04 15:04:02,692 - agents.agent_manager - INFO - VGPPRDMSTR01 Rapid7 False
2025-09-04 15:04:02,718 - agents.agent_manager - INFO - FRHQSVXXX CheckMK False
2025-09-04 15:04:02,719 - agents.agent_manager - INFO - FRHQSVXXX GLPI False
2025-09-04 15:04:02,719 - agents.agent_manager - INFO - FRHQSVXXX Rapid7 False
2025-09-04 15:04:02,745 - agents.agent_manager - INFO - VCFPRDMEPPPRX01 CheckMK False
2025-09-04 15:04:02,746 - agents.agent_manager - INFO - VCFPRDMEPPPRX01 GLPI False
2025-09-04 15:04:02,746 - agents.agent_manager - INFO - VCFPRDMEPPPRX01 Rapid7 False
2025-09-04 15:04:02,771 - agents.agent_manager - INFO - vicprdvreaops24 CheckMK False
2025-09-04 15:04:02,772 - agents.agent_manager - INFO - vicprdvreaops24 GLPI True
2025-09-04 15:04:02,772 - agents.agent_manager - INFO - vicprdvreaops24 Rapid7 False
2025-09-04 15:04:02,801 - agents.agent_manager - INFO - ENCPRDAPPWEB01 CheckMK False
2025-09-04 15:04:02,802 - agents.agent_manager - INFO - ENCPRDAPPWEB01 GLPI False
2025-09-04 15:04:02,803 - agents.agent_manager - INFO - ENCPRDAPPWEB01 Rapid7 False
2025-09-04 15:04:02,829 - agents.agent_manager - INFO - EUR1004 CheckMK True
2025-09-04 15:04:02,829 - agents.agent_manager - INFO - EUR1004 GLPI True
2025-09-04 15:04:02,831 - agents.agent_manager - INFO - EUR1004 Rapid7 False
2025-09-04 15:04:02,863 - agents.agent_manager - INFO - VCFPRDMEPPPRX02 CheckMK False
2025-09-04 15:04:02,864 - agents.agent_manager - INFO - VCFPRDMEPPPRX02 GLPI False
2025-09-04 15:04:02,864 - agents.agent_manager - INFO - VCFPRDMEPPPRX02 Rapid7 False
2025-09-04 15:04:02,889 - agents.agent_manager - INFO - vicprdveeaflr05 CheckMK False
2025-09-04 15:04:02,890 - agents.agent_manager - INFO - vicprdveeaflr05 GLPI False
2025-09-04 15:04:02,890 - agents.agent_manager - INFO - vicprdveeaflr05 Rapid7 False
2025-09-04 15:04:02,920 - agents.agent_manager - INFO - ENCPRDFILMAPP01 CheckMK False
2025-09-04 15:04:02,920 - agents.agent_manager - INFO - ENCPRDFILMAPP01 GLPI False
2025-09-04 15:04:02,921 - agents.agent_manager - INFO - ENCPRDFILMAPP01 Rapid7 False
2025-09-04 15:04:02,948 - agents.agent_manager - INFO - VDTPRDADDSWDC01 CheckMK False
2025-09-04 15:04:02,948 - agents.agent_manager - INFO - VDTPRDADDSWDC01 GLPI True
2025-09-04 15:04:02,949 - agents.agent_manager - INFO - VDTPRDADDSWDC01 Rapid7 False
2025-09-04 15:04:02,975 - agents.agent_manager - INFO - vicprdnetwddi04 CheckMK True
2025-09-04 15:04:02,976 - agents.agent_manager - INFO - vicprdnetwddi04 GLPI False
2025-09-04 15:04:02,976 - agents.agent_manager - INFO - vicprdnetwddi04 Rapid7 False
2025-09-04 15:04:03,003 - agents.agent_manager - INFO - INTE71 CheckMK True
2025-09-04 15:04:03,004 - agents.agent_manager - INFO - INTE71 GLPI True
2025-09-04 15:04:03,005 - agents.agent_manager - INFO - INTE71 Rapid7 False
2025-09-04 15:04:03,036 - agents.agent_manager - INFO - ENCPRDAPPTSE01 CheckMK False
2025-09-04 15:04:03,037 - agents.agent_manager - INFO - ENCPRDAPPTSE01 GLPI False
2025-09-04 15:04:03,037 - agents.agent_manager - INFO - ENCPRDAPPTSE01 Rapid7 False
2025-09-04 15:04:03,061 - agents.agent_manager - INFO - VDTPRDADDSWDC02 CheckMK False
2025-09-04 15:04:03,062 - agents.agent_manager - INFO - VDTPRDADDSWDC02 GLPI True
2025-09-04 15:04:03,062 - agents.agent_manager - INFO - VDTPRDADDSWDC02 Rapid7 False
2025-09-04 15:04:03,087 - agents.agent_manager - INFO - vicprdvmwnsxm01b CheckMK False
2025-09-04 15:04:03,088 - agents.agent_manager - INFO - vicprdvmwnsxm01b GLPI False
2025-09-04 15:04:03,089 - agents.agent_manager - INFO - vicprdvmwnsxm01b Rapid7 False
2025-09-04 15:04:03,114 - agents.agent_manager - INFO - CLFRA000DC003 CheckMK False
2025-09-04 15:04:03,115 - agents.agent_manager - INFO - CLFRA000DC003 GLPI False
2025-09-04 15:04:03,115 - agents.agent_manager - INFO - CLFRA000DC003 Rapid7 False
2025-09-04 15:04:03,142 - agents.agent_manager - INFO - ENCPRDRISKAPP01 CheckMK False
2025-09-04 15:04:03,143 - agents.agent_manager - INFO - ENCPRDRISKAPP01 GLPI False
2025-09-04 15:04:03,143 - agents.agent_manager - INFO - ENCPRDRISKAPP01 Rapid7 False
2025-09-04 15:04:03,169 - agents.agent_manager - INFO - VGPPRDADDSWDC01 CheckMK False
2025-09-04 15:04:03,170 - agents.agent_manager - INFO - VGPPRDADDSWDC01 GLPI True
2025-09-04 15:04:03,171 - agents.agent_manager - INFO - VGPPRDADDSWDC01 Rapid7 False
2025-09-04 15:04:03,200 - agents.agent_manager - INFO - vicprdbrokfbe01 CheckMK False
2025-09-04 15:04:03,200 - agents.agent_manager - INFO - vicprdbrokfbe01 GLPI True
2025-09-04 15:04:03,200 - agents.agent_manager - INFO - vicprdbrokfbe01 Rapid7 False
2025-09-04 15:04:03,229 - agents.agent_manager - INFO - FRHQSV650 CheckMK True
2025-09-04 15:04:03,230 - agents.agent_manager - INFO - FRHQSV650 GLPI True
2025-09-04 15:04:03,231 - agents.agent_manager - INFO - FRHQSV650 Rapid7 False
2025-09-04 15:04:03,265 - agents.agent_manager - INFO - ENCPRDCANEAPP01 CheckMK False
2025-09-04 15:04:03,266 - agents.agent_manager - INFO - ENCPRDCANEAPP01 GLPI False
2025-09-04 15:04:03,266 - agents.agent_manager - INFO - ENCPRDCANEAPP01 Rapid7 False
2025-09-04 15:04:03,294 - agents.agent_manager - INFO - VGPPRDADDSWDC02 CheckMK False
2025-09-04 15:04:03,296 - agents.agent_manager - INFO - VGPPRDADDSWDC02 GLPI True
2025-09-04 15:04:03,296 - agents.agent_manager - INFO - VGPPRDADDSWDC02 Rapid7 False
2025-09-04 15:04:03,320 - agents.agent_manager - INFO - FRHQSV800 CheckMK True
2025-09-04 15:04:03,321 - agents.agent_manager - INFO - FRHQSV800 GLPI True
2025-09-04 15:04:03,321 - agents.agent_manager - INFO - FRHQSV800 Rapid7 False
2025-09-04 15:04:03,353 - agents.agent_manager - INFO - vicprdchmkfbe01 CheckMK True
2025-09-04 15:04:03,354 - agents.agent_manager - INFO - vicprdchmkfbe01 GLPI True
2025-09-04 15:04:03,354 - agents.agent_manager - INFO - vicprdchmkfbe01 Rapid7 False
2025-09-04 15:04:03,379 - agents.agent_manager - INFO - ENCPRDSAMAPP01 CheckMK False
2025-09-04 15:04:03,385 - agents.agent_manager - INFO - ENCPRDSAMAPP01 GLPI False
2025-09-04 15:04:03,387 - agents.agent_manager - INFO - ENCPRDSAMAPP01 Rapid7 False
2025-09-04 15:04:03,414 - agents.agent_manager - INFO - vicdevadfsfbe02 CheckMK True
2025-09-04 15:04:03,414 - agents.agent_manager - INFO - vicdevadfsfbe02 GLPI False
2025-09-04 15:04:03,414 - agents.agent_manager - INFO - vicdevadfsfbe02 Rapid7 False
2025-09-04 15:04:03,440 - agents.agent_manager - INFO - FRHQSV750 CheckMK True
2025-09-04 15:04:03,440 - agents.agent_manager - INFO - FRHQSV750 GLPI True
2025-09-04 15:04:03,440 - agents.agent_manager - INFO - FRHQSV750 Rapid7 False
2025-09-04 15:04:03,471 - agents.agent_manager - INFO - vicprdchmkfbe02 CheckMK True
2025-09-04 15:04:03,472 - agents.agent_manager - INFO - vicprdchmkfbe02 GLPI True
2025-09-04 15:04:03,472 - agents.agent_manager - INFO - vicprdchmkfbe02 Rapid7 False
2025-09-04 15:04:03,499 - agents.agent_manager - INFO - SRVTERIURETUD CheckMK False
2025-09-04 15:04:03,499 - agents.agent_manager - INFO - SRVTERIURETUD GLPI False
2025-09-04 15:04:03,500 - agents.agent_manager - INFO - SRVTERIURETUD Rapid7 False
2025-09-04 15:04:03,525 - agents.agent_manager - INFO - vicppdadfsfbe05 CheckMK True
2025-09-04 15:04:03,526 - agents.agent_manager - INFO - vicppdadfsfbe05 GLPI False
2025-09-04 15:04:03,527 - agents.agent_manager - INFO - vicppdadfsfbe05 Rapid7 False
2025-09-04 15:04:03,554 - agents.agent_manager - INFO - FRHQSV930 CheckMK False
2025-09-04 15:04:03,555 - agents.agent_manager - INFO - FRHQSV930 GLPI False
2025-09-04 15:04:03,555 - agents.agent_manager - INFO - FRHQSV930 Rapid7 False
2025-09-04 15:04:03,580 - agents.agent_manager - INFO - vicprdveeafrt05 CheckMK True
2025-09-04 15:04:03,581 - agents.agent_manager - INFO - vicprdveeafrt05 GLPI False
2025-09-04 15:04:03,581 - agents.agent_manager - INFO - vicprdveeafrt05 Rapid7 False
2025-09-04 15:04:03,608 - agents.agent_manager - INFO - vicppdadfsfbe06 CheckMK True
2025-09-04 15:04:03,609 - agents.agent_manager - INFO - vicppdadfsfbe06 GLPI True
2025-09-04 15:04:03,609 - agents.agent_manager - INFO - vicppdadfsfbe06 Rapid7 False
2025-09-04 15:04:03,634 - agents.agent_manager - INFO - EUR1015 CheckMK False
2025-09-04 15:04:03,634 - agents.agent_manager - INFO - EUR1015 GLPI False
2025-09-04 15:04:03,634 - agents.agent_manager - INFO - EUR1015 Rapid7 False
2025-09-04 15:04:03,665 - agents.agent_manager - INFO - ENCPRDAPPGED01 CheckMK False
2025-09-04 15:04:03,666 - agents.agent_manager - INFO - ENCPRDAPPGED01 GLPI False
2025-09-04 15:04:03,666 - agents.agent_manager - INFO - ENCPRDAPPGED01 Rapid7 False
2025-09-04 15:04:03,693 - agents.agent_manager - INFO - vicprdbrokfbe03 CheckMK False
2025-09-04 15:04:03,693 - agents.agent_manager - INFO - vicprdbrokfbe03 GLPI True
2025-09-04 15:04:03,694 - agents.agent_manager - INFO - vicprdbrokfbe03 Rapid7 False
2025-09-04 15:04:03,719 - agents.agent_manager - INFO - VICPRDADDSWDC01 CheckMK False
2025-09-04 15:04:03,720 - agents.agent_manager - INFO - VICPRDADDSWDC01 GLPI True
2025-09-04 15:04:03,720 - agents.agent_manager - INFO - VICPRDADDSWDC01 Rapid7 False
2025-09-04 15:04:03,746 - agents.agent_manager - INFO - FRHQDC901 CheckMK True
2025-09-04 15:04:03,746 - agents.agent_manager - INFO - FRHQDC901 GLPI True
2025-09-04 15:04:03,746 - agents.agent_manager - INFO - FRHQDC901 Rapid7 False
2025-09-04 15:04:03,778 - agents.agent_manager - INFO - VGPPRDSYS01 CheckMK False
2025-09-04 15:04:03,779 - agents.agent_manager - INFO - VGPPRDSYS01 GLPI False
2025-09-04 15:04:03,779 - agents.agent_manager - INFO - VGPPRDSYS01 Rapid7 False
2025-09-04 15:04:03,805 - agents.agent_manager - INFO - vicprdvmwnsxm01a CheckMK False
2025-09-04 15:04:03,806 - agents.agent_manager - INFO - vicprdvmwnsxm01a GLPI False
2025-09-04 15:04:03,806 - agents.agent_manager - INFO - vicprdvmwnsxm01a Rapid7 False
2025-09-04 15:04:03,831 - agents.agent_manager - INFO - VICPRDADDSWDC02 CheckMK False
2025-09-04 15:04:03,832 - agents.agent_manager - INFO - VICPRDADDSWDC02 GLPI True
2025-09-04 15:04:03,832 - agents.agent_manager - INFO - VICPRDADDSWDC02 Rapid7 False
2025-09-04 15:04:03,859 - agents.agent_manager - INFO - DCBPRDNPS01 CheckMK False
2025-09-04 15:04:03,860 - agents.agent_manager - INFO - DCBPRDNPS01 GLPI False
2025-09-04 15:04:03,860 - agents.agent_manager - INFO - DCBPRDNPS01 Rapid7 False
2025-09-04 15:04:03,885 - agents.agent_manager - INFO - GLRESITDC901 CheckMK True
2025-09-04 15:04:03,886 - agents.agent_manager - INFO - GLRESITDC901 GLPI True
2025-09-04 15:04:03,886 - agents.agent_manager - INFO - GLRESITDC901 Rapid7 False
2025-09-04 15:04:03,918 - agents.agent_manager - INFO - vicprdvreavra22 CheckMK False
2025-09-04 15:04:03,919 - agents.agent_manager - INFO - vicprdvreavra22 GLPI True
2025-09-04 15:04:03,919 - agents.agent_manager - INFO - vicprdvreavra22 Rapid7 False
2025-09-04 15:04:03,946 - agents.agent_manager - INFO - VICPRDADFSAPP51 CheckMK False
2025-09-04 15:04:03,946 - agents.agent_manager - INFO - VICPRDADFSAPP51 GLPI True
2025-09-04 15:04:03,946 - agents.agent_manager - INFO - VICPRDADFSAPP51 Rapid7 False
2025-09-04 15:04:03,973 - agents.agent_manager - INFO - ENCPRDQHSEAPP01 CheckMK False
2025-09-04 15:04:03,973 - agents.agent_manager - INFO - ENCPRDQHSEAPP01 GLPI False
2025-09-04 15:04:03,974 - agents.agent_manager - INFO - ENCPRDQHSEAPP01 Rapid7 False
2025-09-04 15:04:04,002 - agents.agent_manager - INFO - VBADGES-ETF CheckMK False
2025-09-04 15:04:04,002 - agents.agent_manager - INFO - VBADGES-ETF GLPI False
2025-09-04 15:04:04,002 - agents.agent_manager - INFO - VBADGES-ETF Rapid7 False
2025-09-04 15:04:04,029 - agents.agent_manager - INFO - vicprdveeaprx14 CheckMK True
2025-09-04 15:04:04,030 - agents.agent_manager - INFO - vicprdveeaprx14 GLPI True
2025-09-04 15:04:04,030 - agents.agent_manager - INFO - vicprdveeaprx14 Rapid7 False
2025-09-04 15:04:04,062 - agents.agent_manager - INFO - VICPRDADFSAPP52 CheckMK False
2025-09-04 15:04:04,062 - agents.agent_manager - INFO - VICPRDADFSAPP52 GLPI True
2025-09-04 15:04:04,063 - agents.agent_manager - INFO - VICPRDADFSAPP52 Rapid7 False
2025-09-04 15:04:04,086 - agents.agent_manager - INFO - VGPPRDSRV01 CheckMK False
2025-09-04 15:04:04,087 - agents.agent_manager - INFO - VGPPRDSRV01 GLPI False
2025-09-04 15:04:04,087 - agents.agent_manager - INFO - VGPPRDSRV01 Rapid7 False
2025-09-04 15:04:04,113 - agents.agent_manager - INFO - eurvnsxc02l-NSX-controller-2 CheckMK False
2025-09-04 15:04:04,114 - agents.agent_manager - INFO - eurvnsxc02l-NSX-controller-2 GLPI False
2025-09-04 15:04:04,114 - agents.agent_manager - INFO - eurvnsxc02l-NSX-controller-2 Rapid7 False
2025-09-04 15:04:04,137 - agents.agent_manager - INFO - vicprdnsxmen02 CheckMK False
2025-09-04 15:04:04,138 - agents.agent_manager - INFO - vicprdnsxmen02 GLPI False
2025-09-04 15:04:04,138 - agents.agent_manager - INFO - vicprdnsxmen02 Rapid7 False
2025-09-04 15:04:04,165 - agents.agent_manager - INFO - vicprdadfsfbe05 CheckMK True
2025-09-04 15:04:04,165 - agents.agent_manager - INFO - vicprdadfsfbe05 GLPI False
2025-09-04 15:04:04,165 - agents.agent_manager - INFO - vicprdadfsfbe05 Rapid7 False
2025-09-04 15:04:04,189 - agents.agent_manager - INFO - ENCPRDCGEDAPP01 CheckMK False
2025-09-04 15:04:04,190 - agents.agent_manager - INFO - ENCPRDCGEDAPP01 GLPI False
2025-09-04 15:04:04,190 - agents.agent_manager - INFO - ENCPRDCGEDAPP01 Rapid7 False
2025-09-04 15:04:04,215 - agents.agent_manager - INFO - FRHQSV1000 CheckMK True
2025-09-04 15:04:04,216 - agents.agent_manager - INFO - FRHQSV1000 GLPI True
2025-09-04 15:04:04,216 - agents.agent_manager - INFO - FRHQSV1000 Rapid7 False
2025-09-04 15:04:04,249 - agents.agent_manager - INFO - vicprdadfsfbe06 CheckMK True
2025-09-04 15:04:04,249 - agents.agent_manager - INFO - vicprdadfsfbe06 GLPI True
2025-09-04 15:04:04,249 - agents.agent_manager - INFO - vicprdadfsfbe06 Rapid7 False
2025-09-04 15:04:04,273 - agents.agent_manager - INFO - vicdevsmkping01 CheckMK False
2025-09-04 15:04:04,273 - agents.agent_manager - INFO - vicdevsmkping01 GLPI True
2025-09-04 15:04:04,273 - agents.agent_manager - INFO - vicdevsmkping01 Rapid7 False
2025-09-04 15:04:04,299 - agents.agent_manager - INFO - SRVTERIURARCH CheckMK False
2025-09-04 15:04:04,300 - agents.agent_manager - INFO - SRVTERIURARCH GLPI False
2025-09-04 15:04:04,300 - agents.agent_manager - INFO - SRVTERIURARCH Rapid7 False
2025-09-04 15:04:04,325 - agents.agent_manager - INFO - FRHQDC902 CheckMK True
2025-09-04 15:04:04,325 - agents.agent_manager - INFO - FRHQDC902 GLPI True
2025-09-04 15:04:04,325 - agents.agent_manager - INFO - FRHQDC902 Rapid7 False
2025-09-04 15:04:04,356 - agents.agent_manager - INFO - vicprdazacapp01 CheckMK False
2025-09-04 15:04:04,357 - agents.agent_manager - INFO - vicprdazacapp01 GLPI False
2025-09-04 15:04:04,358 - agents.agent_manager - INFO - vicprdazacapp01 Rapid7 False
2025-09-04 15:04:04,383 - agents.agent_manager - INFO - vicprdvrealog21 CheckMK False
2025-09-04 15:04:04,383 - agents.agent_manager - INFO - vicprdvrealog21 GLPI True
2025-09-04 15:04:04,383 - agents.agent_manager - INFO - vicprdvrealog21 Rapid7 False
2025-09-04 15:04:04,409 - agents.agent_manager - INFO - SRVTERLIC02 CheckMK False
2025-09-04 15:04:04,410 - agents.agent_manager - INFO - SRVTERLIC02 GLPI False
2025-09-04 15:04:04,410 - agents.agent_manager - INFO - SRVTERLIC02 Rapid7 False
2025-09-04 15:04:04,436 - agents.agent_manager - INFO - FRHQSV777 CheckMK True
2025-09-04 15:04:04,437 - agents.agent_manager - INFO - FRHQSV777 GLPI True
2025-09-04 15:04:04,437 - agents.agent_manager - INFO - FRHQSV777 Rapid7 False
2025-09-04 15:04:04,470 - agents.agent_manager - INFO - VICPRDAZACAPP02 CheckMK False
2025-09-04 15:04:04,470 - agents.agent_manager - INFO - VICPRDAZACAPP02 GLPI True
2025-09-04 15:04:04,471 - agents.agent_manager - INFO - VICPRDAZACAPP02 Rapid7 False
2025-09-04 15:04:04,495 - agents.agent_manager - INFO - vicprdvrealog22 CheckMK False
2025-09-04 15:04:04,496 - agents.agent_manager - INFO - vicprdvrealog22 GLPI True
2025-09-04 15:04:04,496 - agents.agent_manager - INFO - vicprdvrealog22 Rapid7 False
2025-09-04 15:04:04,521 - agents.agent_manager - INFO - ENCPRDAVEVAPP01 CheckMK False
2025-09-04 15:04:04,521 - agents.agent_manager - INFO - ENCPRDAVEVAPP01 GLPI False
2025-09-04 15:04:04,521 - agents.agent_manager - INFO - ENCPRDAVEVAPP01 Rapid7 False
2025-09-04 15:04:04,550 - agents.agent_manager - INFO - eurvnsxc01l-NSX-controller-1 CheckMK False
2025-09-04 15:04:04,550 - agents.agent_manager - INFO - eurvnsxc01l-NSX-controller-1 GLPI False
2025-09-04 15:04:04,550 - agents.agent_manager - INFO - eurvnsxc01l-NSX-controller-1 Rapid7 False
2025-09-04 15:04:04,575 - agents.agent_manager - INFO - vicprdazacapp03 CheckMK True
2025-09-04 15:04:04,575 - agents.agent_manager - INFO - vicprdazacapp03 GLPI False
2025-09-04 15:04:04,576 - agents.agent_manager - INFO - vicprdazacapp03 Rapid7 False
2025-09-04 15:04:04,610 - agents.agent_manager - INFO - vicpocnetlog01 CheckMK False
2025-09-04 15:04:04,610 - agents.agent_manager - INFO - vicpocnetlog01 GLPI True
2025-09-04 15:04:04,611 - agents.agent_manager - INFO - vicpocnetlog01 Rapid7 False
2025-09-04 15:04:04,639 - agents.agent_manager - INFO - ENCPRDECCOAPP01 CheckMK False
2025-09-04 15:04:04,639 - agents.agent_manager - INFO - ENCPRDECCOAPP01 GLPI False
2025-09-04 15:04:04,639 - agents.agent_manager - INFO - ENCPRDECCOAPP01 Rapid7 False
2025-09-04 15:04:04,669 - agents.agent_manager - INFO - vicpocnetlog02 CheckMK False
2025-09-04 15:04:04,670 - agents.agent_manager - INFO - vicpocnetlog02 GLPI True
2025-09-04 15:04:04,670 - agents.agent_manager - INFO - vicpocnetlog02 Rapid7 False
2025-09-04 15:04:04,696 - agents.agent_manager - INFO - vicprdazacapp04 CheckMK True
2025-09-04 15:04:04,697 - agents.agent_manager - INFO - vicprdazacapp04 GLPI False
2025-09-04 15:04:04,697 - agents.agent_manager - INFO - vicprdazacapp04 Rapid7 False
2025-09-04 15:04:04,729 - agents.agent_manager - INFO - eurvnsxc03l-NSX-controller-3 CheckMK False
2025-09-04 15:04:04,730 - agents.agent_manager - INFO - eurvnsxc03l-NSX-controller-3 GLPI False
2025-09-04 15:04:04,730 - agents.agent_manager - INFO - eurvnsxc03l-NSX-controller-3 Rapid7 False
2025-09-04 15:04:04,754 - agents.agent_manager - INFO - vicprdchmkfbe03 CheckMK True
2025-09-04 15:04:04,754 - agents.agent_manager - INFO - vicprdchmkfbe03 GLPI True
2025-09-04 15:04:04,755 - agents.agent_manager - INFO - vicprdchmkfbe03 Rapid7 False
2025-09-04 15:04:04,778 - agents.agent_manager - INFO - ENCPRDAVEVAPP02 CheckMK False
2025-09-04 15:04:04,779 - agents.agent_manager - INFO - ENCPRDAVEVAPP02 GLPI False
2025-09-04 15:04:04,779 - agents.agent_manager - INFO - ENCPRDAVEVAPP02 Rapid7 False
2025-09-04 15:04:04,806 - agents.agent_manager - INFO - vicprdbrokfbe00 CheckMK False
2025-09-04 15:04:04,806 - agents.agent_manager - INFO - vicprdbrokfbe00 GLPI False
2025-09-04 15:04:04,806 - agents.agent_manager - INFO - vicprdbrokfbe00 Rapid7 False
2025-09-04 15:04:04,831 - agents.agent_manager - INFO - EUR1002 CheckMK True
2025-09-04 15:04:04,831 - agents.agent_manager - INFO - EUR1002 GLPI True
2025-09-04 15:04:04,832 - agents.agent_manager - INFO - EUR1002 Rapid7 False
2025-09-04 15:04:04,863 - agents.agent_manager - INFO - ENCPRDAPPPDM01 CheckMK False
2025-09-04 15:04:04,864 - agents.agent_manager - INFO - ENCPRDAPPPDM01 GLPI False
2025-09-04 15:04:04,864 - agents.agent_manager - INFO - ENCPRDAPPPDM01 Rapid7 False
2025-09-04 15:04:04,887 - agents.agent_manager - INFO - vicprdvrealog23 CheckMK False
2025-09-04 15:04:04,888 - agents.agent_manager - INFO - vicprdvrealog23 GLPI True
2025-09-04 15:04:04,888 - agents.agent_manager - INFO - vicprdvrealog23 Rapid7 False
2025-09-04 15:04:04,916 - agents.agent_manager - INFO - vicprdbrokfbe02 CheckMK False
2025-09-04 15:04:04,916 - agents.agent_manager - INFO - vicprdbrokfbe02 GLPI False
2025-09-04 15:04:04,916 - agents.agent_manager - INFO - vicprdbrokfbe02 Rapid7 False
2025-09-04 15:04:04,941 - agents.agent_manager - INFO - EAD3-FR2 CheckMK False
2025-09-04 15:04:04,942 - agents.agent_manager - INFO - EAD3-FR2 GLPI False
2025-09-04 15:04:04,942 - agents.agent_manager - INFO - EAD3-FR2 Rapid7 False
2025-09-04 15:04:04,972 - agents.agent_manager - INFO - TGPPRDITWO01 CheckMK False
2025-09-04 15:04:04,972 - agents.agent_manager - INFO - TGPPRDITWO01 GLPI False
2025-09-04 15:04:04,973 - agents.agent_manager - INFO - TGPPRDITWO01 Rapid7 False
2025-09-04 15:04:04,999 - agents.agent_manager - INFO - vicprdvmwavce03 CheckMK True
2025-09-04 15:04:05,000 - agents.agent_manager - INFO - vicprdvmwavce03 GLPI True
2025-09-04 15:04:05,000 - agents.agent_manager - INFO - vicprdvmwavce03 Rapid7 False
2025-09-04 15:04:05,024 - agents.agent_manager - INFO - VICPRDCERTFBE01 CheckMK False
2025-09-04 15:04:05,025 - agents.agent_manager - INFO - VICPRDCERTFBE01 GLPI True
2025-09-04 15:04:05,025 - agents.agent_manager - INFO - VICPRDCERTFBE01 Rapid7 False
2025-09-04 15:04:05,057 - agents.agent_manager - INFO - FREF92-001SV111 CheckMK True
2025-09-04 15:04:05,057 - agents.agent_manager - INFO - FREF92-001SV111 GLPI True
2025-09-04 15:04:05,057 - agents.agent_manager - INFO - FREF92-001SV111 Rapid7 False
2025-09-04 15:04:05,088 - agents.agent_manager - INFO - vicprdvmwavce02 CheckMK True
2025-09-04 15:04:05,089 - agents.agent_manager - INFO - vicprdvmwavce02 GLPI True
2025-09-04 15:04:05,089 - agents.agent_manager - INFO - vicprdvmwavce02 Rapid7 False
2025-09-04 15:04:05,117 - agents.agent_manager - INFO - VICPRDCERTFBE02 CheckMK False
2025-09-04 15:04:05,118 - agents.agent_manager - INFO - VICPRDCERTFBE02 GLPI True
2025-09-04 15:04:05,119 - agents.agent_manager - INFO - VICPRDCERTFBE02 Rapid7 False
2025-09-04 15:04:05,174 - agents.agent_manager - INFO - SRVTERVCT01 CheckMK False
2025-09-04 15:04:05,175 - agents.agent_manager - INFO - SRVTERVCT01 GLPI False
2025-09-04 15:04:05,175 - agents.agent_manager - INFO - SRVTERVCT01 Rapid7 False
2025-09-04 15:04:05,202 - agents.agent_manager - INFO - EUR1038 CheckMK False
2025-09-04 15:04:05,203 - agents.agent_manager - INFO - EUR1038 GLPI False
2025-09-04 15:04:05,203 - agents.agent_manager - INFO - EUR1038 Rapid7 False
2025-09-04 15:04:05,227 - agents.agent_manager - INFO - VICPRDCERTFBE03 CheckMK False
2025-09-04 15:04:05,228 - agents.agent_manager - INFO - VICPRDCERTFBE03 GLPI True
2025-09-04 15:04:05,228 - agents.agent_manager - INFO - VICPRDCERTFBE03 Rapid7 False
2025-09-04 15:04:05,253 - agents.agent_manager - INFO - SRVTERDIRETU CheckMK False
2025-09-04 15:04:05,254 - agents.agent_manager - INFO - SRVTERDIRETU GLPI False
2025-09-04 15:04:05,254 - agents.agent_manager - INFO - SRVTERDIRETU Rapid7 False
2025-09-04 15:04:05,280 - agents.agent_manager - INFO - GLRESITDC902 CheckMK True
2025-09-04 15:04:05,281 - agents.agent_manager - INFO - GLRESITDC902 GLPI True
2025-09-04 15:04:05,281 - agents.agent_manager - INFO - GLRESITDC902 Rapid7 False
2025-09-04 15:04:05,312 - agents.agent_manager - INFO - VICPRDCERTFBE04 CheckMK False
2025-09-04 15:04:05,313 - agents.agent_manager - INFO - VICPRDCERTFBE04 GLPI True
2025-09-04 15:04:05,313 - agents.agent_manager - INFO - VICPRDCERTFBE04 Rapid7 False
2025-09-04 15:04:05,337 - agents.agent_manager - INFO - DCBPRDSQL01 CheckMK False
2025-09-04 15:04:05,337 - agents.agent_manager - INFO - DCBPRDSQL01 GLPI False
2025-09-04 15:04:05,337 - agents.agent_manager - INFO - DCBPRDSQL01 Rapid7 False
2025-09-04 15:04:05,365 - agents.agent_manager - INFO - FRHQMLTSV003 CheckMK True
2025-09-04 15:04:05,365 - agents.agent_manager - INFO - FRHQMLTSV003 GLPI False
2025-09-04 15:04:05,366 - agents.agent_manager - INFO - FRHQMLTSV003 Rapid7 False
2025-09-04 15:04:05,398 - agents.agent_manager - INFO - VICPRDCERTFBE05 CheckMK False
2025-09-04 15:04:05,398 - agents.agent_manager - INFO - VICPRDCERTFBE05 GLPI True
2025-09-04 15:04:05,398 - agents.agent_manager - INFO - VICPRDCERTFBE05 Rapid7 False
2025-09-04 15:04:05,425 - agents.agent_manager - INFO - ENCPRDDEVILIC01 CheckMK False
2025-09-04 15:04:05,426 - agents.agent_manager - INFO - ENCPRDDEVILIC01 GLPI False
2025-09-04 15:04:05,426 - agents.agent_manager - INFO - ENCPRDDEVILIC01 Rapid7 False
2025-09-04 15:04:05,452 - agents.agent_manager - INFO - FRHQSV1006 CheckMK True
2025-09-04 15:04:05,453 - agents.agent_manager - INFO - FRHQSV1006 GLPI True
2025-09-04 15:04:05,453 - agents.agent_manager - INFO - FRHQSV1006 Rapid7 False
2025-09-04 15:04:05,485 - agents.agent_manager - INFO - VICPRDCERTFBE06 CheckMK False
2025-09-04 15:04:05,485 - agents.agent_manager - INFO - VICPRDCERTFBE06 GLPI True
2025-09-04 15:04:05,486 - agents.agent_manager - INFO - VICPRDCERTFBE06 Rapid7 False
2025-09-04 15:04:05,518 - agents.agent_manager - INFO - FRHQSV1008 CheckMK True
2025-09-04 15:04:05,519 - agents.agent_manager - INFO - FRHQSV1008 GLPI True
2025-09-04 15:04:05,519 - agents.agent_manager - INFO - FRHQSV1008 Rapid7 False
2025-09-04 15:04:05,549 - agents.agent_manager - INFO - ENCPRDPRIMSQL01 CheckMK False
2025-09-04 15:04:05,550 - agents.agent_manager - INFO - ENCPRDPRIMSQL01 GLPI False
2025-09-04 15:04:05,550 - agents.agent_manager - INFO - ENCPRDPRIMSQL01 Rapid7 False
2025-09-04 15:04:05,579 - agents.agent_manager - INFO - VICPRDCERTWKG01 CheckMK False
2025-09-04 15:04:05,580 - agents.agent_manager - INFO - VICPRDCERTWKG01 GLPI True
2025-09-04 15:04:05,580 - agents.agent_manager - INFO - VICPRDCERTWKG01 Rapid7 False
2025-09-04 15:04:05,607 - agents.agent_manager - INFO - EUR1044 CheckMK True
2025-09-04 15:04:05,608 - agents.agent_manager - INFO - EUR1044 GLPI True
2025-09-04 15:04:05,608 - agents.agent_manager - INFO - EUR1044 Rapid7 False
2025-09-04 15:04:05,639 - agents.agent_manager - INFO - ENCPRDVTPSAPP01 CheckMK False
2025-09-04 15:04:05,639 - agents.agent_manager - INFO - ENCPRDVTPSAPP01 GLPI False
2025-09-04 15:04:05,640 - agents.agent_manager - INFO - ENCPRDVTPSAPP01 Rapid7 False
2025-09-04 15:04:05,668 - agents.agent_manager - INFO - VICPRDCERTWKG02 CheckMK False
2025-09-04 15:04:05,669 - agents.agent_manager - INFO - VICPRDCERTWKG02 GLPI True
2025-09-04 15:04:05,669 - agents.agent_manager - INFO - VICPRDCERTWKG02 Rapid7 False
2025-09-04 15:04:05,697 - agents.agent_manager - INFO - EUR1039 CheckMK True
2025-09-04 15:04:05,698 - agents.agent_manager - INFO - EUR1039 GLPI True
2025-09-04 15:04:05,698 - agents.agent_manager - INFO - EUR1039 Rapid7 False
2025-09-04 15:04:05,728 - agents.agent_manager - INFO - VGPPRDHYDR01 CheckMK False
2025-09-04 15:04:05,729 - agents.agent_manager - INFO - VGPPRDHYDR01 GLPI False
2025-09-04 15:04:05,729 - agents.agent_manager - INFO - VGPPRDHYDR01 Rapid7 False
2025-09-04 15:04:05,755 - agents.agent_manager - INFO - VICPRDCHMKFBE04 CheckMK False
2025-09-04 15:04:05,756 - agents.agent_manager - INFO - VICPRDCHMKFBE04 GLPI True
2025-09-04 15:04:05,757 - agents.agent_manager - INFO - VICPRDCHMKFBE04 Rapid7 False
2025-09-04 15:04:05,782 - agents.agent_manager - INFO - FRHQDC906 CheckMK True
2025-09-04 15:04:05,782 - agents.agent_manager - INFO - FRHQDC906 GLPI True
2025-09-04 15:04:05,783 - agents.agent_manager - INFO - FRHQDC906 Rapid7 False
2025-09-04 15:04:05,811 - agents.agent_manager - INFO - ENCPRDLNMKAPP01 CheckMK False
2025-09-04 15:04:05,811 - agents.agent_manager - INFO - ENCPRDLNMKAPP01 GLPI False
2025-09-04 15:04:05,811 - agents.agent_manager - INFO - ENCPRDLNMKAPP01 Rapid7 False
2025-09-04 15:04:05,838 - agents.agent_manager - INFO - VICPRDDST0ADM02 CheckMK True
2025-09-04 15:04:05,839 - agents.agent_manager - INFO - VICPRDDST0ADM02 GLPI True
2025-09-04 15:04:05,839 - agents.agent_manager - INFO - VICPRDDST0ADM02 Rapid7 False
2025-09-04 15:04:05,865 - agents.agent_manager - INFO - FRHQSV1009 CheckMK True
2025-09-04 15:04:05,866 - agents.agent_manager - INFO - FRHQSV1009 GLPI True
2025-09-04 15:04:05,866 - agents.agent_manager - INFO - FRHQSV1009 Rapid7 False
2025-09-04 15:04:05,895 - agents.agent_manager - INFO - VGPPRDSYS02 CheckMK False
2025-09-04 15:04:05,896 - agents.agent_manager - INFO - VGPPRDSYS02 GLPI False
2025-09-04 15:04:05,896 - agents.agent_manager - INFO - VGPPRDSYS02 Rapid7 False
2025-09-04 15:04:05,921 - agents.agent_manager - INFO - VICPRDDSTOADM01 CheckMK False
2025-09-04 15:04:05,921 - agents.agent_manager - INFO - VICPRDDSTOADM01 GLPI False
2025-09-04 15:04:05,922 - agents.agent_manager - INFO - VICPRDDSTOADM01 Rapid7 False
2025-09-04 15:04:05,947 - agents.agent_manager - INFO - FRHQSV1012 CheckMK True
2025-09-04 15:04:05,948 - agents.agent_manager - INFO - FRHQSV1012 GLPI True
2025-09-04 15:04:05,948 - agents.agent_manager - INFO - FRHQSV1012 Rapid7 False
2025-09-04 15:04:05,977 - agents.agent_manager - INFO - ENCPRDGEDSQL01 CheckMK False
2025-09-04 15:04:05,978 - agents.agent_manager - INFO - ENCPRDGEDSQL01 GLPI False
2025-09-04 15:04:05,978 - agents.agent_manager - INFO - ENCPRDGEDSQL01 Rapid7 False
2025-09-04 15:04:06,002 - agents.agent_manager - INFO - VICPRDFILEAPP01 CheckMK False
2025-09-04 15:04:06,002 - agents.agent_manager - INFO - VICPRDFILEAPP01 GLPI True
2025-09-04 15:04:06,003 - agents.agent_manager - INFO - VICPRDFILEAPP01 Rapid7 False
2025-09-04 15:04:06,036 - agents.agent_manager - INFO - FRHQSV1007 CheckMK True
2025-09-04 15:04:06,037 - agents.agent_manager - INFO - FRHQSV1007 GLPI True
2025-09-04 15:04:06,037 - agents.agent_manager - INFO - FRHQSV1007 Rapid7 False
2025-09-04 15:04:06,070 - agents.agent_manager - INFO - SRVSUDCA CheckMK False
2025-09-04 15:04:06,070 - agents.agent_manager - INFO - SRVSUDCA GLPI False
2025-09-04 15:04:06,071 - agents.agent_manager - INFO - SRVSUDCA Rapid7 False
2025-09-04 15:04:06,096 - agents.agent_manager - INFO - VICPRDINFRADM01 CheckMK False
2025-09-04 15:04:06,097 - agents.agent_manager - INFO - VICPRDINFRADM01 GLPI True
2025-09-04 15:04:06,097 - agents.agent_manager - INFO - VICPRDINFRADM01 Rapid7 False
2025-09-04 15:04:06,124 - agents.agent_manager - INFO - EUR1037 CheckMK True
2025-09-04 15:04:06,125 - agents.agent_manager - INFO - EUR1037 GLPI True
2025-09-04 15:04:06,125 - agents.agent_manager - INFO - EUR1037 Rapid7 False
2025-09-04 15:04:06,156 - agents.agent_manager - INFO - VICPRDINFRAPP11 CheckMK False
2025-09-04 15:04:06,157 - agents.agent_manager - INFO - VICPRDINFRAPP11 GLPI True
2025-09-04 15:04:06,157 - agents.agent_manager - INFO - VICPRDINFRAPP11 Rapid7 False
2025-09-04 15:04:06,186 - agents.agent_manager - INFO - VCFPRDCLUSFSW02 CheckMK False
2025-09-04 15:04:06,186 - agents.agent_manager - INFO - VCFPRDCLUSFSW02 GLPI False
2025-09-04 15:04:06,187 - agents.agent_manager - INFO - VCFPRDCLUSFSW02 Rapid7 False
2025-09-04 15:04:06,209 - agents.agent_manager - INFO - EUR1045 CheckMK False
2025-09-04 15:04:06,213 - agents.agent_manager - INFO - EUR1045 GLPI False
2025-09-04 15:04:06,214 - agents.agent_manager - INFO - EUR1045 Rapid7 False
2025-09-04 15:04:06,238 - agents.agent_manager - INFO - VICPRDINFRAPP12 CheckMK False
2025-09-04 15:04:06,239 - agents.agent_manager - INFO - VICPRDINFRAPP12 GLPI True
2025-09-04 15:04:06,239 - agents.agent_manager - INFO - VICPRDINFRAPP12 Rapid7 False
2025-09-04 15:04:06,264 - agents.agent_manager - INFO - VCFPRDRP7CSE01 CheckMK False
2025-09-04 15:04:06,264 - agents.agent_manager - INFO - VCFPRDRP7CSE01 GLPI False
2025-09-04 15:04:06,265 - agents.agent_manager - INFO - VCFPRDRP7CSE01 Rapid7 False
2025-09-04 15:04:06,290 - agents.agent_manager - INFO - FRHQMLTSV910 CheckMK True
2025-09-04 15:04:06,290 - agents.agent_manager - INFO - FRHQMLTSV910 GLPI False
2025-09-04 15:04:06,291 - agents.agent_manager - INFO - FRHQMLTSV910 Rapid7 False
2025-09-04 15:04:06,322 - agents.agent_manager - INFO - VICPRDINFRLIC02 CheckMK False
2025-09-04 15:04:06,322 - agents.agent_manager - INFO - VICPRDINFRLIC02 GLPI True
2025-09-04 15:04:06,323 - agents.agent_manager - INFO - VICPRDINFRLIC02 Rapid7 False
2025-09-04 15:04:06,348 - agents.agent_manager - INFO - SOFDMZNUVAPP001 CheckMK False
2025-09-04 15:04:06,348 - agents.agent_manager - INFO - SOFDMZNUVAPP001 GLPI False
2025-09-04 15:04:06,349 - agents.agent_manager - INFO - SOFDMZNUVAPP001 Rapid7 False
2025-09-04 15:04:06,372 - agents.agent_manager - INFO - FRHQSV1015 CheckMK True
2025-09-04 15:04:06,373 - agents.agent_manager - INFO - FRHQSV1015 GLPI True
2025-09-04 15:04:06,373 - agents.agent_manager - INFO - FRHQSV1015 Rapid7 False
2025-09-04 15:04:06,401 - agents.agent_manager - INFO - VICPRDINFRLIC03 CheckMK True
2025-09-04 15:04:06,402 - agents.agent_manager - INFO - VICPRDINFRLIC03 GLPI False
2025-09-04 15:04:06,402 - agents.agent_manager - INFO - VICPRDINFRLIC03 Rapid7 False
2025-09-04 15:04:06,427 - agents.agent_manager - INFO - SRVTERUPD CheckMK False
2025-09-04 15:04:06,427 - agents.agent_manager - INFO - SRVTERUPD GLPI False
2025-09-04 15:04:06,427 - agents.agent_manager - INFO - SRVTERUPD Rapid7 False
2025-09-04 15:04:06,451 - agents.agent_manager - INFO - FRHQSV1018 CheckMK True
2025-09-04 15:04:06,451 - agents.agent_manager - INFO - FRHQSV1018 GLPI True
2025-09-04 15:04:06,452 - agents.agent_manager - INFO - FRHQSV1018 Rapid7 False
2025-09-04 15:04:06,482 - agents.agent_manager - INFO - VICPRDMEPPPRX01 CheckMK True
2025-09-04 15:04:06,482 - agents.agent_manager - INFO - VICPRDMEPPPRX01 GLPI True
2025-09-04 15:04:06,483 - agents.agent_manager - INFO - VICPRDMEPPPRX01 Rapid7 False
2025-09-04 15:04:06,506 - agents.agent_manager - INFO - SOFDMZNUVAPP002 CheckMK False
2025-09-04 15:04:06,507 - agents.agent_manager - INFO - SOFDMZNUVAPP002 GLPI False
2025-09-04 15:04:06,507 - agents.agent_manager - INFO - SOFDMZNUVAPP002 Rapid7 False
2025-09-04 15:04:06,530 - agents.agent_manager - INFO - FRHQSV1022 CheckMK True
2025-09-04 15:04:06,532 - agents.agent_manager - INFO - FRHQSV1022 GLPI True
2025-09-04 15:04:06,532 - agents.agent_manager - INFO - FRHQSV1022 Rapid7 False
2025-09-04 15:04:06,560 - agents.agent_manager - INFO - VICPRDMEPPPRX02 CheckMK True
2025-09-04 15:04:06,561 - agents.agent_manager - INFO - VICPRDMEPPPRX02 GLPI True
2025-09-04 15:04:06,561 - agents.agent_manager - INFO - VICPRDMEPPPRX02 Rapid7 False
2025-09-04 15:04:06,585 - agents.agent_manager - INFO - FRHQSV1021 CheckMK True
2025-09-04 15:04:06,585 - agents.agent_manager - INFO - FRHQSV1021 GLPI True
2025-09-04 15:04:06,585 - agents.agent_manager - INFO - FRHQSV1021 Rapid7 False
2025-09-04 15:04:06,615 - agents.agent_manager - INFO - SOFDMZNUVAPP003 CheckMK False
2025-09-04 15:04:06,615 - agents.agent_manager - INFO - SOFDMZNUVAPP003 GLPI False
2025-09-04 15:04:06,616 - agents.agent_manager - INFO - SOFDMZNUVAPP003 Rapid7 False
2025-09-04 15:04:06,639 - agents.agent_manager - INFO - VICPRDMMDTFBE01 CheckMK False
2025-09-04 15:04:06,639 - agents.agent_manager - INFO - VICPRDMMDTFBE01 GLPI True
2025-09-04 15:04:06,639 - agents.agent_manager - INFO - VICPRDMMDTFBE01 Rapid7 False
2025-09-04 15:04:06,664 - agents.agent_manager - INFO - VCOp-SXWEBw01 CheckMK False
2025-09-04 15:04:06,665 - agents.agent_manager - INFO - VCOp-SXWEBw01 GLPI False
2025-09-04 15:04:06,665 - agents.agent_manager - INFO - VCOp-SXWEBw01 Rapid7 False
2025-09-04 15:04:06,689 - agents.agent_manager - INFO - FRHQSV1020 CheckMK True
2025-09-04 15:04:06,689 - agents.agent_manager - INFO - FRHQSV1020 GLPI True
2025-09-04 15:04:06,690 - agents.agent_manager - INFO - FRHQSV1020 Rapid7 False
2025-09-04 15:04:06,722 - agents.agent_manager - INFO - VICPRDSCANFBE01 CheckMK True
2025-09-04 15:04:06,723 - agents.agent_manager - INFO - VICPRDSCANFBE01 GLPI True
2025-09-04 15:04:06,723 - agents.agent_manager - INFO - VICPRDSCANFBE01 Rapid7 False
2025-09-04 15:04:06,753 - agents.agent_manager - INFO - FRHQSV1019 CheckMK True
2025-09-04 15:04:06,753 - agents.agent_manager - INFO - FRHQSV1019 GLPI True
2025-09-04 15:04:06,753 - agents.agent_manager - INFO - FRHQSV1019 Rapid7 False
2025-09-04 15:04:06,783 - agents.agent_manager - INFO - SOFPRDSOFAPP001 CheckMK False
2025-09-04 15:04:06,783 - agents.agent_manager - INFO - SOFPRDSOFAPP001 GLPI False
2025-09-04 15:04:06,784 - agents.agent_manager - INFO - SOFPRDSOFAPP001 Rapid7 False
2025-09-04 15:04:06,807 - agents.agent_manager - INFO - VICPRDSFTPAPP01 CheckMK False
2025-09-04 15:04:06,808 - agents.agent_manager - INFO - VICPRDSFTPAPP01 GLPI True
2025-09-04 15:04:06,808 - agents.agent_manager - INFO - VICPRDSFTPAPP01 Rapid7 False
2025-09-04 15:04:06,830 - agents.agent_manager - INFO - FRHQSV1014 CheckMK True
2025-09-04 15:04:06,830 - agents.agent_manager - INFO - FRHQSV1014 GLPI True
2025-09-04 15:04:06,831 - agents.agent_manager - INFO - FRHQSV1014 Rapid7 False
2025-09-04 15:04:06,859 - agents.agent_manager - INFO - SOFDMZHTEINT01 CheckMK False
2025-09-04 15:04:06,860 - agents.agent_manager - INFO - SOFDMZHTEINT01 GLPI False
2025-09-04 15:04:06,860 - agents.agent_manager - INFO - SOFDMZHTEINT01 Rapid7 False
2025-09-04 15:04:06,890 - agents.agent_manager - INFO - VICPRDVEEABCK04 CheckMK False
2025-09-04 15:04:06,891 - agents.agent_manager - INFO - VICPRDVEEABCK04 GLPI True
2025-09-04 15:04:06,891 - agents.agent_manager - INFO - VICPRDVEEABCK04 Rapid7 False
2025-09-04 15:04:06,914 - agents.agent_manager - INFO - VICPRDVEEAPRX07 CheckMK False
2025-09-04 15:04:06,915 - agents.agent_manager - INFO - VICPRDVEEAPRX07 GLPI True
2025-09-04 15:04:06,915 - agents.agent_manager - INFO - VICPRDVEEAPRX07 Rapid7 False
2025-09-04 15:04:06,941 - agents.agent_manager - INFO - FRHQSV1010 CheckMK True
2025-09-04 15:04:06,942 - agents.agent_manager - INFO - FRHQSV1010 GLPI True
2025-09-04 15:04:06,942 - agents.agent_manager - INFO - FRHQSV1010 Rapid7 False
2025-09-04 15:04:06,973 - agents.agent_manager - INFO - DGC-0023 CheckMK True
2025-09-04 15:04:06,973 - agents.agent_manager - INFO - DGC-0023 GLPI True
2025-09-04 15:04:06,974 - agents.agent_manager - INFO - DGC-0023 Rapid7 False
2025-09-04 15:04:07,005 - agents.agent_manager - INFO - VICPRDVEEAPRX08 CheckMK False
2025-09-04 15:04:07,005 - agents.agent_manager - INFO - VICPRDVEEAPRX08 GLPI True
2025-09-04 15:04:07,006 - agents.agent_manager - INFO - VICPRDVEEAPRX08 Rapid7 False
2025-09-04 15:04:07,030 - agents.agent_manager - INFO - DED-0016 CheckMK False
2025-09-04 15:04:07,031 - agents.agent_manager - INFO - DED-0016 GLPI True
2025-09-04 15:04:07,031 - agents.agent_manager - INFO - DED-0016 Rapid7 False
2025-09-04 15:04:07,055 - agents.agent_manager - INFO - ESFRA000DC002 CheckMK False
2025-09-04 15:04:07,056 - agents.agent_manager - INFO - ESFRA000DC002 GLPI False
2025-09-04 15:04:07,056 - agents.agent_manager - INFO - ESFRA000DC002 Rapid7 False
2025-09-04 15:04:07,082 - agents.agent_manager - INFO - VICPRDVMWAVCE00 CheckMK False
2025-09-04 15:04:07,083 - agents.agent_manager - INFO - VICPRDVMWAVCE00 GLPI True
2025-09-04 15:04:07,083 - agents.agent_manager - INFO - VICPRDVMWAVCE00 Rapid7 False
2025-09-04 15:04:07,107 - agents.agent_manager - INFO - VCFHOMADFSWAP51 CheckMK False
2025-09-04 15:04:07,108 - agents.agent_manager - INFO - VCFHOMADFSWAP51 GLPI False
2025-09-04 15:04:07,108 - agents.agent_manager - INFO - VCFHOMADFSWAP51 Rapid7 False
2025-09-04 15:04:07,134 - agents.agent_manager - INFO - FRHQSV186 CheckMK True
2025-09-04 15:04:07,135 - agents.agent_manager - INFO - FRHQSV186 GLPI True
2025-09-04 15:04:07,136 - agents.agent_manager - INFO - FRHQSV186 Rapid7 False
2025-09-04 15:04:07,166 - agents.agent_manager - INFO - VICPRDVPAMACM02 CheckMK False
2025-09-04 15:04:07,166 - agents.agent_manager - INFO - VICPRDVPAMACM02 GLPI True
2025-09-04 15:04:07,167 - agents.agent_manager - INFO - VICPRDVPAMACM02 Rapid7 False
2025-09-04 15:04:07,190 - agents.agent_manager - INFO - FRHQSV1017 CheckMK True
2025-09-04 15:04:07,190 - agents.agent_manager - INFO - FRHQSV1017 GLPI True
2025-09-04 15:04:07,191 - agents.agent_manager - INFO - FRHQSV1017 Rapid7 False
2025-09-04 15:04:07,222 - agents.agent_manager - INFO - VCFPRDFILORES01 CheckMK False
2025-09-04 15:04:07,223 - agents.agent_manager - INFO - VCFPRDFILORES01 GLPI False
2025-09-04 15:04:07,223 - agents.agent_manager - INFO - VCFPRDFILORES01 Rapid7 False
2025-09-04 15:04:07,248 - agents.agent_manager - INFO - VICPRDVPAMACM03 CheckMK False
2025-09-04 15:04:07,249 - agents.agent_manager - INFO - VICPRDVPAMACM03 GLPI True
2025-09-04 15:04:07,249 - agents.agent_manager - INFO - VICPRDVPAMACM03 Rapid7 False
2025-09-04 15:04:07,274 - agents.agent_manager - INFO - FRHQVMXXX CheckMK False
2025-09-04 15:04:07,274 - agents.agent_manager - INFO - FRHQVMXXX GLPI False
2025-09-04 15:04:07,275 - agents.agent_manager - INFO - FRHQVMXXX Rapid7 False
2025-09-04 15:04:07,298 - agents.agent_manager - INFO - VCFPRDADFSWAP52 CheckMK False
2025-09-04 15:04:07,299 - agents.agent_manager - INFO - VCFPRDADFSWAP52 GLPI False
2025-09-04 15:04:07,299 - agents.agent_manager - INFO - VCFPRDADFSWAP52 Rapid7 False
2025-09-04 15:04:07,323 - agents.agent_manager - INFO - VICPRDVPAMRDS01 CheckMK False
2025-09-04 15:04:07,324 - agents.agent_manager - INFO - VICPRDVPAMRDS01 GLPI True
2025-09-04 15:04:07,324 - agents.agent_manager - INFO - VICPRDVPAMRDS01 Rapid7 False
2025-09-04 15:04:07,348 - agents.agent_manager - INFO - FRHQSV1023 CheckMK True
2025-09-04 15:04:07,348 - agents.agent_manager - INFO - FRHQSV1023 GLPI True
2025-09-04 15:04:07,348 - agents.agent_manager - INFO - FRHQSV1023 Rapid7 False
2025-09-04 15:04:07,378 - agents.agent_manager - INFO - DGC-0044 CheckMK True
2025-09-04 15:04:07,379 - agents.agent_manager - INFO - DGC-0044 GLPI True
2025-09-04 15:04:07,379 - agents.agent_manager - INFO - DGC-0044 Rapid7 False
2025-09-04 15:04:07,402 - agents.agent_manager - INFO - FRHQMLTSV911 CheckMK True
2025-09-04 15:04:07,403 - agents.agent_manager - INFO - FRHQMLTSV911 GLPI False
2025-09-04 15:04:07,403 - agents.agent_manager - INFO - FRHQMLTSV911 Rapid7 False
2025-09-04 15:04:07,433 - agents.agent_manager - INFO - VICPRDVPAMRDS02 CheckMK False
2025-09-04 15:04:07,434 - agents.agent_manager - INFO - VICPRDVPAMRDS02 GLPI True
2025-09-04 15:04:07,434 - agents.agent_manager - INFO - VICPRDVPAMRDS02 Rapid7 False
2025-09-04 15:04:07,475 - agents.agent_manager - INFO - DGC-0039 CheckMK False
2025-09-04 15:04:07,476 - agents.agent_manager - INFO - DGC-0039 GLPI True
2025-09-04 15:04:07,476 - agents.agent_manager - INFO - DGC-0039 Rapid7 False
2025-09-04 15:04:07,504 - agents.agent_manager - INFO - FRHQSV1025 CheckMK True
2025-09-04 15:04:07,505 - agents.agent_manager - INFO - FRHQSV1025 GLPI True
2025-09-04 15:04:07,505 - agents.agent_manager - INFO - FRHQSV1025 Rapid7 False
2025-09-04 15:04:07,533 - agents.agent_manager - INFO - VCFPRDADFSWAP51 CheckMK False
2025-09-04 15:04:07,534 - agents.agent_manager - INFO - VCFPRDADFSWAP51 GLPI False
2025-09-04 15:04:07,534 - agents.agent_manager - INFO - VCFPRDADFSWAP51 Rapid7 False
2025-09-04 15:04:07,557 - agents.agent_manager - INFO - VICPRDVULNAPP02 CheckMK False
2025-09-04 15:04:07,557 - agents.agent_manager - INFO - VICPRDVULNAPP02 GLPI True
2025-09-04 15:04:07,558 - agents.agent_manager - INFO - VICPRDVULNAPP02 Rapid7 False
2025-09-04 15:04:07,588 - agents.agent_manager - INFO - VCFPRDGOUAPP01 CheckMK False
2025-09-04 15:04:07,589 - agents.agent_manager - INFO - VCFPRDGOUAPP01 GLPI False
2025-09-04 15:04:07,589 - agents.agent_manager - INFO - VCFPRDGOUAPP01 Rapid7 False
2025-09-04 15:04:07,613 - agents.agent_manager - INFO - VICPRDWECSFBE01 CheckMK False
2025-09-04 15:04:07,614 - agents.agent_manager - INFO - VICPRDWECSFBE01 GLPI True
2025-09-04 15:04:07,615 - agents.agent_manager - INFO - VICPRDWECSFBE01 Rapid7 False
2025-09-04 15:04:07,639 - agents.agent_manager - INFO - vicprdsiemgtw05 CheckMK True
2025-09-04 15:04:07,642 - agents.agent_manager - INFO - vicprdsiemgtw05 GLPI True
2025-09-04 15:04:07,642 - agents.agent_manager - INFO - vicprdsiemgtw05 Rapid7 False
2025-09-04 15:04:07,672 - agents.agent_manager - INFO - VICPRDWSUSFBE02 CheckMK False
2025-09-04 15:04:07,673 - agents.agent_manager - INFO - VICPRDWSUSFBE02 GLPI True
2025-09-04 15:04:07,673 - agents.agent_manager - INFO - VICPRDWSUSFBE02 Rapid7 False
2025-09-04 15:04:07,700 - agents.agent_manager - INFO - VGPPOCFIL01 CheckMK False
2025-09-04 15:04:07,700 - agents.agent_manager - INFO - VGPPOCFIL01 GLPI False
2025-09-04 15:04:07,700 - agents.agent_manager - INFO - VGPPOCFIL01 Rapid7 False
2025-09-04 15:04:07,724 - agents.agent_manager - INFO - F000C002 CheckMK False
2025-09-04 15:04:07,724 - agents.agent_manager - INFO - F000C002 GLPI False
2025-09-04 15:04:07,724 - agents.agent_manager - INFO - F000C002 Rapid7 False
2025-09-04 15:04:07,748 - agents.agent_manager - INFO - windows2019_div-ootb-2024-03-28 CheckMK False
2025-09-04 15:04:07,749 - agents.agent_manager - INFO - windows2019_div-ootb-2024-03-28 GLPI False
2025-09-04 15:04:07,749 - agents.agent_manager - INFO - windows2019_div-ootb-2024-03-28 Rapid7 False
2025-09-04 15:04:07,772 - agents.agent_manager - INFO - SOFPRDSOFSQL001 CheckMK False
2025-09-04 15:04:07,772 - agents.agent_manager - INFO - SOFPRDSOFSQL001 GLPI False
2025-09-04 15:04:07,773 - agents.agent_manager - INFO - SOFPRDSOFSQL001 Rapid7 False
2025-09-04 15:04:07,795 - agents.agent_manager - INFO - GLRESITSV910 CheckMK True
2025-09-04 15:04:07,795 - agents.agent_manager - INFO - GLRESITSV910 GLPI True
2025-09-04 15:04:07,795 - agents.agent_manager - INFO - GLRESITSV910 Rapid7 False
2025-09-04 15:04:07,824 - agents.agent_manager - INFO - DED-0018 CheckMK False
2025-09-04 15:04:07,825 - agents.agent_manager - INFO - DED-0018 GLPI True
2025-09-04 15:04:07,825 - agents.agent_manager - INFO - DED-0018 Rapid7 False
2025-09-04 15:04:07,849 - agents.agent_manager - INFO - windows2022_div-ootb-2024-03-28 CheckMK False
2025-09-04 15:04:07,849 - agents.agent_manager - INFO - windows2022_div-ootb-2024-03-28 GLPI False
2025-09-04 15:04:07,849 - agents.agent_manager - INFO - windows2022_div-ootb-2024-03-28 Rapid7 False
2025-09-04 15:04:07,874 - agents.agent_manager - INFO - GLRESITSV031 CheckMK True
2025-09-04 15:04:07,875 - agents.agent_manager - INFO - GLRESITSV031 GLPI False
2025-09-04 15:04:07,875 - agents.agent_manager - INFO - GLRESITSV031 Rapid7 False
2025-09-04 15:04:07,900 - agents.agent_manager - INFO - DED-0012 CheckMK True
2025-09-04 15:04:07,901 - agents.agent_manager - INFO - DED-0012 GLPI True
2025-09-04 15:04:07,901 - agents.agent_manager - INFO - DED-0012 Rapid7 False
2025-09-04 15:04:07,925 - agents.agent_manager - INFO - windows2022_vcic-ootb-2024-03-28 CheckMK False
2025-09-04 15:04:07,926 - agents.agent_manager - INFO - windows2022_vcic-ootb-2024-03-28 GLPI False
2025-09-04 15:04:07,926 - agents.agent_manager - INFO - windows2022_vcic-ootb-2024-03-28 Rapid7 False
2025-09-04 15:04:07,952 - agents.agent_manager - INFO - GLRESITSV035 CheckMK False
2025-09-04 15:04:07,952 - agents.agent_manager - INFO - GLRESITSV035 GLPI True
2025-09-04 15:04:07,953 - agents.agent_manager - INFO - GLRESITSV035 Rapid7 False
2025-09-04 15:04:07,980 - agents.agent_manager - INFO - GLRESITSV030 CheckMK True
2025-09-04 15:04:07,981 - agents.agent_manager - INFO - GLRESITSV030 GLPI True
2025-09-04 15:04:07,981 - agents.agent_manager - INFO - GLRESITSV030 Rapid7 False
2025-09-04 15:04:08,010 - agents.agent_manager - INFO - DGC-0004 CheckMK True
2025-09-04 15:04:08,011 - agents.agent_manager - INFO - DGC-0004 GLPI True
2025-09-04 15:04:08,011 - agents.agent_manager - INFO - DGC-0004 Rapid7 False
2025-09-04 15:04:08,039 - agents.agent_manager - INFO - VCFHOMADFSWAP52 CheckMK False
2025-09-04 15:04:08,040 - agents.agent_manager - INFO - VCFHOMADFSWAP52 GLPI False
2025-09-04 15:04:08,040 - agents.agent_manager - INFO - VCFHOMADFSWAP52 Rapid7 False
2025-09-04 15:04:08,066 - agents.agent_manager - INFO - FRHQSV1024 CheckMK True
2025-09-04 15:04:08,066 - agents.agent_manager - INFO - FRHQSV1024 GLPI True
2025-09-04 15:04:08,067 - agents.agent_manager - INFO - FRHQSV1024 Rapid7 False
2025-09-04 15:04:08,097 - agents.agent_manager - INFO - DGC-0030 CheckMK True
2025-09-04 15:04:08,097 - agents.agent_manager - INFO - DGC-0030 GLPI True
2025-09-04 15:04:08,097 - agents.agent_manager - INFO - DGC-0030 Rapid7 False
2025-09-04 15:04:08,128 - agents.agent_manager - INFO - FRHQSV964 CheckMK True
2025-09-04 15:04:08,128 - agents.agent_manager - INFO - FRHQSV964 GLPI True
2025-09-04 15:04:08,129 - agents.agent_manager - INFO - FRHQSV964 Rapid7 False
2025-09-04 15:04:08,161 - agents.agent_manager - INFO - vicpocdprgfbe02 CheckMK True
2025-09-04 15:04:08,162 - agents.agent_manager - INFO - vicpocdprgfbe02 GLPI True
2025-09-04 15:04:08,162 - agents.agent_manager - INFO - vicpocdprgfbe02 Rapid7 False
2025-09-04 15:04:08,196 - agents.agent_manager - INFO - DGC-0046 CheckMK True
2025-09-04 15:04:08,196 - agents.agent_manager - INFO - DGC-0046 GLPI True
2025-09-04 15:04:08,197 - agents.agent_manager - INFO - DGC-0046 Rapid7 False
2025-09-04 15:04:08,226 - agents.agent_manager - INFO - CAQCHQDC003 CheckMK False
2025-09-04 15:04:08,227 - agents.agent_manager - INFO - CAQCHQDC003 GLPI False
2025-09-04 15:04:08,227 - agents.agent_manager - INFO - CAQCHQDC003 Rapid7 False
2025-09-04 15:04:08,250 - agents.agent_manager - INFO - VGPPRDSQL02 CheckMK False
2025-09-04 15:04:08,251 - agents.agent_manager - INFO - VGPPRDSQL02 GLPI False
2025-09-04 15:04:08,251 - agents.agent_manager - INFO - VGPPRDSQL02 Rapid7 False
2025-09-04 15:04:08,278 - agents.agent_manager - INFO - SOFPRDSOFAPP002 CheckMK False
2025-09-04 15:04:08,278 - agents.agent_manager - INFO - SOFPRDSOFAPP002 GLPI False
2025-09-04 15:04:08,279 - agents.agent_manager - INFO - SOFPRDSOFAPP002 Rapid7 False
2025-09-04 15:04:08,302 - agents.agent_manager - INFO - RESPKI CheckMK True
2025-09-04 15:04:08,303 - agents.agent_manager - INFO - RESPKI GLPI True
2025-09-04 15:04:08,303 - agents.agent_manager - INFO - RESPKI Rapid7 False
2025-09-04 15:04:08,337 - agents.agent_manager - INFO - DED-0015 CheckMK True
2025-09-04 15:04:08,338 - agents.agent_manager - INFO - DED-0015 GLPI True
2025-09-04 15:04:08,338 - agents.agent_manager - INFO - DED-0015 Rapid7 False
2025-09-04 15:04:08,362 - agents.agent_manager - INFO - FRHQSV023 CheckMK True
2025-09-04 15:04:08,362 - agents.agent_manager - INFO - FRHQSV023 GLPI True
2025-09-04 15:04:08,362 - agents.agent_manager - INFO - FRHQSV023 Rapid7 False
2025-09-04 15:04:08,393 - agents.agent_manager - INFO - DED-0011 CheckMK True
2025-09-04 15:04:08,393 - agents.agent_manager - INFO - DED-0011 GLPI True
2025-09-04 15:04:08,394 - agents.agent_manager - INFO - DED-0011 Rapid7 False
2025-09-04 15:04:08,427 - agents.agent_manager - INFO - GLRESITSV903 CheckMK True
2025-09-04 15:04:08,427 - agents.agent_manager - INFO - GLRESITSV903 GLPI True
2025-09-04 15:04:08,427 - agents.agent_manager - INFO - GLRESITSV903 Rapid7 False
2025-09-04 15:04:08,458 - agents.agent_manager - INFO - DGC-0060 CheckMK True
2025-09-04 15:04:08,459 - agents.agent_manager - INFO - DGC-0060 GLPI True
2025-09-04 15:04:08,459 - agents.agent_manager - INFO - DGC-0060 Rapid7 False
2025-09-04 15:04:08,489 - agents.agent_manager - INFO - zenith-platform-21-1-12-nondev-9545 CheckMK False
2025-09-04 15:04:08,490 - agents.agent_manager - INFO - zenith-platform-21-1-12-nondev-9545 GLPI False
2025-09-04 15:04:08,490 - agents.agent_manager - INFO - zenith-platform-21-1-12-nondev-9545 Rapid7 False
2025-09-04 15:04:08,516 - agents.agent_manager - INFO - DGC-0026 CheckMK True
2025-09-04 15:04:08,517 - agents.agent_manager - INFO - DGC-0026 GLPI True
2025-09-04 15:04:08,517 - agents.agent_manager - INFO - DGC-0026 Rapid7 False
2025-09-04 15:04:08,549 - agents.agent_manager - INFO - FRHQSV1026 CheckMK True
2025-09-04 15:04:08,549 - agents.agent_manager - INFO - FRHQSV1026 GLPI True
2025-09-04 15:04:08,550 - agents.agent_manager - INFO - FRHQSV1026 Rapid7 False
2025-09-04 15:04:08,578 - agents.agent_manager - INFO - DED-0004 CheckMK True
2025-09-04 15:04:08,579 - agents.agent_manager - INFO - DED-0004 GLPI True
2025-09-04 15:04:08,579 - agents.agent_manager - INFO - DED-0004 Rapid7 False
2025-09-04 15:04:08,604 - agents.agent_manager - INFO - ZSCALER-PREPROD CheckMK False
2025-09-04 15:04:08,605 - agents.agent_manager - INFO - ZSCALER-PREPROD GLPI False
2025-09-04 15:04:08,605 - agents.agent_manager - INFO - ZSCALER-PREPROD Rapid7 False
2025-09-04 15:04:08,629 - agents.agent_manager - INFO - DGC-0057 CheckMK True
2025-09-04 15:04:08,630 - agents.agent_manager - INFO - DGC-0057 GLPI True
2025-09-04 15:04:08,630 - agents.agent_manager - INFO - DGC-0057 Rapid7 False
2025-09-04 15:04:08,660 - agents.agent_manager - INFO - FRHQSV972 CheckMK True
2025-09-04 15:04:08,660 - agents.agent_manager - INFO - FRHQSV972 GLPI True
2025-09-04 15:04:08,660 - agents.agent_manager - INFO - FRHQSV972 Rapid7 False
2025-09-04 15:04:08,691 - agents.agent_manager - INFO - DED-0017 CheckMK True
2025-09-04 15:04:08,692 - agents.agent_manager - INFO - DED-0017 GLPI True
2025-09-04 15:04:08,692 - agents.agent_manager - INFO - DED-0017 Rapid7 False
2025-09-04 15:04:08,725 - agents.agent_manager - INFO - GLRESITSV904 CheckMK True
2025-09-04 15:04:08,726 - agents.agent_manager - INFO - GLRESITSV904 GLPI True
2025-09-04 15:04:08,726 - agents.agent_manager - INFO - GLRESITSV904 Rapid7 False
2025-09-04 15:04:08,756 - agents.agent_manager - INFO - DED-0005 CheckMK True
2025-09-04 15:04:08,756 - agents.agent_manager - INFO - DED-0005 GLPI True
2025-09-04 15:04:08,757 - agents.agent_manager - INFO - DED-0005 Rapid7 False
2025-09-04 15:04:08,782 - agents.agent_manager - INFO - FRHQVM044 CheckMK False
2025-09-04 15:04:08,783 - agents.agent_manager - INFO - FRHQVM044 GLPI False
2025-09-04 15:04:08,783 - agents.agent_manager - INFO - FRHQVM044 Rapid7 False
2025-09-04 15:04:08,807 - agents.agent_manager - INFO - DGC-0028 CheckMK True
2025-09-04 15:04:08,808 - agents.agent_manager - INFO - DGC-0028 GLPI True
2025-09-04 15:04:08,808 - agents.agent_manager - INFO - DGC-0028 Rapid7 False
2025-09-04 15:04:08,834 - agents.agent_manager - INFO - FRHQSV1028 CheckMK True
2025-09-04 15:04:08,835 - agents.agent_manager - INFO - FRHQSV1028 GLPI True
2025-09-04 15:04:08,835 - agents.agent_manager - INFO - FRHQSV1028 Rapid7 False
2025-09-04 15:04:08,865 - agents.agent_manager - INFO - DED-0019 CheckMK True
2025-09-04 15:04:08,866 - agents.agent_manager - INFO - DED-0019 GLPI True
2025-09-04 15:04:08,866 - agents.agent_manager - INFO - DED-0019 Rapid7 False
2025-09-04 15:04:08,890 - agents.agent_manager - INFO - DGC-0020 CheckMK True
2025-09-04 15:04:08,890 - agents.agent_manager - INFO - DGC-0020 GLPI True
2025-09-04 15:04:08,890 - agents.agent_manager - INFO - DGC-0020 Rapid7 False
2025-09-04 15:04:08,920 - agents.agent_manager - INFO - redhat87-ootb-2023-09-25 CheckMK False
2025-09-04 15:04:08,921 - agents.agent_manager - INFO - redhat87-ootb-2023-09-25 GLPI False
2025-09-04 15:04:08,921 - agents.agent_manager - INFO - redhat87-ootb-2023-09-25 Rapid7 False
2025-09-04 15:04:08,945 - agents.agent_manager - INFO - EAD3-FR3 CheckMK False
2025-09-04 15:04:08,946 - agents.agent_manager - INFO - EAD3-FR3 GLPI False
2025-09-04 15:04:08,946 - agents.agent_manager - INFO - EAD3-FR3 Rapid7 False
2025-09-04 15:04:08,973 - agents.agent_manager - INFO - DGC-0029 CheckMK True
2025-09-04 15:04:08,973 - agents.agent_manager - INFO - DGC-0029 GLPI True
2025-09-04 15:04:08,974 - agents.agent_manager - INFO - DGC-0029 Rapid7 False
2025-09-04 15:04:09,002 - agents.agent_manager - INFO - DGC-0027 CheckMK True
2025-09-04 15:04:09,003 - agents.agent_manager - INFO - DGC-0027 GLPI True
2025-09-04 15:04:09,003 - agents.agent_manager - INFO - DGC-0027 Rapid7 False
2025-09-04 15:04:09,035 - agents.agent_manager - INFO - FRHQSV1031 CheckMK True
2025-09-04 15:04:09,035 - agents.agent_manager - INFO - FRHQSV1031 GLPI True
2025-09-04 15:04:09,036 - agents.agent_manager - INFO - FRHQSV1031 Rapid7 False
2025-09-04 15:04:09,068 - agents.agent_manager - INFO - vicprdldomfbe03 CheckMK True
2025-09-04 15:04:09,069 - agents.agent_manager - INFO - vicprdldomfbe03 GLPI True
2025-09-04 15:04:09,069 - agents.agent_manager - INFO - vicprdldomfbe03 Rapid7 False
2025-09-04 15:04:09,097 - agents.agent_manager - INFO - FRHQDC905 CheckMK True
2025-09-04 15:04:09,098 - agents.agent_manager - INFO - FRHQDC905 GLPI True
2025-09-04 15:04:09,098 - agents.agent_manager - INFO - FRHQDC905 Rapid7 False
2025-09-04 15:04:09,129 - agents.agent_manager - INFO - DGC-0048 CheckMK True
2025-09-04 15:04:09,129 - agents.agent_manager - INFO - DGC-0048 GLPI True
2025-09-04 15:04:09,130 - agents.agent_manager - INFO - DGC-0048 Rapid7 False
2025-09-04 15:04:09,161 - agents.agent_manager - INFO - export CheckMK False
2025-09-04 15:04:09,161 - agents.agent_manager - INFO - export GLPI False
2025-09-04 15:04:09,162 - agents.agent_manager - INFO - export Rapid7 False
2025-09-04 15:04:09,190 - agents.agent_manager - INFO - DED-0003 CheckMK True
2025-09-04 15:04:09,191 - agents.agent_manager - INFO - DED-0003 GLPI True
2025-09-04 15:04:09,191 - agents.agent_manager - INFO - DED-0003 Rapid7 False
2025-09-04 15:04:09,215 - agents.agent_manager - INFO - FRHQDC904 CheckMK True
2025-09-04 15:04:09,215 - agents.agent_manager - INFO - FRHQDC904 GLPI True
2025-09-04 15:04:09,215 - agents.agent_manager - INFO - FRHQDC904 Rapid7 False
2025-09-04 15:04:09,247 - agents.agent_manager - INFO - DGC-0033 CheckMK True
2025-09-04 15:04:09,248 - agents.agent_manager - INFO - DGC-0033 GLPI True
2025-09-04 15:04:09,248 - agents.agent_manager - INFO - DGC-0033 Rapid7 False
2025-09-04 15:04:09,278 - agents.agent_manager - INFO - Checkmk virt1 CheckMK False
2025-09-04 15:04:09,279 - agents.agent_manager - INFO - Checkmk virt1 GLPI False
2025-09-04 15:04:09,279 - agents.agent_manager - INFO - Checkmk virt1 Rapid7 False
2025-09-04 15:04:09,306 - agents.agent_manager - INFO - vicppdglpifbe02 CheckMK True
2025-09-04 15:04:09,307 - agents.agent_manager - INFO - vicppdglpifbe02 GLPI True
2025-09-04 15:04:09,307 - agents.agent_manager - INFO - vicppdglpifbe02 Rapid7 False
2025-09-04 15:04:09,335 - agents.agent_manager - INFO - EUR1046 CheckMK False
2025-09-04 15:04:09,336 - agents.agent_manager - INFO - EUR1046 GLPI False
2025-09-04 15:04:09,336 - agents.agent_manager - INFO - EUR1046 Rapid7 False
2025-09-04 15:04:09,362 - agents.agent_manager - INFO - DED-0002 CheckMK False
2025-09-04 15:04:09,363 - agents.agent_manager - INFO - DED-0002 GLPI True
2025-09-04 15:04:09,363 - agents.agent_manager - INFO - DED-0002 Rapid7 False
2025-09-04 15:04:09,389 - agents.agent_manager - INFO - zpa-connector-el9-2024.06.05 CheckMK False
2025-09-04 15:04:09,390 - agents.agent_manager - INFO - zpa-connector-el9-2024.06.05 GLPI False
2025-09-04 15:04:09,390 - agents.agent_manager - INFO - zpa-connector-el9-2024.06.05 Rapid7 False
2025-09-04 15:04:09,416 - agents.agent_manager - INFO - vicppdsccmfil01 CheckMK False
2025-09-04 15:04:09,417 - agents.agent_manager - INFO - vicppdsccmfil01 GLPI True
2025-09-04 15:04:09,417 - agents.agent_manager - INFO - vicppdsccmfil01 Rapid7 False
2025-09-04 15:04:09,449 - agents.agent_manager - INFO - EUR1053 CheckMK False
2025-09-04 15:04:09,450 - agents.agent_manager - INFO - EUR1053 GLPI False
2025-09-04 15:04:09,450 - agents.agent_manager - INFO - EUR1053 Rapid7 False
2025-09-04 15:04:09,476 - agents.agent_manager - INFO - vicppdsccmdps01 CheckMK False
2025-09-04 15:04:09,477 - agents.agent_manager - INFO - vicppdsccmdps01 GLPI True
2025-09-04 15:04:09,477 - agents.agent_manager - INFO - vicppdsccmdps01 Rapid7 False
2025-09-04 15:04:09,505 - agents.agent_manager - INFO - EUR1049 CheckMK False
2025-09-04 15:04:09,505 - agents.agent_manager - INFO - EUR1049 GLPI False
2025-09-04 15:04:09,505 - agents.agent_manager - INFO - EUR1049 Rapid7 False
2025-09-04 15:04:09,532 - agents.agent_manager - INFO - vicppdsccmfbe01 CheckMK False
2025-09-04 15:04:09,532 - agents.agent_manager - INFO - vicppdsccmfbe01 GLPI True
2025-09-04 15:04:09,533 - agents.agent_manager - INFO - vicppdsccmfbe01 Rapid7 False
2025-09-04 15:04:09,562 - agents.agent_manager - INFO - INTE72 CheckMK True
2025-09-04 15:04:09,563 - agents.agent_manager - INFO - INTE72 GLPI True
2025-09-04 15:04:09,563 - agents.agent_manager - INFO - INTE72 Rapid7 False
2025-09-04 15:04:09,592 - agents.agent_manager - INFO - vicppdsccmpri01 CheckMK False
2025-09-04 15:04:09,592 - agents.agent_manager - INFO - vicppdsccmpri01 GLPI True
2025-09-04 15:04:09,592 - agents.agent_manager - INFO - vicppdsccmpri01 Rapid7 False
2025-09-04 15:04:09,623 - agents.agent_manager - INFO - GLRESITSV912 CheckMK True
2025-09-04 15:04:09,624 - agents.agent_manager - INFO - GLRESITSV912 GLPI True
2025-09-04 15:04:09,624 - agents.agent_manager - INFO - GLRESITSV912 Rapid7 False
2025-09-04 15:04:09,653 - agents.agent_manager - INFO - hldprdfilefbe01 CheckMK True
2025-09-04 15:04:09,653 - agents.agent_manager - INFO - hldprdfilefbe01 GLPI True
2025-09-04 15:04:09,655 - agents.agent_manager - INFO - hldprdfilefbe01 Rapid7 False
2025-09-04 15:04:09,684 - agents.agent_manager - INFO - EUR1048 CheckMK False
2025-09-04 15:04:09,685 - agents.agent_manager - INFO - EUR1048 GLPI False
2025-09-04 15:04:09,685 - agents.agent_manager - INFO - EUR1048 Rapid7 False
2025-09-04 15:04:09,712 - agents.agent_manager - INFO - vicppdsccmsql01 CheckMK True
2025-09-04 15:04:09,713 - agents.agent_manager - INFO - vicppdsccmsql01 GLPI True
2025-09-04 15:04:09,713 - agents.agent_manager - INFO - vicppdsccmsql01 Rapid7 False
2025-09-04 15:04:09,745 - agents.agent_manager - INFO - GLRESITSV913 CheckMK True
2025-09-04 15:04:09,746 - agents.agent_manager - INFO - GLRESITSV913 GLPI True
2025-09-04 15:04:09,746 - agents.agent_manager - INFO - GLRESITSV913 Rapid7 False
2025-09-04 15:04:09,777 - agents.agent_manager - INFO - vicdevadmntrt03 CheckMK True
2025-09-04 15:04:09,778 - agents.agent_manager - INFO - vicdevadmntrt03 GLPI True
2025-09-04 15:04:09,778 - agents.agent_manager - INFO - vicdevadmntrt03 Rapid7 False
2025-09-04 15:04:09,808 - agents.agent_manager - INFO - FRHQSV1033 CheckMK True
2025-09-04 15:04:09,809 - agents.agent_manager - INFO - FRHQSV1033 GLPI True
2025-09-04 15:04:09,809 - agents.agent_manager - INFO - FRHQSV1033 Rapid7 False
2025-09-04 15:04:09,842 - agents.agent_manager - INFO - vicprdcsgpfbe01 CheckMK True
2025-09-04 15:04:09,842 - agents.agent_manager - INFO - vicprdcsgpfbe01 GLPI True
2025-09-04 15:04:09,843 - agents.agent_manager - INFO - vicprdcsgpfbe01 Rapid7 False
2025-09-04 15:04:09,874 - agents.agent_manager - INFO - EUR1047 CheckMK False
2025-09-04 15:04:09,875 - agents.agent_manager - INFO - EUR1047 GLPI False
2025-09-04 15:04:09,876 - agents.agent_manager - INFO - EUR1047 Rapid7 False
2025-09-04 15:04:09,902 - agents.agent_manager - INFO - vicdevadmnfbe01 CheckMK True
2025-09-04 15:04:09,903 - agents.agent_manager - INFO - vicdevadmnfbe01 GLPI True
2025-09-04 15:04:09,903 - agents.agent_manager - INFO - vicdevadmnfbe01 Rapid7 False
2025-09-04 15:04:09,935 - agents.agent_manager - INFO - vicprdnetwgtw07 CheckMK False
2025-09-04 15:04:09,935 - agents.agent_manager - INFO - vicprdnetwgtw07 GLPI False
2025-09-04 15:04:09,935 - agents.agent_manager - INFO - vicprdnetwgtw07 Rapid7 False
2025-09-04 15:04:09,963 - agents.agent_manager - INFO - vicprdcsgpfbe02 CheckMK True
2025-09-04 15:04:09,964 - agents.agent_manager - INFO - vicprdcsgpfbe02 GLPI True
2025-09-04 15:04:09,964 - agents.agent_manager - INFO - vicprdcsgpfbe02 Rapid7 False
2025-09-04 15:04:09,997 - agents.agent_manager - INFO - vicprdnetwgtw06 CheckMK False
2025-09-04 15:04:09,998 - agents.agent_manager - INFO - vicprdnetwgtw06 GLPI False
2025-09-04 15:04:09,998 - agents.agent_manager - INFO - vicprdnetwgtw06 Rapid7 False
2025-09-04 15:04:10,026 - agents.agent_manager - INFO - vicreccsgpfbe02 CheckMK True
2025-09-04 15:04:10,026 - agents.agent_manager - INFO - vicreccsgpfbe02 GLPI True
2025-09-04 15:04:10,027 - agents.agent_manager - INFO - vicreccsgpfbe02 Rapid7 False
2025-09-04 15:04:10,061 - agents.agent_manager - INFO - FRHQSV1034 CheckMK True
2025-09-04 15:04:10,062 - agents.agent_manager - INFO - FRHQSV1034 GLPI True
2025-09-04 15:04:10,062 - agents.agent_manager - INFO - FRHQSV1034 Rapid7 False
2025-09-04 15:04:10,095 - agents.agent_manager - INFO - vicprdocratrt10 CheckMK True
2025-09-04 15:04:10,096 - agents.agent_manager - INFO - vicprdocratrt10 GLPI True
2025-09-04 15:04:10,096 - agents.agent_manager - INFO - vicprdocratrt10 Rapid7 False
2025-09-04 15:04:10,131 - agents.agent_manager - INFO - GLRESITSV914 CheckMK True
2025-09-04 15:04:10,132 - agents.agent_manager - INFO - GLRESITSV914 GLPI True
2025-09-04 15:04:10,132 - agents.agent_manager - INFO - GLRESITSV914 Rapid7 False
2025-09-04 15:04:10,164 - agents.agent_manager - INFO - vicprdocratrt07 CheckMK True
2025-09-04 15:04:10,165 - agents.agent_manager - INFO - vicprdocratrt07 GLPI True
2025-09-04 15:04:10,165 - agents.agent_manager - INFO - vicprdocratrt07 Rapid7 False
2025-09-04 15:04:10,199 - agents.agent_manager - INFO - FRHQSV037 CheckMK True
2025-09-04 15:04:10,199 - agents.agent_manager - INFO - FRHQSV037 GLPI True
2025-09-04 15:04:10,200 - agents.agent_manager - INFO - FRHQSV037 Rapid7 False
2025-09-04 15:04:10,233 - agents.agent_manager - INFO - vicprdcsgpfbe03 CheckMK True
2025-09-04 15:04:10,234 - agents.agent_manager - INFO - vicprdcsgpfbe03 GLPI True
2025-09-04 15:04:10,234 - agents.agent_manager - INFO - vicprdcsgpfbe03 Rapid7 False
2025-09-04 15:04:10,263 - agents.agent_manager - INFO - GLRESITSV909 CheckMK True
2025-09-04 15:04:10,264 - agents.agent_manager - INFO - GLRESITSV909 GLPI False
2025-09-04 15:04:10,264 - agents.agent_manager - INFO - GLRESITSV909 Rapid7 False
2025-09-04 15:04:10,289 - agents.agent_manager - INFO - FRHQSV1045 CheckMK False
2025-09-04 15:04:10,290 - agents.agent_manager - INFO - FRHQSV1045 GLPI False
2025-09-04 15:04:10,290 - agents.agent_manager - INFO - FRHQSV1045 Rapid7 False
2025-09-04 15:04:10,314 - agents.agent_manager - INFO - vicprdcsgpfbe08 CheckMK True
2025-09-04 15:04:10,315 - agents.agent_manager - INFO - vicprdcsgpfbe08 GLPI True
2025-09-04 15:04:10,315 - agents.agent_manager - INFO - vicprdcsgpfbe08 Rapid7 False
2025-09-04 15:04:10,347 - agents.agent_manager - INFO - FRHQSV1037 CheckMK True
2025-09-04 15:04:10,348 - agents.agent_manager - INFO - FRHQSV1037 GLPI True
2025-09-04 15:04:10,348 - agents.agent_manager - INFO - FRHQSV1037 Rapid7 False
2025-09-04 15:04:10,380 - agents.agent_manager - INFO - vicprdocratrt05 CheckMK True
2025-09-04 15:04:10,380 - agents.agent_manager - INFO - vicprdocratrt05 GLPI True
2025-09-04 15:04:10,381 - agents.agent_manager - INFO - vicprdocratrt05 Rapid7 False
2025-09-04 15:04:10,412 - agents.agent_manager - INFO - prod-us-east-1 CheckMK False
2025-09-04 15:04:10,413 - agents.agent_manager - INFO - prod-us-east-1 GLPI False
2025-09-04 15:04:10,414 - agents.agent_manager - INFO - prod-us-east-1 Rapid7 False
2025-09-04 15:04:10,439 - agents.agent_manager - INFO - vicprdcsgpfbe05 CheckMK True
2025-09-04 15:04:10,440 - agents.agent_manager - INFO - vicprdcsgpfbe05 GLPI True
2025-09-04 15:04:10,440 - agents.agent_manager - INFO - vicprdcsgpfbe05 Rapid7 False
2025-09-04 15:04:10,474 - agents.agent_manager - INFO - FRHQSV1044 CheckMK True
2025-09-04 15:04:10,474 - agents.agent_manager - INFO - FRHQSV1044 GLPI True
2025-09-04 15:04:10,475 - agents.agent_manager - INFO - FRHQSV1044 Rapid7 False
2025-09-04 15:04:10,506 - agents.agent_manager - INFO - vicprdocratrt06 CheckMK True
2025-09-04 15:04:10,508 - agents.agent_manager - INFO - vicprdocratrt06 GLPI True
2025-09-04 15:04:10,508 - agents.agent_manager - INFO - vicprdocratrt06 Rapid7 False
2025-09-04 15:04:10,541 - agents.agent_manager - INFO - FRHQSV1038 CheckMK True
2025-09-04 15:04:10,543 - agents.agent_manager - INFO - FRHQSV1038 GLPI True
2025-09-04 15:04:10,543 - agents.agent_manager - INFO - FRHQSV1038 Rapid7 False
2025-09-04 15:04:10,576 - agents.agent_manager - INFO - vicprdocratrt09 CheckMK True
2025-09-04 15:04:10,577 - agents.agent_manager - INFO - vicprdocratrt09 GLPI True
2025-09-04 15:04:10,577 - agents.agent_manager - INFO - vicprdocratrt09 Rapid7 False
2025-09-04 15:04:10,609 - agents.agent_manager - INFO - VMware vSAN Witness Appliance CheckMK False
2025-09-04 15:04:10,610 - agents.agent_manager - INFO - VMware vSAN Witness Appliance GLPI False
2025-09-04 15:04:10,610 - agents.agent_manager - INFO - VMware vSAN Witness Appliance Rapid7 False
2025-09-04 15:04:10,634 - agents.agent_manager - INFO - victstvcntesb02 CheckMK True
2025-09-04 15:04:10,635 - agents.agent_manager - INFO - victstvcntesb02 GLPI True
2025-09-04 15:04:10,635 - agents.agent_manager - INFO - victstvcntesb02 Rapid7 False
2025-09-04 15:04:10,665 - agents.agent_manager - INFO - vicprdnetwgtw05 CheckMK False
2025-09-04 15:04:10,665 - agents.agent_manager - INFO - vicprdnetwgtw05 GLPI False
2025-09-04 15:04:10,665 - agents.agent_manager - INFO - vicprdnetwgtw05 Rapid7 False
2025-09-04 15:04:10,699 - agents.agent_manager - INFO - VICPPDMULTADM01 CheckMK True
2025-09-04 15:04:10,699 - agents.agent_manager - INFO - VICPPDMULTADM01 GLPI True
2025-09-04 15:04:10,699 - agents.agent_manager - INFO - VICPPDMULTADM01 Rapid7 False
2025-09-04 15:04:10,734 - agents.agent_manager - INFO - GLRESITSV006 CheckMK True
2025-09-04 15:04:10,735 - agents.agent_manager - INFO - GLRESITSV006 GLPI True
2025-09-04 15:04:10,735 - agents.agent_manager - INFO - GLRESITSV006 Rapid7 False
2025-09-04 15:04:10,768 - agents.agent_manager - INFO - vicppdvcntjob03 CheckMK True
2025-09-04 15:04:10,768 - agents.agent_manager - INFO - vicppdvcntjob03 GLPI True
2025-09-04 15:04:10,768 - agents.agent_manager - INFO - vicppdvcntjob03 Rapid7 False
2025-09-04 15:04:10,801 - agents.agent_manager - INFO - EUR1022-RESTO CheckMK False
2025-09-04 15:04:10,801 - agents.agent_manager - INFO - EUR1022-RESTO GLPI False
2025-09-04 15:04:10,801 - agents.agent_manager - INFO - EUR1022-RESTO Rapid7 False
2025-09-04 15:04:10,825 - agents.agent_manager - INFO - victstvcnttac02 CheckMK True
2025-09-04 15:04:10,825 - agents.agent_manager - INFO - victstvcnttac02 GLPI True
2025-09-04 15:04:10,825 - agents.agent_manager - INFO - victstvcnttac02 Rapid7 False
2025-09-04 15:04:10,857 - agents.agent_manager - INFO - vicdevvcnttac02 CheckMK True
2025-09-04 15:04:10,857 - agents.agent_manager - INFO - vicdevvcnttac02 GLPI True
2025-09-04 15:04:10,858 - agents.agent_manager - INFO - vicdevvcnttac02 Rapid7 False
2025-09-04 15:04:10,903 - agents.agent_manager - INFO - VICPPDZSCLFBE02 CheckMK False
2025-09-04 15:04:10,903 - agents.agent_manager - INFO - VICPPDZSCLFBE02 GLPI False
2025-09-04 15:04:10,904 - agents.agent_manager - INFO - VICPPDZSCLFBE02 Rapid7 False
2025-09-04 15:04:10,929 - agents.agent_manager - INFO - vicppdvcntnfs02 CheckMK True
2025-09-04 15:04:10,929 - agents.agent_manager - INFO - vicppdvcntnfs02 GLPI True
2025-09-04 15:04:10,930 - agents.agent_manager - INFO - vicppdvcntnfs02 Rapid7 False
2025-09-04 15:04:10,967 - agents.agent_manager - INFO - FRHQSV1032 CheckMK True
2025-09-04 15:04:10,968 - agents.agent_manager - INFO - FRHQSV1032 GLPI True
2025-09-04 15:04:10,968 - agents.agent_manager - INFO - FRHQSV1032 Rapid7 False
2025-09-04 15:04:11,000 - agents.agent_manager - INFO - vicppdvcnttac04 CheckMK True
2025-09-04 15:04:11,001 - agents.agent_manager - INFO - vicppdvcnttac04 GLPI True
2025-09-04 15:04:11,001 - agents.agent_manager - INFO - vicppdvcnttac04 Rapid7 False
2025-09-04 15:04:11,032 - agents.agent_manager - INFO - zpa-connector-el9-2025.03 CheckMK False
2025-09-04 15:04:11,033 - agents.agent_manager - INFO - zpa-connector-el9-2025.03 GLPI False
2025-09-04 15:04:11,033 - agents.agent_manager - INFO - zpa-connector-el9-2025.03 Rapid7 False
2025-09-04 15:04:11,060 - agents.agent_manager - INFO - FRHQSV1036 CheckMK True
2025-09-04 15:04:11,061 - agents.agent_manager - INFO - FRHQSV1036 GLPI True
2025-09-04 15:04:11,061 - agents.agent_manager - INFO - FRHQSV1036 Rapid7 False
2025-09-04 15:04:11,093 - agents.agent_manager - INFO - SOFPRDSFFRFIL01 CheckMK False
2025-09-04 15:04:11,093 - agents.agent_manager - INFO - SOFPRDSFFRFIL01 GLPI False
2025-09-04 15:04:11,094 - agents.agent_manager - INFO - SOFPRDSFFRFIL01 Rapid7 False
2025-09-04 15:04:11,119 - agents.agent_manager - INFO - vicprdvsanwit07 CheckMK False
2025-09-04 15:04:11,119 - agents.agent_manager - INFO - vicprdvsanwit07 GLPI False
2025-09-04 15:04:11,119 - agents.agent_manager - INFO - vicprdvsanwit07 Rapid7 False
2025-09-04 15:04:11,143 - agents.agent_manager - INFO - vicppdvcntesb04 CheckMK True
2025-09-04 15:04:11,144 - agents.agent_manager - INFO - vicppdvcntesb04 GLPI True
2025-09-04 15:04:11,144 - agents.agent_manager - INFO - vicppdvcntesb04 Rapid7 False
2025-09-04 15:04:11,176 - agents.agent_manager - INFO - vicprdvsanwit06 CheckMK False
2025-09-04 15:04:11,176 - agents.agent_manager - INFO - vicprdvsanwit06 GLPI False
2025-09-04 15:04:11,177 - agents.agent_manager - INFO - vicprdvsanwit06 Rapid7 False
2025-09-04 15:04:11,201 - agents.agent_manager - INFO - victstvcntnfs02 CheckMK True
2025-09-04 15:04:11,201 - agents.agent_manager - INFO - victstvcntnfs02 GLPI True
2025-09-04 15:04:11,202 - agents.agent_manager - INFO - victstvcntnfs02 Rapid7 False
2025-09-04 15:04:11,232 - agents.agent_manager - INFO - vicprdnetwgtw15 CheckMK False
2025-09-04 15:04:11,233 - agents.agent_manager - INFO - vicprdnetwgtw15 GLPI False
2025-09-04 15:04:11,233 - agents.agent_manager - INFO - vicprdnetwgtw15 Rapid7 False
2025-09-04 15:04:11,259 - agents.agent_manager - INFO - vicppdvcntesb03 CheckMK True
2025-09-04 15:04:11,260 - agents.agent_manager - INFO - vicppdvcntesb03 GLPI True
2025-09-04 15:04:11,260 - agents.agent_manager - INFO - vicppdvcntesb03 Rapid7 False
2025-09-04 15:04:11,293 - agents.agent_manager - INFO - victstvsanwit08 CheckMK False
2025-09-04 15:04:11,293 - agents.agent_manager - INFO - victstvsanwit08 GLPI False
2025-09-04 15:04:11,294 - agents.agent_manager - INFO - victstvsanwit08 Rapid7 False
2025-09-04 15:04:11,321 - agents.agent_manager - INFO - vicdevvcntnfs02 CheckMK True
2025-09-04 15:04:11,321 - agents.agent_manager - INFO - vicdevvcntnfs02 GLPI True
2025-09-04 15:04:11,321 - agents.agent_manager - INFO - vicdevvcntnfs02 Rapid7 False
2025-09-04 15:04:11,352 - agents.agent_manager - INFO - VICPRDZSCLFBE02 CheckMK False
2025-09-04 15:04:11,353 - agents.agent_manager - INFO - VICPRDZSCLFBE02 GLPI False
2025-09-04 15:04:11,353 - agents.agent_manager - INFO - VICPRDZSCLFBE02 Rapid7 False
2025-09-04 15:04:11,379 - agents.agent_manager - INFO - vicppdvcntlog02 CheckMK True
2025-09-04 15:04:11,379 - agents.agent_manager - INFO - vicppdvcntlog02 GLPI True
2025-09-04 15:04:11,380 - agents.agent_manager - INFO - vicppdvcntlog02 Rapid7 False
2025-09-04 15:04:11,414 - agents.agent_manager - INFO - victstatykfbe01 CheckMK True
2025-09-04 15:04:11,415 - agents.agent_manager - INFO - victstatykfbe01 GLPI True
2025-09-04 15:04:11,415 - agents.agent_manager - INFO - victstatykfbe01 Rapid7 False
2025-09-04 15:04:11,447 - agents.agent_manager - INFO - VICPPDZSCLFBE01 CheckMK False
2025-09-04 15:04:11,447 - agents.agent_manager - INFO - VICPPDZSCLFBE01 GLPI False
2025-09-04 15:04:11,447 - agents.agent_manager - INFO - VICPPDZSCLFBE01 Rapid7 False
2025-09-04 15:04:11,475 - agents.agent_manager - INFO - VICPRDZSCLFBE01 CheckMK False
2025-09-04 15:04:11,475 - agents.agent_manager - INFO - VICPRDZSCLFBE01 GLPI False
2025-09-04 15:04:11,476 - agents.agent_manager - INFO - VICPRDZSCLFBE01 Rapid7 False
2025-09-04 15:04:11,500 - agents.agent_manager - INFO - vicdevvcntesb02 CheckMK True
2025-09-04 15:04:11,500 - agents.agent_manager - INFO - vicdevvcntesb02 GLPI True
2025-09-04 15:04:11,501 - agents.agent_manager - INFO - vicdevvcntesb02 Rapid7 False
2025-09-04 15:04:11,534 - agents.agent_manager - INFO - victstvcntdsh01 CheckMK True
2025-09-04 15:04:11,535 - agents.agent_manager - INFO - victstvcntdsh01 GLPI True
2025-09-04 15:04:11,535 - agents.agent_manager - INFO - victstvcntdsh01 Rapid7 False
2025-09-04 15:04:11,566 - agents.agent_manager - INFO - EUR1031 CheckMK True
2025-09-04 15:04:11,567 - agents.agent_manager - INFO - EUR1031 GLPI True
2025-09-04 15:04:11,567 - agents.agent_manager - INFO - EUR1031 Rapid7 False
2025-09-04 15:04:11,601 - agents.agent_manager - INFO - victstvcntjob02 CheckMK True
2025-09-04 15:04:11,602 - agents.agent_manager - INFO - victstvcntjob02 GLPI True
2025-09-04 15:04:11,602 - agents.agent_manager - INFO - victstvcntjob02 Rapid7 False
2025-09-04 15:04:11,638 - agents.agent_manager - INFO - vicprdchmkfbe05 CheckMK False
2025-09-04 15:04:11,639 - agents.agent_manager - INFO - vicprdchmkfbe05 GLPI False
2025-09-04 15:04:11,639 - agents.agent_manager - INFO - vicprdchmkfbe05 Rapid7 False
2025-09-04 15:04:11,673 - agents.agent_manager - INFO - FRHQSV1043 CheckMK True
2025-09-04 15:04:11,673 - agents.agent_manager - INFO - FRHQSV1043 GLPI True
2025-09-04 15:04:11,674 - agents.agent_manager - INFO - FRHQSV1043 Rapid7 False
2025-09-04 15:04:11,708 - agents.agent_manager - INFO - victstvcntmdb01 CheckMK True
2025-09-04 15:04:11,709 - agents.agent_manager - INFO - victstvcntmdb01 GLPI True
2025-09-04 15:04:11,710 - agents.agent_manager - INFO - victstvcntmdb01 Rapid7 False
2025-09-04 15:04:11,744 - agents.agent_manager - INFO - victstvcntgtw01 CheckMK True
2025-09-04 15:04:11,744 - agents.agent_manager - INFO - victstvcntgtw01 GLPI True
2025-09-04 15:04:11,745 - agents.agent_manager - INFO - victstvcntgtw01 Rapid7 False
2025-09-04 15:04:11,777 - agents.agent_manager - INFO - vicprdnetwgtw16 CheckMK False
2025-09-04 15:04:11,777 - agents.agent_manager - INFO - vicprdnetwgtw16 GLPI False
2025-09-04 15:04:11,778 - agents.agent_manager - INFO - vicprdnetwgtw16 Rapid7 False
2025-09-04 15:04:11,803 - agents.agent_manager - INFO - vicppdvcnttac03 CheckMK True
2025-09-04 15:04:11,804 - agents.agent_manager - INFO - vicppdvcnttac03 GLPI True
2025-09-04 15:04:11,804 - agents.agent_manager - INFO - vicppdvcnttac03 Rapid7 False
2025-09-04 15:04:11,840 - agents.agent_manager - INFO - FRHQVM046 CheckMK True
2025-09-04 15:04:11,840 - agents.agent_manager - INFO - FRHQVM046 GLPI True
2025-09-04 15:04:11,841 - agents.agent_manager - INFO - FRHQVM046 Rapid7 False
2025-09-04 15:04:11,871 - agents.agent_manager - INFO - EUR1018 CheckMK True
2025-09-04 15:04:11,872 - agents.agent_manager - INFO - EUR1018 GLPI True
2025-09-04 15:04:11,872 - agents.agent_manager - INFO - EUR1018 Rapid7 False
2025-09-04 15:04:11,905 - agents.agent_manager - INFO - vicppdvcntjob04 CheckMK True
2025-09-04 15:04:11,906 - agents.agent_manager - INFO - vicppdvcntjob04 GLPI True
2025-09-04 15:04:11,906 - agents.agent_manager - INFO - vicppdvcntjob04 Rapid7 False
2025-09-04 15:04:11,943 - agents.agent_manager - INFO - FRHQSV926 CheckMK True
2025-09-04 15:04:11,944 - agents.agent_manager - INFO - FRHQSV926 GLPI True
2025-09-04 15:04:11,944 - agents.agent_manager - INFO - FRHQSV926 Rapid7 False
2025-09-04 15:04:11,977 - agents.agent_manager - INFO - vicprdvulnapp01 CheckMK True
2025-09-04 15:04:11,978 - agents.agent_manager - INFO - vicprdvulnapp01 GLPI True
2025-09-04 15:04:11,978 - agents.agent_manager - INFO - vicprdvulnapp01 Rapid7 False
2025-09-04 15:04:12,009 - agents.agent_manager - INFO - FRHQSV906 CheckMK True
2025-09-04 15:04:12,009 - agents.agent_manager - INFO - FRHQSV906 GLPI True
2025-09-04 15:04:12,010 - agents.agent_manager - INFO - FRHQSV906 Rapid7 False
2025-09-04 15:04:12,039 - agents.agent_manager - INFO - VIN-0042 CheckMK False
2025-09-04 15:04:12,039 - agents.agent_manager - INFO - VIN-0042 GLPI False
2025-09-04 15:04:12,040 - agents.agent_manager - INFO - VIN-0042 Rapid7 False
2025-09-04 15:04:12,067 - agents.agent_manager - INFO - FRHQSV977 CheckMK True
2025-09-04 15:04:12,067 - agents.agent_manager - INFO - FRHQSV977 GLPI True
2025-09-04 15:04:12,068 - agents.agent_manager - INFO - FRHQSV977 Rapid7 False
2025-09-04 15:04:12,098 - agents.agent_manager - INFO - vicdevvcntjob02 CheckMK True
2025-09-04 15:04:12,098 - agents.agent_manager - INFO - vicdevvcntjob02 GLPI True
2025-09-04 15:04:12,098 - agents.agent_manager - INFO - vicdevvcntjob02 Rapid7 False
2025-09-04 15:04:12,128 - agents.agent_manager - INFO - GLRESITSV028 CheckMK True
2025-09-04 15:04:12,129 - agents.agent_manager - INFO - GLRESITSV028 GLPI True
2025-09-04 15:04:12,130 - agents.agent_manager - INFO - GLRESITSV028 Rapid7 False
2025-09-04 15:04:12,160 - agents.agent_manager - INFO - VIN-0047 CheckMK True
2025-09-04 15:04:12,160 - agents.agent_manager - INFO - VIN-0047 GLPI True
2025-09-04 15:04:12,161 - agents.agent_manager - INFO - VIN-0047 Rapid7 False
2025-09-04 15:04:12,189 - agents.agent_manager - INFO - CZFRA000DC002 CheckMK False
2025-09-04 15:04:12,190 - agents.agent_manager - INFO - CZFRA000DC002 GLPI False
2025-09-04 15:04:12,190 - agents.agent_manager - INFO - CZFRA000DC002 Rapid7 False
2025-09-04 15:04:12,214 - agents.agent_manager - INFO - vicprdpgasfbe10 CheckMK True
2025-09-04 15:04:12,217 - agents.agent_manager - INFO - vicprdpgasfbe10 GLPI True
2025-09-04 15:04:12,217 - agents.agent_manager - INFO - vicprdpgasfbe10 Rapid7 False
2025-09-04 15:04:12,248 - agents.agent_manager - INFO - FRHQSV971 CheckMK True
2025-09-04 15:04:12,248 - agents.agent_manager - INFO - FRHQSV971 GLPI True
2025-09-04 15:04:12,248 - agents.agent_manager - INFO - FRHQSV971 Rapid7 False
2025-09-04 15:04:12,278 - agents.agent_manager - INFO - vicprdpgasfbe03 CheckMK True
2025-09-04 15:04:12,279 - agents.agent_manager - INFO - vicprdpgasfbe03 GLPI True
2025-09-04 15:04:12,279 - agents.agent_manager - INFO - vicprdpgasfbe03 Rapid7 False
2025-09-04 15:04:12,311 - agents.agent_manager - INFO - vicprdpgasfbe04 CheckMK True
2025-09-04 15:04:12,312 - agents.agent_manager - INFO - vicprdpgasfbe04 GLPI True
2025-09-04 15:04:12,312 - agents.agent_manager - INFO - vicprdpgasfbe04 Rapid7 False
2025-09-04 15:04:12,343 - agents.agent_manager - INFO - EUR1021 CheckMK True
2025-09-04 15:04:12,344 - agents.agent_manager - INFO - EUR1021 GLPI True
2025-09-04 15:04:12,344 - agents.agent_manager - INFO - EUR1021 Rapid7 False
2025-09-04 15:04:12,375 - agents.agent_manager - INFO - vicprdsseiapp01 CheckMK True
2025-09-04 15:04:12,375 - agents.agent_manager - INFO - vicprdsseiapp01 GLPI True
2025-09-04 15:04:12,376 - agents.agent_manager - INFO - vicprdsseiapp01 Rapid7 False
2025-09-04 15:04:12,405 - agents.agent_manager - INFO - FRHQSV907 CheckMK True
2025-09-04 15:04:12,406 - agents.agent_manager - INFO - FRHQSV907 GLPI True
2025-09-04 15:04:12,406 - agents.agent_manager - INFO - FRHQSV907 Rapid7 False
2025-09-04 15:04:12,437 - agents.agent_manager - INFO - UKFRA000DC002 CheckMK False
2025-09-04 15:04:12,437 - agents.agent_manager - INFO - UKFRA000DC002 GLPI False
2025-09-04 15:04:12,438 - agents.agent_manager - INFO - UKFRA000DC002 Rapid7 False
2025-09-04 15:04:12,462 - agents.agent_manager - INFO - vicprdpgasfbe02 CheckMK True
2025-09-04 15:04:12,463 - agents.agent_manager - INFO - vicprdpgasfbe02 GLPI True
2025-09-04 15:04:12,464 - agents.agent_manager - INFO - vicprdpgasfbe02 Rapid7 False
2025-09-04 15:04:12,499 - agents.agent_manager - INFO - GLRESITSV025 CheckMK True
2025-09-04 15:04:12,500 - agents.agent_manager - INFO - GLRESITSV025 GLPI True
2025-09-04 15:04:12,500 - agents.agent_manager - INFO - GLRESITSV025 Rapid7 False
2025-09-04 15:04:12,533 - agents.agent_manager - INFO - vicprdsseifbe01 CheckMK True
2025-09-04 15:04:12,534 - agents.agent_manager - INFO - vicprdsseifbe01 GLPI True
2025-09-04 15:04:12,534 - agents.agent_manager - INFO - vicprdsseifbe01 Rapid7 False
2025-09-04 15:04:12,565 - agents.agent_manager - INFO - vicprdpgasfbe01 CheckMK True
2025-09-04 15:04:12,566 - agents.agent_manager - INFO - vicprdpgasfbe01 GLPI True
2025-09-04 15:04:12,566 - agents.agent_manager - INFO - vicprdpgasfbe01 Rapid7 False
2025-09-04 15:04:12,601 - agents.agent_manager - INFO - GLRESITSV023 CheckMK True
2025-09-04 15:04:12,602 - agents.agent_manager - INFO - GLRESITSV023 GLPI True
2025-09-04 15:04:12,602 - agents.agent_manager - INFO - GLRESITSV023 Rapid7 False
2025-09-04 15:04:12,633 - agents.agent_manager - INFO - vicppdsseifbe01 CheckMK True
2025-09-04 15:04:12,634 - agents.agent_manager - INFO - vicppdsseifbe01 GLPI True
2025-09-04 15:04:12,634 - agents.agent_manager - INFO - vicppdsseifbe01 Rapid7 False
2025-09-04 15:04:12,668 - agents.agent_manager - INFO - FRHQSV946 CheckMK True
2025-09-04 15:04:12,669 - agents.agent_manager - INFO - FRHQSV946 GLPI True
2025-09-04 15:04:12,669 - agents.agent_manager - INFO - FRHQSV946 Rapid7 False
2025-09-04 15:04:12,705 - agents.agent_manager - INFO - vicdevsseifbe02 CheckMK True
2025-09-04 15:04:12,705 - agents.agent_manager - INFO - vicdevsseifbe02 GLPI True
2025-09-04 15:04:12,705 - agents.agent_manager - INFO - vicdevsseifbe02 Rapid7 False
2025-09-04 15:04:12,740 - agents.agent_manager - INFO - FRHQSV927 CheckMK True
2025-09-04 15:04:12,741 - agents.agent_manager - INFO - FRHQSV927 GLPI True
2025-09-04 15:04:12,741 - agents.agent_manager - INFO - FRHQSV927 Rapid7 False
2025-09-04 15:04:12,772 - agents.agent_manager - INFO - FRHQSV913 CheckMK False
2025-09-04 15:04:12,773 - agents.agent_manager - INFO - FRHQSV913 GLPI True
2025-09-04 15:04:12,773 - agents.agent_manager - INFO - FRHQSV913 Rapid7 False
2025-09-04 15:04:12,807 - agents.agent_manager - INFO - vicprdpgasfbe09 CheckMK True
2025-09-04 15:04:12,807 - agents.agent_manager - INFO - vicprdpgasfbe09 GLPI True
2025-09-04 15:04:12,808 - agents.agent_manager - INFO - vicprdpgasfbe09 Rapid7 False
2025-09-04 15:04:12,841 - agents.agent_manager - INFO - FRHQSV067 CheckMK True
2025-09-04 15:04:12,842 - agents.agent_manager - INFO - FRHQSV067 GLPI True
2025-09-04 15:04:12,842 - agents.agent_manager - INFO - FRHQSV067 Rapid7 False
2025-09-04 15:04:12,874 - agents.agent_manager - INFO - vicppdsseiapp01 CheckMK True
2025-09-04 15:04:12,874 - agents.agent_manager - INFO - vicppdsseiapp01 GLPI True
2025-09-04 15:04:12,875 - agents.agent_manager - INFO - vicppdsseiapp01 Rapid7 False
2025-09-04 15:04:12,905 - agents.agent_manager - INFO - vicdevsseiapp01 CheckMK True
2025-09-04 15:04:12,905 - agents.agent_manager - INFO - vicdevsseiapp01 GLPI True
2025-09-04 15:04:12,905 - agents.agent_manager - INFO - vicdevsseiapp01 Rapid7 False
2025-09-04 15:04:12,937 - agents.agent_manager - INFO - FortiAnalyzer CheckMK False
2025-09-04 15:04:12,938 - agents.agent_manager - INFO - FortiAnalyzer GLPI False
2025-09-04 15:04:12,938 - agents.agent_manager - INFO - FortiAnalyzer Rapid7 False
2025-09-04 15:04:12,962 - agents.agent_manager - INFO - vicdevsseifbe01 CheckMK True
2025-09-04 15:04:12,963 - agents.agent_manager - INFO - vicdevsseifbe01 GLPI True
2025-09-04 15:04:12,963 - agents.agent_manager - INFO - vicdevsseifbe01 Rapid7 False
2025-09-04 15:04:12,995 - agents.agent_manager - INFO - GLRESITSV022 CheckMK True
2025-09-04 15:04:12,996 - agents.agent_manager - INFO - GLRESITSV022 GLPI True
2025-09-04 15:04:12,996 - agents.agent_manager - INFO - GLRESITSV022 Rapid7 False
2025-09-04 15:04:13,026 - agents.agent_manager - INFO - vicdevsseiapp02 CheckMK True
2025-09-04 15:04:13,027 - agents.agent_manager - INFO - vicdevsseiapp02 GLPI True
2025-09-04 15:04:13,027 - agents.agent_manager - INFO - vicdevsseiapp02 Rapid7 False
2025-09-04 15:04:13,069 - agents.agent_manager - INFO - EUR1011 CheckMK True
2025-09-04 15:04:13,069 - agents.agent_manager - INFO - EUR1011 GLPI True
2025-09-04 15:04:13,070 - agents.agent_manager - INFO - EUR1011 Rapid7 False
2025-09-04 15:04:13,101 - agents.agent_manager - INFO - GLRESITSV024 CheckMK False
2025-09-04 15:04:13,101 - agents.agent_manager - INFO - GLRESITSV024 GLPI True
2025-09-04 15:04:13,102 - agents.agent_manager - INFO - GLRESITSV024 Rapid7 False
2025-09-04 15:04:13,132 - agents.agent_manager - INFO - vicrecpgasfbe01 CheckMK True
2025-09-04 15:04:13,132 - agents.agent_manager - INFO - vicrecpgasfbe01 GLPI True
2025-09-04 15:04:13,133 - agents.agent_manager - INFO - vicrecpgasfbe01 Rapid7 False
2025-09-04 15:04:13,161 - agents.agent_manager - INFO - GLRESITSV019 CheckMK False
2025-09-04 15:04:13,179 - agents.agent_manager - INFO - GLRESITSV019 GLPI True
2025-09-04 15:04:13,179 - agents.agent_manager - INFO - GLRESITSV019 Rapid7 False
2025-09-04 15:04:13,211 - agents.agent_manager - INFO - vicprdmrdsweb03 CheckMK True
2025-09-04 15:04:13,211 - agents.agent_manager - INFO - vicprdmrdsweb03 GLPI True
2025-09-04 15:04:13,212 - agents.agent_manager - INFO - vicprdmrdsweb03 Rapid7 False
2025-09-04 15:04:13,253 - agents.agent_manager - INFO - EUR1022 CheckMK False
2025-09-04 15:04:13,253 - agents.agent_manager - INFO - EUR1022 GLPI False
2025-09-04 15:04:13,254 - agents.agent_manager - INFO - EUR1022 Rapid7 False
2025-09-04 15:04:13,282 - agents.agent_manager - INFO - vicprdinfrlic01 CheckMK True
2025-09-04 15:04:13,282 - agents.agent_manager - INFO - vicprdinfrlic01 GLPI True
2025-09-04 15:04:13,283 - agents.agent_manager - INFO - vicprdinfrlic01 Rapid7 False
2025-09-04 15:04:13,312 - agents.agent_manager - INFO - USFRA000DC002 CheckMK False
2025-09-04 15:04:13,313 - agents.agent_manager - INFO - USFRA000DC002 GLPI False
2025-09-04 15:04:13,314 - agents.agent_manager - INFO - USFRA000DC002 Rapid7 False
2025-09-04 15:04:13,339 - agents.agent_manager - INFO - vicprdpshlapp02 CheckMK True
2025-09-04 15:04:13,340 - agents.agent_manager - INFO - vicprdpshlapp02 GLPI True
2025-09-04 15:04:13,340 - agents.agent_manager - INFO - vicprdpshlapp02 Rapid7 False
2025-09-04 15:04:13,375 - agents.agent_manager - INFO - FRHQSV979 CheckMK True
2025-09-04 15:04:13,375 - agents.agent_manager - INFO - FRHQSV979 GLPI True
2025-09-04 15:04:13,375 - agents.agent_manager - INFO - FRHQSV979 Rapid7 False
2025-09-04 15:04:13,406 - agents.agent_manager - INFO - VICPRDEXCHCLI02 CheckMK False
2025-09-04 15:04:13,407 - agents.agent_manager - INFO - VICPRDEXCHCLI02 GLPI True
2025-09-04 15:04:13,408 - agents.agent_manager - INFO - VICPRDEXCHCLI02 Rapid7 False
2025-09-04 15:04:13,436 - agents.agent_manager - INFO - EUR1026 CheckMK True
2025-09-04 15:04:13,437 - agents.agent_manager - INFO - EUR1026 GLPI True
2025-09-04 15:04:13,437 - agents.agent_manager - INFO - EUR1026 Rapid7 False
2025-09-04 15:04:13,468 - agents.agent_manager - INFO - vicprdinfrpwd02 CheckMK True
2025-09-04 15:04:13,469 - agents.agent_manager - INFO - vicprdinfrpwd02 GLPI True
2025-09-04 15:04:13,469 - agents.agent_manager - INFO - vicprdinfrpwd02 Rapid7 False
2025-09-04 15:04:13,499 - agents.agent_manager - INFO - EUR1025 CheckMK True
2025-09-04 15:04:13,499 - agents.agent_manager - INFO - EUR1025 GLPI True
2025-09-04 15:04:13,499 - agents.agent_manager - INFO - EUR1025 Rapid7 False
2025-09-04 15:04:13,530 - agents.agent_manager - INFO - VICPRDEXCHFSW02 CheckMK False
2025-09-04 15:04:13,530 - agents.agent_manager - INFO - VICPRDEXCHFSW02 GLPI True
2025-09-04 15:04:13,531 - agents.agent_manager - INFO - VICPRDEXCHFSW02 Rapid7 False
2025-09-04 15:04:13,561 - agents.agent_manager - INFO - vicprdinfrsql02 CheckMK True
2025-09-04 15:04:13,561 - agents.agent_manager - INFO - vicprdinfrsql02 GLPI True
2025-09-04 15:04:13,562 - agents.agent_manager - INFO - vicprdinfrsql02 Rapid7 False
2025-09-04 15:04:13,591 - agents.agent_manager - INFO - FRHQLB001 CheckMK False
2025-09-04 15:04:13,592 - agents.agent_manager - INFO - FRHQLB001 GLPI False
2025-09-04 15:04:13,592 - agents.agent_manager - INFO - FRHQLB001 Rapid7 False
2025-09-04 15:04:13,616 - agents.agent_manager - INFO - INTE73 CheckMK True
2025-09-04 15:04:13,617 - agents.agent_manager - INFO - INTE73 GLPI True
2025-09-04 15:04:13,617 - agents.agent_manager - INFO - INTE73 Rapid7 False
2025-09-04 15:04:13,646 - agents.agent_manager - INFO - vicdevnetwtrt01 CheckMK True
2025-09-04 15:04:13,646 - agents.agent_manager - INFO - vicdevnetwtrt01 GLPI True
2025-09-04 15:04:13,646 - agents.agent_manager - INFO - vicdevnetwtrt01 Rapid7 False
2025-09-04 15:04:13,676 - agents.agent_manager - INFO - FRHQSV954 CheckMK True
2025-09-04 15:04:13,676 - agents.agent_manager - INFO - FRHQSV954 GLPI True
2025-09-04 15:04:13,677 - agents.agent_manager - INFO - FRHQSV954 Rapid7 False
2025-09-04 15:04:13,707 - agents.agent_manager - INFO - vicprdvcntesb07 CheckMK True
2025-09-04 15:04:13,707 - agents.agent_manager - INFO - vicprdvcntesb07 GLPI True
2025-09-04 15:04:13,707 - agents.agent_manager - INFO - vicprdvcntesb07 Rapid7 False
2025-09-04 15:04:13,736 - agents.agent_manager - INFO - vicprdvcntnxs02 CheckMK True
2025-09-04 15:04:13,737 - agents.agent_manager - INFO - vicprdvcntnxs02 GLPI True
2025-09-04 15:04:13,737 - agents.agent_manager - INFO - vicprdvcntnxs02 Rapid7 False
2025-09-04 15:04:13,771 - agents.agent_manager - INFO - ZSCALER CheckMK True
2025-09-04 15:04:13,771 - agents.agent_manager - INFO - ZSCALER GLPI True
2025-09-04 15:04:13,772 - agents.agent_manager - INFO - ZSCALER Rapid7 False
2025-09-04 15:04:13,803 - agents.agent_manager - INFO - vicprdvcnttac04 CheckMK True
2025-09-04 15:04:13,804 - agents.agent_manager - INFO - vicprdvcnttac04 GLPI True
2025-09-04 15:04:13,804 - agents.agent_manager - INFO - vicprdvcnttac04 Rapid7 False
2025-09-04 15:04:13,834 - agents.agent_manager - INFO - FRHQSV199 CheckMK True
2025-09-04 15:04:13,834 - agents.agent_manager - INFO - FRHQSV199 GLPI True
2025-09-04 15:04:13,835 - agents.agent_manager - INFO - FRHQSV199 Rapid7 False
2025-09-04 15:04:13,866 - agents.agent_manager - INFO - vicprdvcnttac03 CheckMK True
2025-09-04 15:04:13,867 - agents.agent_manager - INFO - vicprdvcnttac03 GLPI True
2025-09-04 15:04:13,867 - agents.agent_manager - INFO - vicprdvcnttac03 Rapid7 False
2025-09-04 15:04:13,895 - agents.agent_manager - INFO - GLRESITSV018 CheckMK False
2025-09-04 15:04:13,895 - agents.agent_manager - INFO - GLRESITSV018 GLPI True
2025-09-04 15:04:13,895 - agents.agent_manager - INFO - GLRESITSV018 Rapid7 False
2025-09-04 15:04:13,925 - agents.agent_manager - INFO - vicprdvcntesb06 CheckMK True
2025-09-04 15:04:13,926 - agents.agent_manager - INFO - vicprdvcntesb06 GLPI True
2025-09-04 15:04:13,926 - agents.agent_manager - INFO - vicprdvcntesb06 Rapid7 False
2025-09-04 15:04:13,957 - agents.agent_manager - INFO - FRHQMLTSV001 CheckMK True
2025-09-04 15:04:13,958 - agents.agent_manager - INFO - FRHQMLTSV001 GLPI False
2025-09-04 15:04:13,958 - agents.agent_manager - INFO - FRHQMLTSV001 Rapid7 False
2025-09-04 15:04:13,985 - agents.agent_manager - INFO - vicprdvcntjob04 CheckMK True
2025-09-04 15:04:13,986 - agents.agent_manager - INFO - vicprdvcntjob04 GLPI True
2025-09-04 15:04:13,986 - agents.agent_manager - INFO - vicprdvcntjob04 Rapid7 False
2025-09-04 15:04:14,015 - agents.agent_manager - INFO - FRHQLB002 CheckMK False
2025-09-04 15:04:14,016 - agents.agent_manager - INFO - FRHQLB002 GLPI False
2025-09-04 15:04:14,016 - agents.agent_manager - INFO - FRHQLB002 Rapid7 False
2025-09-04 15:04:14,040 - agents.agent_manager - INFO - vicprdvcntlog02 CheckMK True
2025-09-04 15:04:14,040 - agents.agent_manager - INFO - vicprdvcntlog02 GLPI True
2025-09-04 15:04:14,040 - agents.agent_manager - INFO - vicprdvcntlog02 Rapid7 False
2025-09-04 15:04:14,070 - agents.agent_manager - INFO - EUR1028 CheckMK True
2025-09-04 15:04:14,071 - agents.agent_manager - INFO - EUR1028 GLPI True
2025-09-04 15:04:14,071 - agents.agent_manager - INFO - EUR1028 Rapid7 False
2025-09-04 15:04:14,100 - agents.agent_manager - INFO - vicprdvcntnfs02 CheckMK True
2025-09-04 15:04:14,100 - agents.agent_manager - INFO - vicprdvcntnfs02 GLPI True
2025-09-04 15:04:14,101 - agents.agent_manager - INFO - vicprdvcntnfs02 Rapid7 False
2025-09-04 15:04:14,128 - agents.agent_manager - INFO - FRHQMLTSV002 CheckMK True
2025-09-04 15:04:14,128 - agents.agent_manager - INFO - FRHQMLTSV002 GLPI False
2025-09-04 15:04:14,128 - agents.agent_manager - INFO - FRHQMLTSV002 Rapid7 False
2025-09-04 15:04:14,157 - agents.agent_manager - INFO - vicprdvcntesb08 CheckMK True
2025-09-04 15:04:14,158 - agents.agent_manager - INFO - vicprdvcntesb08 GLPI True
2025-09-04 15:04:14,158 - agents.agent_manager - INFO - vicprdvcntesb08 Rapid7 False
2025-09-04 15:04:14,186 - agents.agent_manager - INFO - EUR1008 CheckMK True
2025-09-04 15:04:14,186 - agents.agent_manager - INFO - EUR1008 GLPI True
2025-09-04 15:04:14,187 - agents.agent_manager - INFO - EUR1008 Rapid7 False
2025-09-04 15:04:14,217 - agents.agent_manager - INFO - vicprdvcntrds02 CheckMK True
2025-09-04 15:04:14,218 - agents.agent_manager - INFO - vicprdvcntrds02 GLPI True
2025-09-04 15:04:14,218 - agents.agent_manager - INFO - vicprdvcntrds02 Rapid7 False
2025-09-04 15:04:14,245 - agents.agent_manager - INFO - GLRESITSV017 CheckMK True
2025-09-04 15:04:14,245 - agents.agent_manager - INFO - GLRESITSV017 GLPI False
2025-09-04 15:04:14,246 - agents.agent_manager - INFO - GLRESITSV017 Rapid7 False
2025-09-04 15:04:14,277 - agents.agent_manager - INFO - vicprdvcntesb05 CheckMK True
2025-09-04 15:04:14,277 - agents.agent_manager - INFO - vicprdvcntesb05 GLPI True
2025-09-04 15:04:14,277 - agents.agent_manager - INFO - vicprdvcntesb05 Rapid7 False
2025-09-04 15:04:14,305 - agents.agent_manager - INFO - FRHQSV953 CheckMK True
2025-09-04 15:04:14,306 - agents.agent_manager - INFO - FRHQSV953 GLPI True
2025-09-04 15:04:14,306 - agents.agent_manager - INFO - FRHQSV953 Rapid7 False
2025-09-04 15:04:14,336 - agents.agent_manager - INFO - VIN-0052 CheckMK False
2025-09-04 15:04:14,336 - agents.agent_manager - INFO - VIN-0052 GLPI False
2025-09-04 15:04:14,337 - agents.agent_manager - INFO - VIN-0052 Rapid7 False
2025-09-04 15:04:14,361 - agents.agent_manager - INFO - EUR1029 CheckMK True
2025-09-04 15:04:14,362 - agents.agent_manager - INFO - EUR1029 GLPI True
2025-09-04 15:04:14,362 - agents.agent_manager - INFO - EUR1029 Rapid7 False
2025-09-04 15:04:14,391 - agents.agent_manager - INFO - VCFI-APPLI-07 CheckMK False
2025-09-04 15:04:14,392 - agents.agent_manager - INFO - VCFI-APPLI-07 GLPI False
2025-09-04 15:04:14,392 - agents.agent_manager - INFO - VCFI-APPLI-07 Rapid7 False
2025-09-04 15:04:14,414 - agents.agent_manager - INFO - EUR1030 CheckMK True
2025-09-04 15:04:14,415 - agents.agent_manager - INFO - EUR1030 GLPI True
2025-09-04 15:04:14,415 - agents.agent_manager - INFO - EUR1030 Rapid7 False
2025-09-04 15:04:14,441 - agents.agent_manager - INFO - vicprdvcntjob03 CheckMK True
2025-09-04 15:04:14,441 - agents.agent_manager - INFO - vicprdvcntjob03 GLPI True
2025-09-04 15:04:14,442 - agents.agent_manager - INFO - vicprdvcntjob03 Rapid7 False
2025-09-04 15:04:14,472 - agents.agent_manager - INFO - GLRESITSV016 CheckMK True
2025-09-04 15:04:14,472 - agents.agent_manager - INFO - GLRESITSV016 GLPI True
2025-09-04 15:04:14,473 - agents.agent_manager - INFO - GLRESITSV016 Rapid7 False
2025-09-04 15:04:14,503 - agents.agent_manager - INFO - VIN-0050 CheckMK True
2025-09-04 15:04:14,504 - agents.agent_manager - INFO - VIN-0050 GLPI False
2025-09-04 15:04:14,504 - agents.agent_manager - INFO - VIN-0050 Rapid7 False
2025-09-04 15:04:14,529 - agents.agent_manager - INFO - INTE74 CheckMK True
2025-09-04 15:04:14,530 - agents.agent_manager - INFO - INTE74 GLPI True
2025-09-04 15:04:14,531 - agents.agent_manager - INFO - INTE74 Rapid7 False
2025-09-04 15:04:14,559 - agents.agent_manager - INFO - VIN-0044 CheckMK True
2025-09-04 15:04:14,559 - agents.agent_manager - INFO - VIN-0044 GLPI True
2025-09-04 15:04:14,560 - agents.agent_manager - INFO - VIN-0044 Rapid7 False
2025-09-04 15:04:14,594 - agents.agent_manager - INFO - FRHQSV910 CheckMK True
2025-09-04 15:04:14,595 - agents.agent_manager - INFO - FRHQSV910 GLPI True
2025-09-04 15:04:14,595 - agents.agent_manager - INFO - FRHQSV910 Rapid7 False
2025-09-04 15:04:14,625 - agents.agent_manager - INFO - VINPRDOPMGAPP01 CheckMK False
2025-09-04 15:04:14,625 - agents.agent_manager - INFO - VINPRDOPMGAPP01 GLPI False
2025-09-04 15:04:14,626 - agents.agent_manager - INFO - VINPRDOPMGAPP01 Rapid7 False
2025-09-04 15:04:14,649 - agents.agent_manager - INFO - GLRESITSV021 CheckMK True
2025-09-04 15:04:14,650 - agents.agent_manager - INFO - GLRESITSV021 GLPI False
2025-09-04 15:04:14,650 - agents.agent_manager - INFO - GLRESITSV021 Rapid7 False
2025-09-04 15:04:14,679 - agents.agent_manager - INFO - GLRESITSV020 CheckMK True
2025-09-04 15:04:14,680 - agents.agent_manager - INFO - GLRESITSV020 GLPI True
2025-09-04 15:04:14,680 - agents.agent_manager - INFO - GLRESITSV020 Rapid7 False
2025-09-04 15:04:14,709 - agents.agent_manager - INFO - VIN-0018 CheckMK False
2025-09-04 15:04:14,710 - agents.agent_manager - INFO - VIN-0018 GLPI False
2025-09-04 15:04:14,710 - agents.agent_manager - INFO - VIN-0018 Rapid7 False
2025-09-04 15:04:14,733 - agents.agent_manager - INFO - FRHQSV944 CheckMK False
2025-09-04 15:04:14,734 - agents.agent_manager - INFO - FRHQSV944 GLPI False
2025-09-04 15:04:14,735 - agents.agent_manager - INFO - FRHQSV944 Rapid7 False
2025-09-04 15:04:14,761 - agents.agent_manager - INFO - VIN-0051 CheckMK False
2025-09-04 15:04:14,765 - agents.agent_manager - INFO - VIN-0051 GLPI False
2025-09-04 15:04:14,766 - agents.agent_manager - INFO - VIN-0051 Rapid7 False
2025-09-04 15:04:14,791 - agents.agent_manager - INFO - FRHQSV981 CheckMK True
2025-09-04 15:04:14,792 - agents.agent_manager - INFO - FRHQSV981 GLPI True
2025-09-04 15:04:14,792 - agents.agent_manager - INFO - FRHQSV981 Rapid7 False
2025-09-04 15:04:14,825 - agents.agent_manager - INFO - VIN-0049 CheckMK False
2025-09-04 15:04:14,825 - agents.agent_manager - INFO - VIN-0049 GLPI False
2025-09-04 15:04:14,826 - agents.agent_manager - INFO - VIN-0049 Rapid7 False
2025-09-04 15:04:14,852 - agents.agent_manager - INFO - VCFI-APPLI-03 (DOCWARE) CheckMK False
2025-09-04 15:04:14,853 - agents.agent_manager - INFO - VCFI-APPLI-03 (DOCWARE) GLPI False
2025-09-04 15:04:14,853 - agents.agent_manager - INFO - VCFI-APPLI-03 (DOCWARE) Rapid7 False
2025-09-04 15:04:14,876 - agents.agent_manager - INFO - VIN-0019 CheckMK False
2025-09-04 15:04:14,877 - agents.agent_manager - INFO - VIN-0019 GLPI False
2025-09-04 15:04:14,878 - agents.agent_manager - INFO - VIN-0019 Rapid7 False
2025-09-04 15:04:14,900 - agents.agent_manager - INFO - VIN-0030 CheckMK True
2025-09-04 15:04:14,900 - agents.agent_manager - INFO - VIN-0030 GLPI True
2025-09-04 15:04:14,900 - agents.agent_manager - INFO - VIN-0030 Rapid7 False
2025-09-04 15:04:14,927 - agents.agent_manager - INFO - VIN-0043 CheckMK True
2025-09-04 15:04:14,929 - agents.agent_manager - INFO - VIN-0043 GLPI True
2025-09-04 15:04:14,930 - agents.agent_manager - INFO - VIN-0043 Rapid7 False
2025-09-04 15:04:14,962 - agents.agent_manager - INFO - VINPRDVEEAAPP01 CheckMK True
2025-09-04 15:04:14,962 - agents.agent_manager - INFO - VINPRDVEEAAPP01 GLPI True
2025-09-04 15:04:14,963 - agents.agent_manager - INFO - VINPRDVEEAAPP01 Rapid7 False
2025-09-04 15:04:14,991 - agents.agent_manager - INFO - vicprdlippfbe08 CheckMK True
2025-09-04 15:04:14,991 - agents.agent_manager - INFO - vicprdlippfbe08 GLPI True
2025-09-04 15:04:14,991 - agents.agent_manager - INFO - vicprdlippfbe08 Rapid7 False
2025-09-04 15:04:15,021 - agents.agent_manager - INFO - vicppddocwfbe02 CheckMK True
2025-09-04 15:04:15,022 - agents.agent_manager - INFO - vicppddocwfbe02 GLPI True
2025-09-04 15:04:15,022 - agents.agent_manager - INFO - vicppddocwfbe02 Rapid7 False
2025-09-04 15:04:15,052 - agents.agent_manager - INFO - vicppdlippfbe01 CheckMK True
2025-09-04 15:04:15,053 - agents.agent_manager - INFO - vicppdlippfbe01 GLPI True
2025-09-04 15:04:15,053 - agents.agent_manager - INFO - vicppdlippfbe01 Rapid7 False
2025-09-04 15:04:15,084 - agents.agent_manager - INFO - vicppdmatifbe01 CheckMK True
2025-09-04 15:04:15,084 - agents.agent_manager - INFO - vicppdmatifbe01 GLPI True
2025-09-04 15:04:15,085 - agents.agent_manager - INFO - vicppdmatifbe01 Rapid7 False
2025-09-04 15:04:15,115 - agents.agent_manager - INFO - vicrecmatifbe01 CheckMK True
2025-09-04 15:04:15,115 - agents.agent_manager - INFO - vicrecmatifbe01 GLPI True
2025-09-04 15:04:15,115 - agents.agent_manager - INFO - vicrecmatifbe01 Rapid7 False
2025-09-04 15:04:15,144 - agents.agent_manager - INFO - vicprdtoscapp01 CheckMK True
2025-09-04 15:04:15,144 - agents.agent_manager - INFO - vicprdtoscapp01 GLPI True
2025-09-04 15:04:15,144 - agents.agent_manager - INFO - vicprdtoscapp01 Rapid7 False
2025-09-04 15:04:15,176 - agents.agent_manager - INFO - vicprdlippfbe13 CheckMK True
2025-09-04 15:04:15,177 - agents.agent_manager - INFO - vicprdlippfbe13 GLPI True
2025-09-04 15:04:15,177 - agents.agent_manager - INFO - vicprdlippfbe13 Rapid7 False
2025-09-04 15:04:15,206 - agents.agent_manager - INFO - vicprdlippfbe04 CheckMK True
2025-09-04 15:04:15,207 - agents.agent_manager - INFO - vicprdlippfbe04 GLPI True
2025-09-04 15:04:15,207 - agents.agent_manager - INFO - vicprdlippfbe04 Rapid7 False
2025-09-04 15:04:15,237 - agents.agent_manager - INFO - vicprdlippfbe12 CheckMK True
2025-09-04 15:04:15,238 - agents.agent_manager - INFO - vicprdlippfbe12 GLPI True
2025-09-04 15:04:15,238 - agents.agent_manager - INFO - vicprdlippfbe12 Rapid7 False
2025-09-04 15:04:15,269 - agents.agent_manager - INFO - vicprdlippfbe16 CheckMK True
2025-09-04 15:04:15,269 - agents.agent_manager - INFO - vicprdlippfbe16 GLPI True
2025-09-04 15:04:15,270 - agents.agent_manager - INFO - vicprdlippfbe16 Rapid7 False
2025-09-04 15:04:15,301 - agents.agent_manager - INFO - vicprdlippfbe15 CheckMK True
2025-09-04 15:04:15,301 - agents.agent_manager - INFO - vicprdlippfbe15 GLPI True
2025-09-04 15:04:15,302 - agents.agent_manager - INFO - vicprdlippfbe15 Rapid7 False
2025-09-04 15:04:15,333 - agents.agent_manager - INFO - vicprdmsqlapp01 CheckMK True
2025-09-04 15:04:15,333 - agents.agent_manager - INFO - vicprdmsqlapp01 GLPI True
2025-09-04 15:04:15,333 - agents.agent_manager - INFO - vicprdmsqlapp01 Rapid7 False
2025-09-04 15:04:15,365 - agents.agent_manager - INFO - vicprdlippfbe10 CheckMK True
2025-09-04 15:04:15,366 - agents.agent_manager - INFO - vicprdlippfbe10 GLPI True
2025-09-04 15:04:15,366 - agents.agent_manager - INFO - vicprdlippfbe10 Rapid7 False
2025-09-04 15:04:15,397 - agents.agent_manager - INFO - vicprdlippfbe09 CheckMK True
2025-09-04 15:04:15,398 - agents.agent_manager - INFO - vicprdlippfbe09 GLPI True
2025-09-04 15:04:15,398 - agents.agent_manager - INFO - vicprdlippfbe09 Rapid7 False
2025-09-04 15:04:15,430 - agents.agent_manager - INFO - VICPPDCEROCSP01 CheckMK False
2025-09-04 15:04:15,431 - agents.agent_manager - INFO - VICPPDCEROCSP01 GLPI True
2025-09-04 15:04:15,431 - agents.agent_manager - INFO - VICPPDCEROCSP01 Rapid7 False
2025-09-04 15:04:15,458 - agents.agent_manager - INFO - vicprdlippfbe11 CheckMK True
2025-09-04 15:04:15,459 - agents.agent_manager - INFO - vicprdlippfbe11 GLPI True
2025-09-04 15:04:15,459 - agents.agent_manager - INFO - vicprdlippfbe11 Rapid7 False
2025-09-04 15:04:15,489 - agents.agent_manager - INFO - GRPPPDADDSWDC01 CheckMK True
2025-09-04 15:04:15,490 - agents.agent_manager - INFO - GRPPPDADDSWDC01 GLPI True
2025-09-04 15:04:15,490 - agents.agent_manager - INFO - GRPPPDADDSWDC01 Rapid7 False
2025-09-04 15:04:15,520 - agents.agent_manager - INFO - VICPPDCERTFBE01 CheckMK False
2025-09-04 15:04:15,520 - agents.agent_manager - INFO - VICPPDCERTFBE01 GLPI True
2025-09-04 15:04:15,521 - agents.agent_manager - INFO - VICPPDCERTFBE01 Rapid7 False
2025-09-04 15:04:15,547 - agents.agent_manager - INFO - vicppdaddswdc01 CheckMK True
2025-09-04 15:04:15,547 - agents.agent_manager - INFO - vicppdaddswdc01 GLPI True
2025-09-04 15:04:15,548 - agents.agent_manager - INFO - vicppdaddswdc01 Rapid7 False
2025-09-04 15:04:15,579 - agents.agent_manager - INFO - vicuatcicdadm02 CheckMK True
2025-09-04 15:04:15,579 - agents.agent_manager - INFO - vicuatcicdadm02 GLPI True
2025-09-04 15:04:15,579 - agents.agent_manager - INFO - vicuatcicdadm02 Rapid7 False
2025-09-04 15:04:15,611 - agents.agent_manager - INFO - vicpocinfrfbe01 CheckMK True
2025-09-04 15:04:15,611 - agents.agent_manager - INFO - vicpocinfrfbe01 GLPI True
2025-09-04 15:04:15,611 - agents.agent_manager - INFO - vicpocinfrfbe01 Rapid7 False
2025-09-04 15:04:15,642 - agents.agent_manager - INFO - vicppdcertwkg01 CheckMK True
2025-09-04 15:04:15,643 - agents.agent_manager - INFO - vicppdcertwkg01 GLPI True
2025-09-04 15:04:15,643 - agents.agent_manager - INFO - vicppdcertwkg01 Rapid7 False
2025-09-04 15:04:15,673 - agents.agent_manager - INFO - vicppdcertstd01 CheckMK False
2025-09-04 15:04:15,674 - agents.agent_manager - INFO - vicppdcertstd01 GLPI False
2025-09-04 15:04:15,674 - agents.agent_manager - INFO - vicppdcertstd01 Rapid7 False
2025-09-04 15:04:15,698 - agents.agent_manager - INFO - VICPPDADFS01 CheckMK False
2025-09-04 15:04:15,699 - agents.agent_manager - INFO - VICPPDADFS01 GLPI True
2025-09-04 15:04:15,699 - agents.agent_manager - INFO - VICPPDADFS01 Rapid7 False
2025-09-04 15:04:15,725 - agents.agent_manager - INFO - EXTPPDADDSWDC01 CheckMK True
2025-09-04 15:04:15,726 - agents.agent_manager - INFO - EXTPPDADDSWDC01 GLPI True
2025-09-04 15:04:15,726 - agents.agent_manager - INFO - EXTPPDADDSWDC01 Rapid7 False
2025-09-04 15:04:15,758 - agents.agent_manager - INFO - vicppdaddswdc02 CheckMK True
2025-09-04 15:04:15,758 - agents.agent_manager - INFO - vicppdaddswdc02 GLPI True
2025-09-04 15:04:15,759 - agents.agent_manager - INFO - vicppdaddswdc02 Rapid7 False
2025-09-04 15:04:15,792 - agents.agent_manager - INFO - vicppdcertent01 CheckMK False
2025-09-04 15:04:15,793 - agents.agent_manager - INFO - vicppdcertent01 GLPI False
2025-09-04 15:04:15,793 - agents.agent_manager - INFO - vicppdcertent01 Rapid7 False
2025-09-04 15:04:15,818 - agents.agent_manager - INFO - VICPPDAZACAPP01 CheckMK False
2025-09-04 15:04:15,819 - agents.agent_manager - INFO - VICPPDAZACAPP01 GLPI True
2025-09-04 15:04:15,819 - agents.agent_manager - INFO - VICPPDAZACAPP01 Rapid7 False
2025-09-04 15:04:15,844 - agents.agent_manager - INFO - vicprdmultadm01 CheckMK True
2025-09-04 15:04:15,845 - agents.agent_manager - INFO - vicprdmultadm01 GLPI True
2025-09-04 15:04:15,846 - agents.agent_manager - INFO - vicprdmultadm01 Rapid7 False
2025-09-04 15:04:15,876 - agents.agent_manager - INFO - GRPPPDMULTADM01 CheckMK True
2025-09-04 15:04:15,876 - agents.agent_manager - INFO - GRPPPDMULTADM01 GLPI True
2025-09-04 15:04:15,877 - agents.agent_manager - INFO - GRPPPDMULTADM01 Rapid7 False
2025-09-04 15:04:15,908 - agents.agent_manager - INFO - vicuatcicdadm03 CheckMK True
2025-09-04 15:04:15,909 - agents.agent_manager - INFO - vicuatcicdadm03 GLPI True
2025-09-04 15:04:15,909 - agents.agent_manager - INFO - vicuatcicdadm03 Rapid7 False
2025-09-04 15:04:15,936 - agents.agent_manager - INFO - vicprdldomfbe04 CheckMK True
2025-09-04 15:04:15,937 - agents.agent_manager - INFO - vicprdldomfbe04 GLPI True
2025-09-04 15:04:15,937 - agents.agent_manager - INFO - vicprdldomfbe04 Rapid7 False
2025-09-04 15:04:15,969 - agents.agent_manager - INFO - vicprddmbfapp01 CheckMK True
2025-09-04 15:04:15,970 - agents.agent_manager - INFO - vicprddmbfapp01 GLPI True
2025-09-04 15:04:15,970 - agents.agent_manager - INFO - vicprddmbfapp01 Rapid7 False
2025-09-04 15:04:15,999 - agents.agent_manager - INFO - victstdmattrt01 CheckMK True
2025-09-04 15:04:15,999 - agents.agent_manager - INFO - victstdmattrt01 GLPI True
2025-09-04 15:04:15,999 - agents.agent_manager - INFO - victstdmattrt01 Rapid7 False
